audiencia_id,fecha_audiencia,comprador,mercado,n_productos,fecha_inicio,fecha_fin,cantidad_total_kwh,meses_cubiertos,cantidad_total_gwh,horizonte_meses,fecha_limite_oferta,fecha_audiencia_res,n_oferentes,oferentes_lista,adjudicatario,precio_adj_prom,precio_adj_min,precio_adj_max,cantidad_adj_gwh,cobertura_pct,dias_proceso,pb_dia,pb_prom_30d,pb_min_30d,pb_max_30d,pb_std_30d,pb_trend_30d,pb_prom_60d,pb_min_60d,pb_max_60d,pb_std_60d,pb_trend_60d,pb_prom_90d,pb_min_90d,pb_max_90d,pb_std_90d,pb_trend_90d,spread_vs_pb_dia,spread_vs_pb_30d,spread_vs_pb_90d,pb_relativa_90d,pb_tendencia
CP-BIAC2022-001,2022-09-23,BIAE,REGULADO,4,2022-01-11,2027-12-31,434.54994,12,0.00043454994,73.0,2022-09-13,2022-09-23,1.0,Dclc,Dclc,297.0,278.0,312.0,306.802922004,70602454.1,0.0,226.60250982703332,259.0395541189957,107.7088165684,844.8912918406,68.23362975414078,58.93168291156667,187.52385055493713,100.131751787,844.8912918406,88.0425082953435,118.96694203676664,161.10848594778025,96.2355549161,844.8912918406,81.30488620020166,124.70307991093331,70.39749017296668,37.96044588100432,135.89151405221975,1.406521254879656,subiendo
CP-BIAC2022-002,2022-12-23,BIAE,REGULADO,3,2023-01-02,2038-12-31,1023.929553,12,0.001023929553,195.0,2022-12-12,2022-12-23,1.0,Enermás,Enermás,266.02614525139666,248.9,335.0,695.76629,67950601.5,0.0,419.113694959,279.5530269856602,117.347752135,422.238694959,55.705696639235924,246.09571471036668,231.12667119546722,109.35222155,716.4522991211,72.24433051843401,153.52051816826668,253.2277190972352,109.35222155,916.9295892988,79.38936493684105,219.53167820866668,-153.08754970760333,-13.526881734263554,12.798426154161461,1.6550861669218264,subiendo
CP-BIAC2023-001,2023-04-05,BIAE,REGULADO,3,2023-01-05,2025-12-31,170.556048,12,0.000170556048,36.0,2023-03-23,2023-04-05,1.0,Esprod,Esprod,313.5,313.5,313.5,18.9986832,11139260.9,0.0,144.2343309940999,247.91582123706556,116.6492906011,559.4679781751,107.83593094685614,-357.6632794614999,364.8499628995475,116.6492906011,865.4935478597,167.7908076670246,-655.6666018109338,373.25193264345523,116.6492906011,866.2141478257,171.10483211478928,-416.67635168153356,169.2656690059001,65.58417876293444,-59.751932643455234,0.3864262134494509,bajando
CP-BIAC2023-002,2023-04-21,BIAE,REGULADO,2,2026-01-01,2038-12-31,1253.472,12,0.001253472,158.0,,,,,,,,,,,,319.62709398143335,209.63723547739673,116.9716646035,485.9458171612,69.34458492331804,-21.93130490459987,270.240843384376,116.6492906011,559.4679781751,106.53280198034494,-91.29347605596666,351.79841950000474,116.6492906011,866.2141478257,176.49053253007818,116.65897229843338,,,,0.9085518190664555,bajando
CP-BIAC2023-003,2023-06-23,BIAE,REGULADO,3,2023-01-08,2025-12-31,424245600.0,12,424.2456,36.0,2023-06-08,2023-06-23,1.0,Termotasajero,Termotasajero,365.98,336.98,396.98,175.44,41.4,0.0,846.8458569028663,443.1676055803387,105.1372213856,885.8041902362,185.26778088485676,105.58441752973317,473.8334381992294,105.1372213856,907.7991953145,214.97730244791015,503.7894832133663,385.5558781858809,105.1372213856,907.7991953145,219.78072705169157,610.8153304280996,-480.8658569028663,-77.1876055803387,-19.575878185880867,2.196428338448499,subiendo
CP-BIAC2023-004,2023-08-05,BIAE,REGULADO,2,2023-01-09,2024-12-31,163.710152,12,0.000163710152,24.0,2023-07-25,2023-08-05,1.0,Esprod,Esprod,309.465,309.09,309.59,96.1171553232,58711786.7,0.0,464.1196171028666,517.0902662058171,199.2780355415,748.46574709,80.03286999693356,-148.53244840009978,513.3457817126629,106.8677135048,917.7235984467,132.98687460834805,161.82738576379984,534.857546739552,105.1372213856,917.7235984467,164.80685037923035,109.60228606063328,-154.6546171028666,-207.62526620581713,-225.39254673955207,0.8677443553561166,bajando
CP-BIAC2023-006,2023-10-27,BIAE,REGULADO,1,2023-01-12,2025-12-31,292.608,12,0.000292608,36.0,2023-10-17,2023-10-27,1.0,Nitroenergy,Nitroenergy,376.9764,356.13,444.0,152.78430937535998,52214672.7,0.0,671.8531665283001,1085.6941857424733,398.7988465938,1581.2687472851,161.52586303810085,-369.3074092352331,1025.122799663266,253.8551705066,1581.2687472851,171.4695180092582,309.2784960217,856.6073296609645,100.6493710485,1581.2687472851,296.5756867651414,169.5757863186002,-294.8767665283001,-708.7177857424733,-479.6309296609645,0.7843187225519211,bajando
CP-BIAC2023-007,2023-12-29,BIAE,REGULADO,3,2024-01-02,2038-12-31,2630.28,12,0.00263028,183.0,2023-12-15,2023-12-29,3.0,"Aes, Nmrg, Zonc",Nmrg,395.8978571428571,329.9,546.19,330.75,12574706.9,0.0,332.9909804149335,683.9640179902002,101.7425017524,972.1135240824,187.457979617227,-200.65058283283332,590.821554678105,100.6084262965,1069.0009553452,188.77352153154422,-220.38734080673333,741.3577232579885,100.6084262965,1581.2687472851,296.40168223651443,-679.2299885336001,62.90687672792359,-288.0661608473431,-345.4598661151314,0.44916370325456834,bajando
CP-BIAC2024-001,2024-06-13,BIAE,REGULADO,4,2025-01-01,2029-12-31,517.75,12,0.00051775,61.0,2024-05-29,2024-06-13,1.0,Epm,Epm,315.64000000000004,310.3,320.98,71.9184,13890564.9,0.0,360.14058122630007,320.6380444968312,96.9580797934,944.9231368786,80.4213177503905,137.93345318360016,379.9763672527474,96.0792307093,1203.534033946,259.7565292142856,-676.7126430735336,521.1024314427065,96.0792307093,1267.373097607,311.95106798527445,-197.52844928229973,-44.50058122630003,-4.998044496831142,-205.46243144270642,0.6911128398100679,subiendo
CP-BIAC2024-002,2024-12-11,BIAE,REGULADO,3,2025-01-01,2037-12-31,273.12,12,0.00027312,158.0,,,,,,,,,,,,875.8814983231333,693.4353872996112,101.5480226192,2135.3861089412,162.50788041414802,67.52721216372106,1187.16961738622,101.5480226192,2675.4906932797,616.8855570767895,-132.1100546762667,1216.240269339967,101.5480226192,7235.163800523,825.7292433254037,57.00733150613337,,,,0.7201549894400877,subiendo
CP-BIAC2025-002,2025-06-05,BIAE,REGULADO,6,2026-01-01,2030-12-31,96.344,12,9.6344e-05,61.0,,,,,,,,,,,,111.99609737403335,126.77407144056048,104.6011203545,1028.4095990923,25.791603665964228,-41.671909020366655,127.21859442574495,104.6011203545,1028.4095990923,27.92238612117734,-19.834121845400006,159.56503758204548,104.6011203545,1028.4095990923,57.338285653907235,-75.14495354700006,,,,0.7018836900060076,bajando
CP-BIAC2025-003,2025-07-04,BIAE,REGULADO,4,2026-01-01,2030-12-31,86.556,12,8.6556e-05,61.0,2025-06-19,2025-07-04,2.0,"Enerxia, Termotasajero Dos",Enerxia,382.7,369.0,404.0,27.83,32152594.9,0.0,114.41780931209998,112.90340065334733,104.245030937,824.9015104159,11.999809479501774,7.37502229093333,119.95617551727938,104.245030937,1028.4095990923,21.296980568940523,8.053853273999977,122.63149677734113,104.245030937,1028.4095990923,24.716280912726617,-3.7476015969333503,268.2821906879,269.79659934665267,260.0685032226589,0.9330213878074527,subiendo
CP-BIAC2025-004,2025-08-28,BIAE,REGULADO,3,2026-01-01,2027-12-31,105.07,12,0.00010507,24.0,2025-08-14,2025-08-28,5.0,"Epm, Esprod, Nitroenergy, Santa Fe, Termotasajero Dos",Epm,381.3872727272727,360.0,398.9,90.9,86513752.7,0.0,453.0786864983999,225.53234523818068,101.9382119807,2224.1041157397,79.94208899997247,320.1367226655,178.43305772424756,101.9382119807,2224.1041157397,75.86536756237408,348.7753222280666,156.59185499487143,101.9382119807,2224.1041157397,69.73076640525113,344.00149234676655,-71.6914137711272,155.85492748909203,224.7954177324013,2.893373263336326,subiendo
CP-BIAC2025-005,2025-11-21,BIAE,REGULADO,1,2026-01-01,2026-12-31,26.07,6,2.607e-05,12.0,2025-11-07,2025-11-21,1.0,Biag,Biag,360.0,360.0,360.0,26.07,100000000.0,0.0,270.0514101695333,189.44135391132582,97.8514811963,1079.6145742473,75.78439203153214,146.72987317119998,217.6699021438705,97.8514811963,1186.2553402992,94.95803559516119,-68.2338039581,237.7513966892517,97.8514811963,2218.5058114984,93.22177525352622,41.968937871833305,89.94858983046669,170.55864608867418,122.24860331074831,1.1358562512358181,subiendo
CP-BIAC2025-006,2026-01-16,BIAE,REGULADO,1,2026-02-12,2026-12-31,14.959,7,1.4959e-05,11.0,2026-01-05,2026-01-16,1.0,Biag,Biag,361.2857142857143,358.0,375.0,13.06,87305301.2,0.0,117.5719051323667,276.24745004750645,103.0407952197,443.5997902761,93.83122307430216,-228.6045655703333,255.74643161897322,99.7874692181,835.984765073,76.42683655214005,-68.80898075239993,228.97305203683078,97.8514811963,1079.6145742473,83.25460101962621,-41.934029183233335,243.7138091533476,85.03826423820783,132.3126622488835,0.5134748569165904,bajando
CP-BIAC2026-001,2026-03-03,BIAE,REGULADO,6,2026-04-01,2032-12-31,288.802963836,12,0.000288802963836,82.0,2026-02-18,2026-03-03,4.0,"Aes, Generarco, Isagen, Qi",Aes,368.6845,355.0,394.42,45.19,15647346.3,0.0,118.94534616013335,122.47906610041719,101.9896033652,214.6493386226,12.976473280228928,-51.238909129133404,165.46409462989618,97.5798889926,354.8983116824,65.5209082235627,-215.41320870866667,203.11074320246595,97.5798889926,465.2102848761,88.71479703806752,-111.49663853306664,249.73915383986667,246.20543389958283,165.57375679753406,0.5856181917544637,bajando
CP-CASC2022-001,2022-09-02,ENERCA,REGULADO,3,2023-01-01,2032-12-31,3504.009546,12,0.003504009546,122.0,,,,,,,,,,,,335.2388359877334,165.00096575103655,100.131751787,491.8828766164,81.00281862537354,223.06565230213346,137.89781020983395,97.0966532313,491.8828766164,63.801020898102784,230.6782943852001,126.51932364970992,96.1135375949,491.8828766164,54.63541405014708,231.4759929901001,,,,2.6497046167895952,subiendo
CP-CASC2022-002,2022-11-24,ENERCA,REGULADO,4,2023-01-01,2032-12-31,3611.566019,12,0.003611566019,122.0,2022-11-10,2022-11-24,5.0,"Enermás, Epm, Esprod, Nova Energy, Proenergy",Esprod,250.52307692307693,237.68,295.3,2853.039899976,78997307.1,0.0,184.584252135,178.21265038583653,109.35222155,716.4522991211,46.51901531451448,-60.118880319433316,238.28850519551202,109.35222155,916.9295892988,86.34395147385935,1.6404486690333613,246.0985156916329,107.7088165684,916.9295892988,80.96909643758673,-51.65983968289996,65.93882478807691,72.3104265372404,4.424561231444017,0.7500421187679503,bajando
CP-CASC2023-001,2023-09-06,ENERCA,REGULADO,3,2024-01-01,2033-12-31,2077.489224,12,0.002077489224,122.0,2023-08-24,2023-09-06,6.0,"Epm, Esprod, Generarco, Ia Energía, Isagen, Nitroenergy",Nitroenergy,308.9013644524237,262.08,425.0,1873.7231615553471,90191715.1,0.0,938.9837728268996,608.5110249070829,100.6493710485,993.2587728269,246.0701693567847,531.5403325001328,560.8552380408327,100.6493710485,993.2587728269,188.87330506052837,427.636328313066,549.697335756615,100.6493710485,993.2587728269,181.5379832588712,609.5467406587663,-630.0824083744758,-299.60966045465915,-240.79597130419126,1.7081832342055334,subiendo
CP-CASC2023-002,2023-12-28,ENERCA,REGULADO,1,2024-01-01,2024-12-31,62.9,12,6.29e-05,12.0,,,,,,,,,,,,379.1539336765333,691.8022843091893,101.7425017524,972.1135240824,177.08654236407423,-196.82330262706688,591.3215560623388,100.6084262965,1069.0009553452,188.11848404573553,15.662868823333326,749.0260336273728,100.6084262965,1581.2687472851,294.74136866519035,-651.6532903523662,,,,0.506195935327337,bajando
CP-CASC2024-002,2024-12-17,ENERCA,REGULADO,3,2025-01-01,2034-12-31,1366.23,12,0.00136623,122.0,2024-12-06,2024-12-17,1.0,Esprod,Esprod,396.05555555555554,378.5,418.0,16.4,1200383.5,0.0,1047.0581743952337,727.2761163839388,101.5480226192,1612.6321394625,194.59076050962048,518.8011599327336,1137.2129755664157,101.5480226192,2675.4906932797,605.0530714514945,-833.2971674788666,1224.4068819816566,101.5480226192,7235.163800523,822.8754479955264,122.10117639153361,-651.0026188396781,-331.2205608283832,-828.3513264261011,0.8551554142693231,subiendo
CP-CASC2025-001,2025-06-17,ENERCA,REGULADO,4,2025-12-01,2038-12-31,2528.294,12,0.002528294,159.0,2025-06-05,2025-06-17,4.0,"Cemex Energy, Ducg, Epm, Nitroenergy",Nitroenergy,344.9997452229299,200.0,400.0,994.226,39323986.8,0.0,105.3875477031,119.36435288252581,104.6011203545,859.1979470928,20.904141446499313,-1.347686422633302,120.70531759125424,104.6011203545,1028.4095990923,21.558397906025625,-8.75858409019996,142.91091272088323,104.6011203545,1028.4095990923,49.32980738873182,-150.5012940993666,239.61219751982992,225.6353923404041,202.08883250204667,0.7374352713632901,estable
CP-CASC2025-002,2025-09-29,ENERCA,REGULADO,1,2025-12-01,2025-12-31,11.6,1,1.16e-05,1.0,2025-09-18,2025-09-29,1.0,Epm,Epm,298.85,298.85,298.85,11.6,100000000.0,0.0,332.90039680480004,294.73466642565694,99.3613695441,1186.2553402992,87.4872585459683,-20.705354306966626,265.74120768391197,99.3613695441,2224.1041157397,90.32242528450693,152.43846776110004,222.04367962300074,99.3613695441,2224.1041157397,97.61833766733002,226.93061055240003,-34.050396804800016,4.115333574343083,76.80632037699928,1.4992563506874799,bajando
CP-CASC2025-003,2025-10-09,ENERCA,REGULADO,3,2026-01-01,2028-12-31,165.2328,7,0.0001652328,36.0,2025-09-30,2025-10-09,1.0,Termoyopal,Termoyopal,371.46153846153845,365.0,379.0,34.163,20675677.0,0.0,234.35787617959988,298.46044030024837,100.3935424902,1186.2553402992,75.76422105255135,17.413500356066578,281.54300296023223,99.3613695441,2224.1041157397,78.19306371699989,112.30490821396654,235.82936897886663,99.3613695441,2224.1041157397,92.85082632846692,93.12846004989981,137.10366228193857,73.00109816129009,135.63216948267183,0.9937603496729934,subiendo
CP-CASC2025-004,2025-10-29,ENERCA,REGULADO,1,2026-01-01,2027-12-31,94.857201,7,9.4857201e-05,24.0,,,,,,,,,,,,117.52597250626664,183.7452143008699,99.5106548634,865.6291468048,68.47580437169809,-215.3744242985334,237.7045230445497,99.3613695441,1186.2553402992,95.94371642316791,-236.07977860550002,237.07049357407476,99.3613695441,2224.1041157397,91.84932602014958,-62.935956537433356,,,,0.4957427250200777,bajando
CP-CASC2025-005,2025-11-18,ENERCA,REGULADO,1,2029-01-01,2038-12-31,1096.136965,12,0.001096136965,122.0,,,,,,,,,,,,229.19454719466668,177.1640292050989,97.8514811963,1079.6145742473,69.13978312955611,105.23453398743332,217.6447166914847,97.8514811963,1186.2553402992,94.42376437250118,-76.32252597440001,238.36990602415932,97.8514811963,2218.5058114984,93.12701281736943,-69.05514447933334,,,,0.9615078976095133,subiendo
CP-CDNC2022-004,2022-10-14,CEDENAR,REGULADO,3,2023-01-01,2032-12-31,240.77328,12,0.00024077328,122.0,,,,,,,,,,,,313.5603066371333,282.3732186275311,110.6575117993,844.8912918406,62.11745833261902,-19.03543342959989,244.17093602228198,100.4982299521,844.8912918406,77.40466866273806,205.93459457499995,199.9092912445495,97.2530866138,844.8912918406,89.6241265195169,203.6398301567666,,,,1.568512922461189,bajando
CP-CDNC2022-005,2022-12-14,CEDENAR,REGULADO,3,2023-01-02,2033-12-31,0.20730072,12,2.0730072e-07,134.0,,,,,,,,,,,,270.56638503663333,224.85978889667314,110.2820115627,410.6844715251,67.30657175491991,134.39435513033328,234.8192053245415,109.35222155,916.9295892988,82.18084849847801,-34.341744619699966,249.9444567272941,109.35222155,916.9295892988,78.93057184280555,-163.45778180396667,,,,1.082506043860133,subiendo
CP-CDNC2022-006,2023-02-09,CEDENAR,REGULADO,3,2023-01-01,2033-12-31,154.9884,12,0.0001549884,134.0,,,,,,,,,,,,561.6244883990001,427.3332141199484,121.2773590509,866.2141478257,209.65718215421376,179.77365339443355,418.1940611142033,121.2773590509,866.2141478257,165.49434836748088,317.34452491876675,351.26609614460364,110.2820115627,866.2141478257,170.33519722247803,395.74648975460013,,,,1.5988576596581057,subiendo
CP-CDNC2023-001,2023-04-12,CEDENAR,REGULADO,1,2023-01-06,2023-12-31,43.512,7,4.3512e-05,12.0,2023-03-28,2023-04-12,1.0,Egrc,Egrc,384.85,384.85,384.85,7.416,17043574.2,0.0,263.4454392281665,192.94099129458814,116.6492906011,455.2862725615,60.65504783529987,29.24428785849986,308.5881019655229,116.6492906011,837.6196155929,141.14940064878843,-341.41309303139997,349.5629492316194,116.6492906011,866.2141478257,177.5905350866129,-45.90738329713355,121.40456077183353,191.90900870541188,35.287050768380595,0.7536423405491075,subiendo
CP-CDNC2023-002,2023-07-28,CEDENAR,REGULADO,5,2023-01-10,2037-12-31,557.154,12,0.000557154,182.0,,,,,,,,,,,,485.3597814536335,524.7332602452021,199.2780355415,748.46574709,83.03321092623054,-126.85771180773332,485.50695885111804,105.1372213856,917.7235984467,152.85896583629741,110.98726776280023,511.5929744743362,105.1372213856,917.7235984467,184.48694649723535,298.5696923584668,,,,0.9487225307430045,bajando
CP-CDNC2023-003,2023-10-11,CEDENAR,REGULADO,5,2023-01-12,2037-12-31,551.232,12,0.000551232,182.0,2023-09-28,2023-10-11,1.0,Esprod,Esprod,349.15714285714284,348.3,349.5,31.5,5714472.3,0.0,1039.6088050715664,1050.3751882684212,667.9443646219,1150.9168858774,22.513179016233696,-16.464786023800116,861.815502598869,100.6493710485,1150.9168858774,276.85580561197537,274.3886541350997,751.4463469373488,100.6493710485,1150.9168858774,281.24446411530477,416.38311556409974,-690.4516622144235,-701.2180454112784,-402.289204080206,1.3834770896267898,bajando
CP-CDNC2023-004,2024-01-12,CEDENAR,REGULADO,4,2024-01-03,2037-12-31,497.784,12,0.000497784,170.0,2023-12-28,2024-01-12,1.0,Esprod,Esprod,335.45,335.45,335.45,124.01472,24913360.0,0.0,665.0088004830333,560.9237222906839,95.3362685607,972.1135240824,202.6217492870921,-244.83722359936655,598.7559236925574,95.3362685607,972.1135240824,202.5332919825189,13.136111471000163,658.802911153158,95.3362685607,1581.2687472851,283.14147283131535,-387.5452801353998,-329.5588004830333,-225.47372229068395,-323.352911153158,1.0094199482497923,bajando
CP-CDNC2024-001,2024-07-18,CEDENAR,REGULADO,4,2024-01-12,2037-12-31,331.17700000000013,12,0.000331177,170.0,,,,,,,,,,,,304.47643818930004,233.94887760016454,104.2311403336,917.3906204686,58.88661075205047,66.03995047330005,282.2134359522897,96.9580797934,944.9231368786,82.73801527809448,108.27137322226673,289.2861709752523,96.0792307093,1028.3195630523,141.13926333218348,-701.4288748630001,,,,1.0525094827825257,subiendo
CP-CDNC2024-002,2024-09-18,CEDENAR,REGULADO,4,2024-01-01,2037-12-31,2091.296,12,0.002091296,170.0,2024-09-05,2024-09-18,3.0,"Ceog, Esprod, Nitroenergy",Nitroenergy,361.582972972973,348.9,368.0,122.90033,5876754.4,0.0,924.9569980037,694.0474876627346,109.2696221858,932.1269980037,129.52545231699327,275.0546269265333,581.768210508981,106.3921855146,932.1269980037,166.0569076205483,606.4971223287666,467.16208855791285,104.2311403336,932.1269980037,215.7787305905915,609.9323055485336,-563.3740250307271,-332.46451468976164,-105.57911558493987,1.9799487600951498,subiendo
CP-CDNC2024-003,2024-10-17,CEDENAR,REGULADO,1,2026-01-01,2031-12-31,3599.75703,12,0.0035997570299999,73.0,2024-10-03,2024-10-17,4.0,"Cedenar, Ceo, Esprod, Gecelca",Cedenar,298.70222222222225,280.19,322.25,1622.53115,45073351.8,0.0,1656.5470918741005,1386.1957710563634,610.2690672364,7235.163800523,1122.3877482024122,735.5129399062337,1036.911725165684,109.2696221858,7235.163800523,874.4367851946055,1046.4817270878339,845.4281066775206,106.3921855146,7235.163800523,767.5137615006194,1336.5279780432672,-1357.8448696518783,-1087.4935488341412,-546.7258844552985,1.9594180496130256,subiendo
CP-CDNC2024-004,2024-11-22,CEDENAR,REGULADO,1,2025-01-01,2025-12-31,64.37,4,6.437000000000001e-05,12.0,,,,,,,,,,,,676.4625008933332,1376.9212057834227,103.84716756,2675.4906932797,663.5204195368802,-1009.2133374770668,1444.895102739425,103.84716756,7235.163800523,919.6926311058942,-257.4967197523664,1205.7576486203493,103.84716756,7235.163800523,830.1401131175578,31.139232583399803,,,,0.5610269208471158,bajando
CP-CDNC2024-005,2024-12-18,CEDENAR,REGULADO,5,2027-01-01,2031-12-31,1945.824,12,0.001945824,61.0,2024-12-05,2024-12-18,1.0,Esprod,Esprod,324.075,315.0,334.3,164.1,8433445.2,0.0,926.4920162510996,740.1224067642162,101.5480226192,1356.9917160619,194.15882258510894,232.4762866877661,1121.5758718676777,101.5480226192,2675.4906932797,597.8096163318419,-1332.9625453796682,1224.4237503140455,101.5480226192,7235.163800523,822.8692570009804,0.8992754326332033,-602.4170162510995,-416.0474067642162,-900.3487503140454,0.7566759596205717,subiendo
CP-CDNC2024-006,2024-12-27,CEDENAR,REGULADO,1,2025-01-01,2025-12-31,53.7072,11,5.37072e-05,12.0,,,,,,,,,,,,383.8051378158,781.8166922077702,103.5851447033,1356.9917160619,180.65419580391668,-378.79194111246636,995.2185590803227,101.5480226192,2675.4906932797,566.3082468575525,-1443.6909577178,1202.9684887776123,101.5480226192,7235.163800523,835.7526842173205,-528.9884098860332,,,,0.3190483719201995,bajando
CP-CDNC2025-001,2025-07-03,CEDENAR,REGULADO,2,2025-08-01,2025-12-31,18.6,2,1.86e-05,5.0,2025-06-18,2025-07-03,1.0,Isagen,Isagen,294.725,274.4,315.05,11.9,63978494.6,0.0,114.8616448745333,112.71662954644732,104.245030937,824.9015104159,12.020493429977744,6.233739876333317,119.80955832785807,104.245030937,1028.4095990923,21.36641712278806,9.387484117133297,123.1445866783598,104.245030937,1028.4095990923,25.02656474563207,-46.24734543026675,179.86335512546674,182.0083704535527,171.5804133216402,0.9327380762139335,subiendo
CP-CDNC2025-002,2025-07-31,CEDENAR,REGULADO,11,2027-01-01,2036-12-28,5987.98,12,0.0059879799999999,122.0,2025-07-18,2025-07-31,5.0,"Btg, Cedenar, Eptc, Esprod, Gecelca",Btg,325.1433333333333,299.0,365.0,4918.086,82132639.1,0.0,180.4619290437,134.71687438768174,103.5800244221,943.029069734,23.80349278374039,74.4921427913,123.53476526952896,103.5800244221,943.029069734,21.968547836338026,74.07943907386665,124.72760551842573,103.5800244221,1028.4095990923,23.354318793405422,73.589366734,144.68140428963332,190.42645894565158,200.4157278149076,1.4468483403783516,subiendo
CP-CEOC2022-003,2022-11-17,CEO S.A.S E.S.P.,REGULADO,2,2023-01-01,2024-12-31,100.274726,12,0.000100274726,24.0,,,,,,,,,,,,164.30905524699995,227.54097922510425,109.35222155,916.9295892988,95.44014957043309,-192.45995211970006,249.46963642883932,109.35222155,916.9295892988,78.85919323903613,-60.6018178364335,245.92495061931461,100.6056013897,916.9295892988,81.28589100580515,38.41087582746654,,,,0.6681268201262996,bajando
CP-CEOC2022-004,2022-11-24,CEO S.A.S E.S.P.,REGULADO,2,2023-01-01,2024-12-31,94.747215,12,9.4747215e-05,24.0,,,,,,,,,,,,184.584252135,178.21265038583653,109.35222155,716.4522991211,46.51901531451448,-60.118880319433316,238.28850519551202,109.35222155,916.9295892988,86.34395147385935,1.6404486690333613,246.0985156916329,107.7088165684,916.9295892988,80.96909643758673,-51.65983968289996,,,,0.7500421187679503,bajando
CP-CEOC2023-001,2023-06-15,CEO S.A.S E.S.P.,REGULADO,5,2023-01-08,2028-12-31,1290.9295909124237,12,0.0012909295909124,73.0,,,,,,,,,,,,363.4437399086333,494.609862604586,105.1372213856,907.7991953145,232.1843431861189,-413.2107899023335,432.8735383057388,105.1372213856,907.7991953145,209.0630067247224,151.42115847000002,355.31388625640335,105.1372213856,907.7991953145,206.75963206917172,144.14078137853318,,,,1.0228807653364924,bajando
CP-CEOC2023-002,2023-12-15,CEO S.A.S E.S.P.,REGULADO,1,2025-01-01,2028-12-31,562.6502234177802,12,0.0005626502234177,49.0,,,,,,,,,,,,868.3306645743334,655.6222198959624,100.6084262965,972.1135240824,206.8666347691324,69.42557362199989,707.7114006516332,100.6084262965,1581.2687472851,300.6850499154461,-207.53845771076647,818.3224720281456,100.6084262965,1581.2687472851,292.75313026333345,-185.22698692946653,,,,1.0611106186809784,subiendo
CP-CEOC2023-003,2023-12-22,CEO S.A.S E.S.P.,REGULADO,1,2024-01-01,2024-12-31,149.01767848517972,12,0.0001490176784851,12.0,2023-12-11,2023-12-22,1.0,Ceog,Ceog,410.0,410.0,410.0,47.4,31808306.6,0.0,492.7148704159665,689.3910022246355,100.6084262965,972.1135240824,181.41519760152363,94.70683767146653,641.4857414807869,100.6084262965,1565.7137472851,232.33526959205977,-853.8874185357997,789.003983043251,100.6084262965,1581.2687472851,290.23160382395355,-568.4910654835671,-82.71487041596652,-279.3910022246355,-379.00398304325097,0.6244770381456456,subiendo
CP-CEOC2024-001,2024-03-08,CEO S.A.S E.S.P.,REGULADO,1,2025-01-01,2033-12-31,1110.1115193825203,12,0.0011101115193825,110.0,,,,,,,,,,,,541.9057085700667,541.5080021488345,100.9246560081,712.3168047502,43.87257850921653,-22.277588366266627,564.7419816819661,99.0195395125,720.7432589403,65.39974697844681,-93.28928977013368,572.7705398901276,95.3362685607,972.1135240824,145.16473978078773,-338.70925513483314,,,,0.9461130956107109,bajando
CP-CEOC2024-002,2024-09-11,CEO S.A.S E.S.P.,REGULADO,1,2026-01-01,2033-12-31,601.04,12,0.00060104,97.0,2024-08-29,2024-09-11,1.0,Ceog,Ceog,301.9014285714286,292.49,311.85,446.7,74321176.6,0.0,786.7683727973335,637.0664334465076,109.2696221858,842.7106885887,84.68869730917139,182.4300594897336,514.7389161980723,106.3921855146,842.7106885887,152.43680805691167,517.2512602336336,423.20414286196007,104.2311403336,917.3906204686,184.7129420774206,426.62779157103347,-484.86694422590494,-335.16500487507903,-121.30271429053147,1.859075309321724,subiendo
CP-CEOC2024-003,2024-10-18,CEO S.A.S E.S.P.,REGULADO,8,2025-01-01,2033-12-31,1371.424523,12,0.0013714245229999,110.0,2024-10-04,2024-10-18,1.0,Isagen,Isagen,297.62833333333333,295.45,302.56,464.1,33840724.9,0.0,1880.3553418741003,1417.141615892048,610.2690672364,7235.163800523,1122.3599996482671,955.3983438704003,1057.736151019583,109.2696221858,7235.163800523,879.2148745504403,1230.4529707969336,862.57465863404,106.3921855146,7235.163800523,773.0547562505112,1561.895466199167,-1582.727008540767,-1119.5132825587148,-564.9463253007067,2.1799334388652247,subiendo
CP-CEOC2024-004,2025-01-31,CEO S.A.S E.S.P.,REGULADO,1,2025-01-01,2026-12-31,7775.009999999999,11,0.00777501,24.0,2025-01-20,2025-01-31,2.0,"Ceog, Depi",Depi,458.3333333333333,445.0,465.0,13.5,173633.2,0.0,634.8604521885334,519.3810908355968,112.9024659662,950.6756188552,199.68456915368762,419.26631955566666,631.8290891632553,111.7215041164,1356.9917160619,244.36998589079982,-22.846921751233026,746.8052228725335,101.5480226192,2675.4906932797,442.15689466989613,-1816.8438298515664,-176.52711885520006,-61.04775750226344,-288.47188953920016,0.8501017838983337,subiendo
CP-CEOC2025-001,2025-07-16,CEO S.A.S E.S.P.,REGULADO,5,2026-01-01,2033-12-31,767.8,12,0.0007677999999999,97.0,2025-07-03,2025-07-16,1.0,Ceog,Ceog,319.91478260869565,310.0,363.0,84.1,10953373.3,0.0,131.0397147574,122.21048877522688,104.245030937,837.5513753112,20.599378316872972,20.33305818556667,121.06885010270331,104.245030937,859.1979470928,20.692425070214277,18.5657456079,121.4219791844913,104.245030937,1028.4095990923,21.174012933126527,17.094929792300036,188.87506785129565,197.70429383346877,198.49280342420434,1.079209181381365,subiendo
CP-CEOC2025-002,2026-01-23,CEO S.A.S E.S.P.,REGULADO,5,2027-01-01,2035-12-31,1451.927587260742,12,0.0014519275872607,110.0,,,,,,,,,,,,202.55950763573333,222.7383537162624,97.5798889926,403.8562006972,75.37415390580126,-68.10714414616672,246.98540257878744,97.5798889926,835.984765073,81.46750877800066,-49.42434077059997,230.31916491631065,97.5798889926,1079.6145742473,82.33767401788047,87.39119727396663,,,,0.8794730899156215,bajando
CP-CEOC2026-001,2026-02-19,CEO S.A.S E.S.P.,REGULADO,1,2028-01-01,2028-12-31,326.8,12,0.0003268,12.0,2026-02-06,2026-02-19,1.0,Esprod,Esprod,388.7,388.7,388.7,22.0,6731946.1,0.0,130.05271598829998,162.1403013488086,103.6388871746,291.2693998206,50.173654052730164,-46.7338367563334,204.21263838303773,97.5798889926,443.5997902761,87.25870875439894,-271.65269560620004,220.00434055685753,97.5798889926,835.984765073,83.05123329398052,-139.99869418123333,258.6472840117,226.55969865119138,168.69565944314246,0.5911370460197325,bajando
CP-CEOC2026-002,2026-03-04,CEO S.A.S E.S.P.,REGULADO,1,2027-01-01,2027-12-31,151.4,12,0.0001514,12.0,2026-02-19,2026-03-04,3.0,"Eptg, Esprod, Generarco",Eptg,397.725,390.0,402.5,167.07,110350066.1,0.0,116.93549175029996,120.76136405077311,101.9896033652,204.104431822,9.513405269292921,-21.642106738366735,161.89978211975682,97.5798889926,354.8983116824,61.99920533370033,-221.74590326543347,201.8634191041923,97.5798889926,465.2102848761,89.12325840797723,-120.36284842040011,280.7895082497001,276.9636359492269,195.86158089580772,0.5792802493350389,bajando
CP-CETC2023-001,2023-06-01,CETSA,REGULADO,3,2025-01-01,2027-12-31,91.989117,12,9.1989117e-05,36.0,2023-05-19,2023-06-01,2.0,"Epm, Isagen",Epm,278.045,274.12,281.97,74.347865,80822457.5,0.0,308.91654787276656,573.610549558501,115.1098909257,907.7991953145,208.08495197502216,68.1441569470665,403.7245946337491,115.1098909257,907.7991953145,233.7458606394458,155.02831501069983,363.3658786711326,115.1098909257,907.7991953145,210.24832457203155,-126.61633354209994,-30.87154787276654,-295.565549558501,-85.32087867113256,0.8501528789728607,subiendo
CP-CETC2024-001,2024-09-03,CETSA,REGULADO,5,2026-01-01,2030-12-31,325.444115,12,0.000325444115,61.0,2024-08-21,2024-09-03,4.0,"Celsia, Epm, Isagen, Termotasajero",Isagen,314.9145454545455,300.29,337.98,343.513,105552070.0,0.0,635.4898524877332,585.0507362415117,106.3921855146,842.7106885887,93.68322945186456,175.51165182133326,452.26590171257317,104.4870463702,909.7311690574,162.62858771375892,433.1246650234999,391.7505343895726,104.2311403336,944.9231368786,163.99306063091598,241.28575727579988,-320.5753070331877,-270.1361907869662,-76.8359889350271,1.6221799249819946,subiendo
CP-CETC2025-001,2025-06-13,CETSA,REGULADO,10,2026-01-01,2035-12-31,375.005,12,0.000375005,122.0,2025-05-30,2025-06-13,1.0,Epm,Epm,374.51,374.51,374.51,12.789,3410354.5,0.0,107.85522662266663,121.5996794152269,104.6011203545,860.6945783967,22.133686420574683,-56.08086052403337,121.31556254470615,104.6011203545,1028.4095990923,21.42608011689553,-4.466841952366721,148.72944757096968,104.6011203545,1028.4095990923,52.8607474470713,-128.99841411386677,266.65477337733336,252.9103205847731,225.7805524290303,0.7251773497726537,bajando
CP-CETC2025-002,2025-12-17,CETSA,REGULADO,2,2026-02-01,2026-12-31,30.0934,11,3.00934e-05,11.0,2025-12-03,2025-12-17,1.0,Celsia,Celsia,386.95,384.9,389.0,30.0934,100000000.0,0.0,346.1764707027,238.16251122539893,99.7874692181,835.984765073,48.9551677826081,159.79558481793336,206.86972548494424,97.8514811963,1079.6145742473,67.61956720913979,186.67053638709996,225.82608397790733,97.8514811963,1186.2553402992,83.03761867395644,39.79296180163328,40.7735292973,148.78748877460106,161.12391602209266,1.5329339490143512,subiendo
CP-CHCC2023-001,2023-07-26,CHEC,REGULADO,4,2023-01-10,2028-12-31,622.3405550555,12,0.0006223405550555,73.0,2023-07-12,2023-07-26,1.0,Enel,Enel,286.27,286.27,286.27,137.0488207331,22021515.3,0.0,508.3139960270668,532.9752462796462,106.8677135048,890.7504339508,88.35429270357061,-177.47727125706632,486.6920119593989,105.1372213856,917.7235984467,154.21388928712656,-142.0203239674001,505.8277087739505,105.1372213856,917.7235984467,188.3632209703975,258.9961536910668,-222.04399602706684,-246.7052462796462,-219.55770877395054,1.004915284809412,bajando
CP-CHCC2023-002,2023-11-01,CHEC,REGULADO,9,2024-01-01,2032-12-31,1691.2592745165,12,0.0016912592745165,110.0,2023-10-19,2023-11-01,3.0,"Enel, Isagen, Nitroenergy",Isagen,301.914,283.45,324.64,220.00007731,13008063.3,0.0,429.5892825422333,993.1600971665496,106.6771435202,1581.2687472851,286.368805687914,-633.021506409533,1008.7740165105246,106.6771435202,1581.2687472851,205.34654638307865,-468.1690042093334,853.5291111983919,100.6493710485,1581.2687472851,300.7189030116434,-73.21523695170004,-127.67528254223333,-691.2460971665496,-551.6151111983919,0.5033094676045335,bajando
CP-CHCC2023-003,2024-02-28,CHEC,REGULADO,7,2024-01-01,2030-12-31,2184.76925,12,0.00218476925,85.0,2024-02-15,2024-02-28,4.0,"Enel, Epm, Nitroenergy, Termotasajero",Epm,339.4457142857143,312.95,374.98,713.02,32635940.8,0.0,480.7302048941999,577.2047172060217,99.0195395125,712.3168047502,56.78775860897548,-117.15593664849985,551.8092427034618,95.3362685607,720.7432589403,109.86460524253857,357.4522929979333,597.0286461468089,95.3362685607,972.1135240824,153.96369619025182,-174.628718771433,-141.2844906084856,-237.75900292030735,-257.5829318610946,0.8052045877476852,bajando
CP-CHCC2024-001,2024-05-16,CHEC,REGULADO,6,2024-01-07,2030-12-31,1202.65892534,12,0.00120265892534,85.0,2024-05-02,2024-05-16,4.0,"Celsia, Enel, Isagen, Termotasajero",Termotasajero,321.8994594594595,305.9,363.9,1074.975211176558,89383214.9,0.0,216.53273519290008,379.7151668013298,96.0792307093,1203.534033946,311.23700426394805,-880.1253404197668,606.50011062573,96.0792307093,1267.373097607,345.1732526998451,-364.8312596067999,585.8214636176402,96.0792307093,1267.373097607,284.0953105449489,-322.5469074094001,105.3667242665594,-57.815707341870336,-263.92200415818075,0.36962239972523236,bajando
CP-CHCC2024-002,2024-08-29,CHEC,REGULADO,5,2025-01-01,2030-12-31,918.6350280222,12,0.0009186350280222,73.0,,,,,,,,,,,,509.25655815579984,559.6089468359603,106.3921855146,842.7106885887,110.73814527504312,109.03651564579985,418.04191131642034,104.2311403336,909.7311690574,175.6823846337531,394.5513928627998,373.6392748405531,96.9580797934,944.9231368786,160.15932044629994,295.79014502906654,,,,1.3629631370340285,subiendo
CP-CHCC2024-003,2024-11-05,CHEC,REGULADO,2,2025-01-01,2036-12-31,2548.12245917,12,0.00254812245917,146.0,,,,,,,,,,,,1581.8966931960338,1686.7380992784892,491.2340232007,2674.7497699641,436.8213528219417,434.3088981292001,1418.4679681859639,403.130285509,7235.163800523,911.2000477160817,886.5881113864672,1148.480007014494,106.3921855146,7235.163800523,840.2692953824289,1127.9272561912337,,,,1.3773828743507852,subiendo
CP-CHCC2024-004,2024-12-06,CHEC,REGULADO,6,2025-01-01,2036-12-31,1730.0968107776,12,0.0017300968107776,146.0,2024-11-25,2024-12-06,3.0,"Enel, Epm, Isagen",Enel,314.79,304.13,333.48,1362.19384,78735122.3,0.0,783.3838495443,784.050841616695,101.5480226192,2675.4906932797,365.9756076271267,-1086.5188854020662,1236.8339241423582,101.5480226192,2675.4906932797,610.5295679932217,-814.3857423298003,1210.29465458958,101.5480226192,7235.163800523,828.9603032500312,73.37753111849997,-468.5938495443,-469.260841616695,-895.50465458958,0.6472670490393526,bajando
CP-CHCC2025-001,2025-04-23,CHEC S.A. E.S.P. BIC,REGULADO,1,2027-01-01,2032-12-31,967.823728,12,0.0009678237279999,73.0,,,,,,,,,,,,159.20790881256673,170.52767713744944,106.0075004794,942.188047252,57.96026787249053,-36.7095648422999,199.55674402976993,106.0075004794,943.3119881263,57.00968042013112,-38.38382638109999,317.8444491089063,106.0075004794,950.6756188552,202.29867604000492,-577.9985384574328,,,,0.5008988178302768,bajando
CP-CHCC2025-003,2025-11-06,CHEC S.A. E.S.P. BIC,REGULADO,4,2027-01-01,2030-12-31,487.828948,12,0.000487828948,49.0,2025-10-23,2025-11-06,5.0,"Aes, Celsia, Enel, Eptc, Isagen",Eptc,367.3358064516129,355.0,381.89,146.885,30109939.3,0.0,185.0835648842001,150.45557553012043,97.8514811963,1079.6145742473,42.63631170222477,-77.69811254286651,221.503252779012,97.8514811963,1186.2553402992,98.17245735950594,79.83990367343343,235.02416271472052,97.8514811963,2224.1041157397,93.89490873298327,17.970680412266717,182.2522415674128,216.88023092149245,132.31164373689236,0.7875086661147269,bajando
CP-CHCC2025-02,,NAN,NAN,2,2027-01-01,2037-12-31,906.087,12,0.000906087,134.0,,,,,,,,,,,,,,,,,,,,,,,,,,,,,,,,
CP-CHCC2026-01,,NAN,NAN,6,2027-01-01,2031-12-31,1219.225816,12,0.001219225816,61.0,,,,,,,,,,,,,,,,,,,,,,,,,,,,,,,,
CP-CMMC2023-001,2023-05-05,CARIBEMAR,REGULADO,4,2023-01-01,2037-12-31,22867.31961617809,12,0.022867319616178,183.0,2023-04-21,2023-05-05,3.0,"Enel, Enermás, Nitroenergy",Enel,270.42797281993205,245.93,313.41,16018.776666696667,70050958.9,0.0,321.68339539606654,240.9474531002161,115.1098909257,552.871816346,70.08023257145312,177.44906440196664,246.07421595838738,115.1098909257,559.4679781751,90.068805113404,-180.21421505953322,325.0657632086263,115.1098909257,865.4935478597,153.469678492842,-478.21753740896713,-51.25542257613449,29.480519719715943,-54.63779038869427,0.9895948198937549,subiendo
CP-CMMC2023-002,2023-11-06,CARIBEMAR,REGULADO,6,2023-01-12,2037-12-31,27716.90538469,12,0.02771690538469,182.0,2023-10-26,2023-11-06,1.0,Esprod,Esprod,302.0726627218935,281.45,390.0,2321.863184,8377065.0,0.0,413.9403163114666,883.3228831542141,104.0806439242,1581.2687472851,361.7486875377834,-684.8865050069005,962.8639713678389,104.0806439242,1581.2687472851,268.92845524664324,-588.4615599596004,848.2538525849557,100.6493710485,1581.2687472851,308.12321553108313,-106.87565739636688,-111.86765358957308,-581.2502204323206,-546.1811898630622,0.48799108315279827,bajando
CP-CMMC2024-001,2024-07-12,CARIBEMAR,REGULADO,7,2026-01-01,2037-12-31,28348.78704,12,0.02834878704,146.0,2024-06-28,2024-07-12,10.0,"Btg, Elic, Enel, Epm, Esprod, Generarco, Isagen, Nitroenergy, Nmrg, Nova Energy",Nitroenergy,298.00085993485345,0.0,364.5,18761.2633772428,66180127.4,0.0,296.4740062739999,240.16086724632473,104.2311403336,917.3906204686,67.07314024803392,-36.00976600610022,276.77332552121527,96.9580797934,944.9231368786,84.40892458405901,105.44306001129988,340.1135827758896,96.0792307093,1203.534033946,236.9013191219078,-722.9410927847005,1.5268536608535328,57.839992688528724,-42.112722841036145,0.8716911681511849,bajando
CP-CMMC2025-001,2025-07-16,CARIBEMAR,REGULADO,7,2026-01-01,2040-12-31,43306.00372,12,0.04330600372,183.0,2025-07-03,2025-07-16,2.0,"Epm, Isagen",Isagen,373.66,368.38,382.16,292.73,675957.1,0.0,131.0397147574,122.21048877522688,104.245030937,837.5513753112,20.599378316872972,20.33305818556667,121.06885010270331,104.245030937,859.1979470928,20.692425070214277,18.5657456079,121.4219791844913,104.245030937,1028.4095990923,21.174012933126527,17.094929792300036,242.62028524260003,251.44951122477315,252.23802081550872,1.079209181381365,subiendo
CP-CMMC2025-002,2025-07-16,CARIBEMAR,REGULADO,2,2026-01-01,2040-12-31,2459.14504944,12,0.00245914504944,183.0,,,,,,,,,,,,131.0397147574,122.21048877522688,104.245030937,837.5513753112,20.599378316872972,20.33305818556667,121.06885010270331,104.245030937,859.1979470928,20.692425070214277,18.5657456079,121.4219791844913,104.245030937,1028.4095990923,21.174012933126527,17.094929792300036,,,,1.079209181381365,subiendo
CP-CMMC2025-003,2025-10-16,CARIBEMAR,REGULADO,7,2026-01-01,2040-12-31,75919.288328,12,0.0759192883279999,183.0,2025-10-02,2025-10-16,8.0,"Beam, Enerxia, Epm, Esprod, Exig, Furesas, Ia Energía, Nitroenergy",Nitroenergy,348.165134529148,306.96,432.96,35619.88,46918090.0,0.0,175.9427050963667,274.5701264096365,99.5106548634,1186.2553402992,98.14215314489066,-213.95191278549999,273.90132425857485,99.3613695441,2218.5058114984,85.74764128626553,-56.43474210736662,237.46465559835272,99.3613695441,2224.1041157397,91.37492970618266,33.7708076628667,172.22242943278133,73.59500811951153,110.7004789307953,0.7409216527530559,bajando
CP-CMMC2025-004,2025-10-16,CARIBEMAR,REGULADO,2,2026-01-01,2040-12-31,2459.5,12,0.0024595,183.0,2025-10-02,2025-10-16,1.0,Nitroenergy,Nitroenergy,344.98,344.98,344.98,1369.0,55661719.9,0.0,175.9427050963667,274.5701264096365,99.5106548634,1186.2553402992,98.14215314489066,-213.95191278549999,273.90132425857485,99.3613695441,2218.5058114984,85.74764128626553,-56.43474210736662,237.46465559835272,99.3613695441,2224.1041157397,91.37492970618266,33.7708076628667,169.03729490363332,70.40987359036353,107.5153444016473,0.7409216527530559,bajando
CP-CMXC2023-001,2023-05-17,CEMEX ENERGY,NO REGULADO,1,2023-01-07,2033-12-31,186.0427479633131,12,0.0001860427479633,134.0,,,,,,,,,,,,811.1855775366001,401.5547619940914,115.1098909257,887.1849525366,188.77889801799677,517.1653013629335,301.1343452034098,115.1098909257,887.1849525366,173.9949595016874,607.651281921367,322.2240544230703,115.1098909257,887.1849525366,156.09367954205314,295.33397975823345,,,,2.517458167389137,subiendo
CP-CMXC2023-003,2023-09-22,CEMEX ENERGY,NO REGULADO,3,2023-01-11,2033-12-31,530.7344825933131,12,0.0005307344825933,134.0,,,,,,,,,,,,1059.9921744286996,831.6522973817688,100.6493710485,1061.7823646219,316.17927119884706,819.503869406033,699.5963523281126,100.6493710485,1061.7823646219,272.9881838744694,554.2555940053662,651.5012846246645,100.6493710485,1061.7823646219,242.1655960966485,171.6594093153327,,,,1.6269993620033614,subiendo
CP-CNSC2022-002,2022-09-21,CENS,REGULADO,5,2023-01-01,2032-12-31,1107421491.28145,12,1107.42149128145,122.0,2022-09-08,2022-09-21,1.0,Celsia,Celsia,248.045,243.1,252.99,552.387279,49.9,0.0,248.00393778426655,252.96243094707205,107.7088165684,844.8912918406,75.05683336977351,113.5634097720999,183.6549819826667,100.131751787,844.8912918406,88.90203923365239,144.25060102236654,158.44219209115718,96.2355549161,844.8912918406,81.1434233931688,142.35781855416656,0.04106221573343305,-4.917430947072063,89.6028079088428,1.5652644949621843,subiendo
CP-CNSC2023-001,2023-04-14,CENS,REGULADO,2,2023-01-01,2027-12-31,373.939424,12,0.000373939424,61.0,,,,,,,,,,,,242.8462338278668,195.04682564912684,116.6492906011,485.9458171612,61.4799895066731,77.9232348934334,297.225683071206,116.6492906011,599.2244211952,131.5546487984645,-329.919854034,348.67437852695343,116.6492906011,866.2141478257,177.98350798449508,-7.181319657433249,,,,0.6964843096697286,subiendo
CP-CNSC2023-002,2023-06-16,CENS,REGULADO,3,2024-01-01,2037-01-01,2162.242151,12,0.002162242151,158.0,2023-06-02,2023-06-16,2.0,"Epm, Isagen",Isagen,270.82666666666665,259.55,282.9,308.526692,14268831.6,0.0,409.9441384222,482.7804951404323,105.1372213856,907.7991953145,226.6104009971145,-401.2414391144001,436.11815399399404,105.1372213856,907.7991953145,207.10500073183294,115.9238622485334,357.4088442771956,105.1372213856,907.7991953145,206.33158850974573,206.40984280696682,-139.11747175553336,-211.95382847376567,-86.58217761052896,1.1469893512323373,bajando
CP-CNSC2023-003,2023-10-19,CENS,REGULADO,7,2024-01-01,2029-12-31,3245.933485,12,0.003245933485,73.0,2023-10-05,2023-10-19,1.0,Generarco,Generarco,340.0,340.0,340.0,26.28,809628.4,0.0,1279.4285081674668,1060.0120358962724,738.693816434,1395.7145915008,54.98516343259937,232.54145755239983,911.8811511304049,100.6493710485,1395.7145915008,279.6597931374486,849.8786392433667,796.5892088845146,100.6493710485,1395.7145915008,289.3504660026042,830.6920414408,-939.4285081674668,-720.0120358962724,-456.5892088845146,1.6061333669823183,subiendo
CP-CNSC2023-004,2024-02-14,CENS,REGULADO,8,2025-01-01,2039-12-31,4675.886743,12,0.004675886743,183.0,2024-02-01,2024-02-14,3.0,"Generarco, Isagen, Nitroenergy",Isagen,291.8027272727273,284.19,348.86,2418.974166,51732950.3,0.0,614.2213167688668,562.2242140262914,99.0195395125,711.2096501022,69.1626551093293,0.4463357891333999,547.7045306533776,95.3362685607,863.5451839954,132.35633847691824,-226.5530338932,581.7072537986652,95.3362685607,972.1135240824,167.58495827904494,-67.25095839409983,-322.41858949613953,-270.4214867535641,-289.9045265259379,1.0558942023807993,estable
CP-CNSC2024-001,2024-06-04,CENS,REGULADO,4,2025-01-01,2028-12-31,1860.9262102191883,12,0.0018609262102191,49.0,2024-05-21,2024-06-04,6.0,"Enel, Epm, Esprod, Generarco, Nitroenergy, Termotasajero",Termotasajero,327.26125,304.24,355.89,999.31,53699603.7,0.0,305.8155267667,294.00388134010547,96.9580797934,694.2783800147,87.45564907850914,-5.828028531233258,463.9246285646337,96.0792307093,1203.534033946,324.92894919555766,-669.4344667904331,542.2162140075861,96.0792307093,1267.373097607,306.1295050058382,-237.24982588666643,21.445723233300043,33.25736865989455,-214.9549640075861,0.5640102949087047,bajando
CP-CNSC2024-002,2024-10-08,CENS,REGULADO,6,2025-01-06,2039-01-31,3668.130005,12,0.003668130005,171.0,2024-09-25,2024-10-08,2.0,"Enel, Epm",Epm,322.62833333333333,314.95,328.5,400.07,10906647.2,0.0,1422.8200085407668,1193.565402482483,403.130285509,7235.163800523,1145.6346220364685,787.7492646984336,907.9669571324596,106.3921855146,7235.163800523,863.5985634673001,870.148557783867,729.4809244614975,106.3921855146,7235.163800523,751.7041561673781,1211.0900632546,-1100.1916752074335,-870.9370691491497,-406.85259112816414,1.9504554003123413,subiendo
CP-CNSC2024-003,2024-12-26,CENS,REGULADO,4,2025-01-01,2029-12-31,1685.304,12,0.001685304,61.0,,,,,,,,,,,,523.9834985627998,785.361385776495,103.5851447033,1356.9917160619,173.521571074615,30.292860116533234,1006.6855100702392,101.5480226192,2675.4906932797,560.7764102211739,-559.3056496379003,1208.765406454192,101.5480226192,7235.163800523,831.827966816082,-387.34114782176675,,,,0.4334865109184914,subiendo
CP-CNSC2025-001,2025-03-25,CENS,REGULADO,1,2025-01-02,2025-12-31,12.840833,1,1.2840833e-05,12.0,2025-03-11,2025-03-25,1.0,Santa Fe,Santa Fe,388.0,388.0,388.0,13.170000000000002,102563439.6,0.0,280.54017225199993,231.1441711376849,111.5352419146,943.3119881263,38.182944823802984,87.72763225039992,383.2252143653509,110.3536358356,950.6756188552,203.68754412960885,-399.20028534773337,400.6157387645933,110.3536358356,950.6756188552,195.60092228237144,-145.70231958180017,107.45982774800007,156.8558288623151,-12.615738764593289,0.7002724683686199,subiendo
CP-CNSC2025-002,2025-07-04,CENS,REGULADO,8,2026-01-01,2040-12-31,4438.42656,12,0.00443842656,183.0,2025-06-19,2025-07-04,8.0,"Aes, Celsia, Coenersa, Enel, Epm, Eptc, Esprod, Santa Fe",Enel,365.1138888888889,340.0,390.0,596.59,13441475.1,0.0,114.41780931209998,112.90340065334733,104.245030937,824.9015104159,11.999809479501774,7.37502229093333,119.95617551727938,104.245030937,1028.4095990923,21.296980568940523,8.053853273999977,122.63149677734113,104.245030937,1028.4095990923,24.716280912726617,-3.7476015969333503,250.69607957678892,252.21048823554156,242.48239211154777,0.9330213878074527,subiendo
CP-CNSC2025-003,2025-09-24,CENS,REGULADO,4,2026-01-01,2040-12-31,2112.1650075,12,0.0021121650075,183.0,2025-09-11,2025-09-24,1.0,Enel,Enel,383.3,379.8,386.8,290.36,13747032.0,0.0,420.4155043674999,290.6894274614774,99.3613695441,2218.5058114984,79.17408816678498,122.7217105843331,245.60384984647268,99.3613695441,2224.1041157397,85.65372663988518,298.01198483116656,207.46382929072965,99.3613695441,2224.1041157397,89.65504820379203,266.69291061826664,-37.11550436749991,92.6105725385226,175.83617070927036,2.026452060606431,subiendo
CP-CNSC2025-004,2025-12-15,CENS,REGULADO,4,2027-01-01,2040-12-31,1750.46,12,0.00175046,170.0,2025-12-01,2025-12-15,2.0,"Btg, Cemex Energy",Btg,334.6573333333333,331.14,383.9,760.0,43417158.9,0.0,293.7103559845999,230.18291988175702,99.7874692181,835.984765073,42.49841908216593,50.11024457143324,201.3843665247448,97.8514811963,1079.6145742473,63.55207895267682,117.76765088823322,226.5953579298,97.8514811963,1186.2553402992,84.25114241939004,-96.18426189726677,40.94697734873341,104.47441345157631,108.06197540353332,1.2961887598579682,subiendo
CP-CNSC2026-001,2026-03-18,CENS(N.SANTANDER),REGULADO,8,2027-01-01,2031-12-31,3196.4500000000003,12,0.00319645,61.0,2026-03-05,2026-03-18,1.0,Eptg,Eptg,372.5,370.0,375.0,23.88,747078.8,0.0,331.9677883192668,153.2868636422613,101.8204021756,1135.8690146496,67.42349366960276,220.4000597296668,158.46014233476123,97.5798889926,1135.8690146496,59.397537005397815,224.79728269750007,196.52267212297176,97.5798889926,1135.8690146496,90.60464243029156,-47.19013653329972,40.53221168073321,219.2131363577387,175.97732787702824,1.689208602412763,subiendo
CP-CQTC2022-003,2022-10-27,ELECTROCAQUETA,REGULADO,1,2023-01-01,2025-12-31,106.471,12,0.000106471,36.0,,,,,,,,,,,,240.36313784126665,302.97223913337626,109.4987407909,916.9295892988,69.41764893321998,7.528033064599981,281.7422172452602,107.7088165684,916.9295892988,71.90227872552718,-26.279678027000017,230.8346322765553,100.131751787,916.9295892988,96.15703717249883,130.46457396293334,,,,1.0412784921861098,subiendo
CP-CQTC2022-004,2023-02-08,ELECTROCAQUETA,REGULADO,20,2023-01-01,2041-12-31,2615.357,12,0.002615357,231.0,,,,,,,,,,,,621.2968903492664,423.1717560978731,121.2773590509,866.2141478257,208.17788606494707,188.67760063459974,412.86753218615036,121.2773590509,866.2141478257,166.02899453535468,384.5906665614996,347.13384180422895,110.2820115627,866.2141478257,169.73546108556963,435.7075469243664,,,,1.7897906096394243,subiendo
CP-CQTC2023-001,2023-06-09,ELECTROCAQUETA,REGULADO,20,2023-01-08,2041-12-31,1655.4301368704005,12,0.0016554301368704,231.0,2023-05-29,2023-06-09,4.0,"Epm, Esprod, Isagen, Nitroenergy",Nitroenergy,265.48795454545456,245.2,290.78,1269.2160240387732,76669863.4,0.0,310.72985928680004,560.4259672628722,105.1372213856,907.7991953145,221.13961740303867,-271.4556855862335,422.04645300789673,105.1372213856,907.7991953145,217.80475301071942,167.29012250726677,349.15711102031133,105.1372213856,907.7991953145,209.53354014218866,-1.283522869233252,-45.24190474134548,-294.9380127174176,-83.66915647485678,0.8899428064884066,bajando
CP-CQTC2023-002,2023-10-04,ELECTROCAQUETA,REGULADO,13,2023-01-11,2030-12-31,637.2370781632214,12,0.0006372370781632,97.0,2023-09-21,2023-10-04,7.0,"Celsia, Epm, Eycc, Generarco, Isagen, Nitroenergy, Vchc",Nitroenergy,346.05446215139443,275.2,550.0,619.1964378906999,97168928.0,0.0,1057.2608306184331,1035.2250016670314,667.9443646219,1081.7137472851,32.498186980876234,91.86490618973357,803.7429116826223,100.6493710485,1081.7137472851,283.64622502535167,593.1412135155665,709.8241345924993,100.6493710485,1081.7137472851,271.798527499282,444.6087651154668,-711.2063684670387,-689.170539515637,-363.76967244110483,1.489468699490463,subiendo
CP-CQTC2023-003,2024-01-17,ELECTROCAQUETA,REGULADO,18,2024-01-03,2041-12-31,1391.9603156133005,12,0.0013919603156133,219.0,2024-01-03,2024-01-17,6.0,"Enel, Epm, Eptc, Nitroenergy, Urrá, Vchc",Epm,328.5745454545455,285.0,474.98,191.7695582745093,13776941.5,0.0,588.1468150242,521.7611960108022,95.3362685607,772.9961972185,158.295574868783,-171.76604886096652,589.9830037691495,95.3362685607,972.1135240824,198.14973713159836,156.3978259279001,633.0072063929304,95.3362685607,1581.2687472851,263.4986215545263,-691.2816931432668,-259.5722695696545,-193.18665055625672,-304.43266093838486,0.92913131017203,bajando
CP-CSIC2025-002,2025-05-29,AIR-E INTERVENIDO,REGULADO,3,2026-01-01,2040-12-31,52123.165256,12,0.052123165256,183.0,,,,,,,,,,,,153.43747780893338,126.52030669575939,104.8531259259,1028.4095990923,25.974798940067714,44.320397123900065,136.8716856453291,104.8531259259,1028.4095990923,36.653845460530825,-20.37538405583328,167.48420123728326,104.8531259259,1028.4095990923,57.66861898862779,-81.67574465316665,,,,0.9161310540064064,subiendo
CP-CSSC2022-003,2022-09-08,AIR-E,REGULADO,1,2023-01-01,2034-12-31,3164.18310691,12,0.00316418310691,146.0,,,,,,,,,,,,191.34755633673345,185.54584814157636,100.4982299521,510.6565019135,78.93436423808747,83.01948106616679,148.63609096724764,97.2530866138,510.6565019135,67.5540965926252,84.48230712916681,133.75430766407368,96.1135375949,510.6565019135,59.15949054147981,83.9173906019668,,,,1.4305898604574758,subiendo
CP-CSSC2023-001,2023-05-31,AIR-E,REGULADO,3,2023-01-10,2035-12-31,28098.309677419355,12,0.0280983096774193,158.0,,,,,,,,,,,,360.3704527560667,569.7428771697387,115.1098909257,907.7991953145,214.19342231199786,171.35174893493334,401.1127708173656,115.1098909257,907.7991953145,235.7047820928549,210.77515768270004,364.0606370459645,115.1098909257,907.7991953145,210.17084431014123,-11.769107226400081,,,,0.9898638196102704,subiendo
CP-CSSC2023-004,2024-02-14,AIR-E,REGULADO,4,2024-01-03,2026-12-31,9822.051848979989,12,0.0098220518489799,36.0,2024-02-01,2024-02-14,1.0,Cssg,Cssg,689.84,689.84,689.84,827.8545346399999,8428529.5,0.0,614.2213167688668,562.2242140262914,99.0195395125,711.2096501022,69.1626551093293,0.4463357891333999,547.7045306533776,95.3362685607,863.5451839954,132.35633847691824,-226.5530338932,581.7072537986652,95.3362685607,972.1135240824,167.58495827904494,-67.25095839409983,75.61868323113322,127.61578597370863,108.13274620133484,1.0558942023807993,estable
CP-CSSC2024-001,2024-03-20,AIR-E,REGULADO,14,2024-01-04,2037-12-31,29859.393118066757,12,0.0298593931180667,170.0,2024-03-07,2024-03-20,2.0,"Esprod, Nitroenergy",Nitroenergy,313.2367032967033,295.0,376.59,4663.180000000001,15617129.2,0.0,625.6644711013668,548.5087366714893,101.1557965253,659.1482800361,40.3890037668969,51.432263785233545,553.738491344183,99.0195395125,712.3168047502,56.223083507869454,99.95454569180015,539.241032841259,95.3362685607,720.7432589403,99.70665193900722,97.08760878633325,-312.42776780466346,-235.27203337478596,-226.00432954455567,1.160268660945075,subiendo
CP-CSSC2024-002,2024-05-03,AIR-E,REGULADO,17,2024-01-06,2037-12-31,44173.58540297083,12,0.0441735854029708,170.0,2024-04-19,2024-05-03,1.0,Cssg,Cssg,374.27,374.27,374.27,81.68,184906.9,0.0,275.2765351440666,683.3078426308059,96.0792307093,1267.373097607,394.7929927797125,-959.2474791296002,671.000824922146,96.0792307093,1267.373097607,295.4547486160267,-210.37239221213338,632.0899448756817,96.0792307093,1267.373097607,249.39245381543913,-393.9670006820666,98.99346485593338,-309.0378426308059,-257.8199448756817,0.4355021581591644,bajando
CP-CSSC2024-003,2024-05-28,AIR-E,REGULADO,17,2024-01-07,2038-12-31,30069.48912198118,12,0.0300694891219811,182.0,,,,,,,,,,,,420.19928345376667,270.3677052649086,96.0792307093,684.5326167871,97.99325609555919,313.38034198296674,536.7685737352479,96.0792307093,1267.373097607,353.04780325154644,-392.47490937006677,557.6937051508883,96.0792307093,1267.373097607,297.16940785307423,-60.53092144043325,,,,0.753458896115886,subiendo
CP-CSSC2024-004,2024-07-05,AIR-E,REGULADO,17,2024-01-07,2038-12-31,29931.70241714589,12,0.0299317024171458,182.0,2024-06-21,2024-07-05,1.0,Esprod,Esprod,356.0,356.0,356.0,17.25,57631.2,0.0,202.3651874642333,266.5627036273667,104.2311403336,944.9231368786,73.07485627000412,-191.8389077477,279.7691898146509,96.9580797934,944.9231368786,81.68281636827746,-101.42560210656657,391.0724852893834,96.0792307093,1203.534033946,278.04877226253274,-453.4823291022998,153.6348125357667,89.43729637263328,-35.072485289383394,0.5174620948198091,bajando
CP-CSSC2024-005,2024-08-12,AIR-E,REGULADO,17,2024-01-07,2038-12-31,29727.434355911973,12,0.0297274343559119,182.0,2024-07-29,2024-08-12,3.0,"Esprod, Nova Energy, Proenergy",Esprod,338.596,300.0,361.0,33.51,112724.2,0.0,604.3383133076,395.3017020822022,106.3921855146,675.5148133076,96.7771078457645,334.8212007439,317.4894406049874,104.2311403336,917.3906204686,114.65758860623018,244.19773208129988,318.09334807779885,96.9580797934,944.9231368786,104.41713487417029,382.13118526490007,-265.74231330759994,-56.70570208220221,20.502651922201153,1.8998772434555649,subiendo
CP-EBPC2023-001,2023-06-22,BAJO PUTUMAYO,REGULADO,1,2023-01-08,2033-07-31,65.51706641999998,12,6.551706641999998e-05,129.0,,,,,,,,,,,,749.1596229890334,441.712073300943,105.1372213856,856.8032310398,182.1414885991309,-52.56473325256661,465.5444048141874,105.1372213856,907.7991953145,210.04652955954933,407.94480257373345,379.86825270742344,105.1372213856,907.7991953145,214.34024844506985,419.8876846258001,,,,1.9721564454243565,bajando
CP-EBPC2023-002,2023-07-14,BAJO PUTUMAYO,REGULADO,2,2023-01-07,2024-12-31,122.99311200000004,12,0.000122993112,24.0,,,,,,,,,,,,667.2388902573666,572.9382625989484,106.8677135048,917.7235984467,126.99319534549008,314.5997923609666,542.7043422015514,105.1372213856,917.7235984467,190.0383195341449,-59.81694053273304,479.8361501114882,105.1372213856,917.7235984467,198.60678637747037,452.4383695243665,,,,1.39055569302633,subiendo
CP-EBPC2023-003,2023-08-18,BAJO PUTUMAYO,REGULADO,6,2023-01-08,2027-12-31,487.9509305,12,0.0004879509305,61.0,2023-08-09,2023-08-18,1.0,Esprod,Esprod,340.3511627906977,333.3,360.5,181.167035235,37128125.8,0.0,718.1244276738335,547.8748444458365,180.6417193405,830.4373471554,117.66707496079701,265.51728962919987,575.9439281966797,106.8677135048,917.7235984467,114.55896624098975,149.2533196748003,533.7719136554978,105.1372213856,917.7235984467,159.08039106941806,-118.72212597589953,-377.77326488313577,-207.52368165513883,-193.42075086480008,1.345376947160466,subiendo
CP-EBPC2023-004,2023-09-22,BAJO PUTUMAYO,REGULADO,7,2023-01-11,2028-12-31,352.02997980000004,12,0.0003520299798,73.0,2023-09-12,2023-09-22,4.0,"Bioger, Esprod, Eycc, Nitroenergy",Nitroenergy,393.3781081081081,336.98,494.8,221.42942369840003,62900729.0,0.0,1059.9921744286996,831.6522973817688,100.6493710485,1061.7823646219,316.17927119884706,819.503869406033,699.5963523281126,100.6493710485,1061.7823646219,272.9881838744694,554.2555940053662,651.5012846246645,100.6493710485,1061.7823646219,242.1655960966485,171.6594093153327,-666.6140663205915,-438.2741892736607,-258.12317651655644,1.6269993620033614,subiendo
CP-EBPC2023-007,2023-12-29,BAJO PUTUMAYO,REGULADO,2,2024-01-01,2033-12-31,328.55627288,12,0.00032855627288,122.0,,,,,,,,,,,,332.9909804149335,683.9640179902002,101.7425017524,972.1135240824,187.457979617227,-200.65058283283332,590.821554678105,100.6084262965,1069.0009553452,188.77352153154422,-220.38734080673333,741.3577232579885,100.6084262965,1581.2687472851,296.40168223651443,-679.2299885336001,,,,0.44916370325456834,bajando
CP-EBPC2024-002,2024-08-20,BAJO PUTUMAYO,REGULADO,1,2029-01-01,2033-12-31,253.56611962,12,0.00025356611962,61.0,2024-08-09,2024-08-20,1.0,Epm,Epm,300.754,298.65,304.51,126.78305981,50000000.0,0.0,762.8237719220336,486.02112873636565,106.3921855146,842.7106885887,121.69391644665677,440.90878031683354,362.1963834716285,104.2311403336,917.3906204686,159.00356151014844,544.6080872572336,353.4012807171788,96.9580797934,944.9231368786,136.49672881581722,397.07935781460026,-462.0697719220336,-185.26712873636563,-52.647280717178774,2.1585201116815105,subiendo
CP-EBPC2024-003,2024-10-30,BAJO PUTUMAYO,REGULADO,5,2029-01-01,2033-12-31,253.56611962,12,0.00025356611962,61.0,2024-10-22,2024-10-30,1.0,Epm,Epm,307.754,303.65,314.51,126.78305981,50000000.0,0.0,1701.0249629188331,1684.4036729684658,491.2340232007,7235.163800523,1073.5191403615552,-5534.138837604169,1253.5690572862766,403.130285509,7235.163800523,882.8535267395289,1159.5030149924664,1027.693590883784,106.3921855146,7235.163800523,792.4795419730707,1267.2150288835664,-1393.270962918833,-1376.649672968466,-719.939590883784,1.6551868942337233,bajando
CP-EBPC2025-002,2025-07-24,BAJO PUTUMAYO,REGULADO,1,2029-01-01,2033-12-31,252.60389981,12,0.00025260389981,61.0,,,,,,,,,,,,166.48623731773336,130.27050211103762,104.245030937,943.029069734,22.076618072231625,47.01832483926671,120.77539474644588,104.245030937,943.029069734,19.4625005805108,57.20211987260008,122.18533662459714,104.245030937,1028.4095990923,21.816640066324137,50.50744665716665,,,,1.3625713356198095,subiendo
CP-EBPC2025-003,2025-10-20,BAJO PUTUMAYO,REGULADO,1,2029-01-01,2033-12-31,252.60389981,12,0.00025260389981,61.0,,,,,,,,,,,,147.1204159690667,249.99374738160435,99.5106548634,1186.2553402992,102.36063318189736,-125.47354293913332,265.12143082529064,99.3613695441,2218.5058114984,90.84543957612277,-160.3019128228334,238.5581462604773,99.3613695441,2224.1041157397,90.13383109062623,-14.038393325566602,,,,0.6167067370167632,bajando
CP-EBPC2025-004,2025-11-27,BAJO PUTUMAYO,REGULADO,1,2029-01-01,2033-12-31,252.60389981,12,0.00025260389981,61.0,2025-11-14,2025-11-27,1.0,Eycg,Eycg,365.7,356.5,383.5,252.6033,99999762.5,0.0,247.9852127148333,209.94565783544408,97.8514811963,1079.6145742473,68.26470741039864,78.49988074059996,200.51504453998908,97.8514811963,1079.6145742473,70.35348630771128,-66.02677247926673,232.05280202821717,97.8514811963,1186.2553402992,89.37467603824902,-147.5397777171332,117.7147872851667,155.7543421645559,133.64719797178282,1.068658557653093,subiendo
CP-EBPC2026-001,2026-03-03,BAJO PUTUMAYO,REGULADO,1,2029-01-01,2033-12-31,159.2112,12,0.0001592112,61.0,2026-02-19,2026-03-03,1.0,Eptc,Eptc,358.4,290.0,386.0,79.6056,50000000.0,0.0,118.94534616013335,122.47906610041719,101.9896033652,214.6493386226,12.976473280228928,-51.238909129133404,165.46409462989618,97.5798889926,354.8983116824,65.5209082235627,-215.41320870866667,203.11074320246595,97.5798889926,465.2102848761,88.71479703806752,-111.49663853306664,239.45465383986664,235.9209338995828,155.28925679753402,0.5856181917544637,bajando
CP-EBSC2024-001,2024-03-21,EBSA,REGULADO,4,2025-01-01,2035-12-31,6269.3036962481065,12,0.0062693036962481,134.0,2024-03-11,2024-03-21,1.0,Epm,Epm,295.564,287.85,314.65,748.921,11945840.2,0.0,654.1693751593336,551.0873549890119,101.1557965253,668.670041826,44.43515683812915,72.53444229983381,555.8443839630316,99.0195395125,712.3168047502,57.545973976821855,151.57445063796706,540.6211703450424,95.3362685607,720.7432589403,100.42404227837338,161.45450474336712,-358.6053751593336,-255.52335498901192,-245.05717034504238,1.2100328493274153,subiendo
CP-EBSC2024-002,2024-05-20,EBSA,REGULADO,4,2025-01-01,2039-12-31,6557.383315252821,12,0.0065573833152528,183.0,,,,,,,,,,,,286.8978015392666,277.0070812616868,96.0792307093,1007.1546876915,170.24421718481887,-689.1008861521923,584.4637260894157,96.0792307093,1267.373097607,356.43471162265547,-367.27157362006704,572.3277573731252,96.0792307093,1267.373097607,292.46554678193013,-294.73713132023323,,,,0.5012823471223422,bajando
CP-EBSC2024-003,2024-07-02,EBSA,REGULADO,4,2025-01-01,2039-12-31,6557.383315252821,12,0.0065573833152528,183.0,2024-06-18,2024-07-02,2.0,"Enel, Epm",Enel,307.1015,294.38,350.5,2243.99999988,34220967.3,0.0,165.24025781153338,272.972083350557,106.570665293,944.9231368786,70.17272999740062,-71.90533470389985,284.8440292205742,96.9580797934,944.9231368786,79.78045091699678,-110.03627733253322,420.6895864710545,96.0792307093,1267.373097607,303.68677619620877,-1069.2837564621334,141.8612421884666,34.12941664944299,-113.58808647105451,0.3927842835323016,bajando
CP-EBSC2024-004,2024-09-19,EBSA,REGULADO,3,2025-01-01,2039-12-31,1031.1908679592011,12,0.0010311908679592,183.0,2024-09-06,2024-09-19,1.0,Nitroenergy,Nitroenergy,305.32266666666663,269.9,379.9,659.9823628041709,64001959.6,0.0,925.5927408184664,702.9407253963249,109.2696221858,933.0631991518,135.71022030774233,162.76896889643274,591.7212082982192,106.3921855146,933.0631991518,168.19309490854405,603.6777492132662,473.8716275509161,104.2311403336,933.0631991518,220.43788989913722,707.3770561536664,-620.2700741517997,-397.61805872965823,-168.54896088424948,1.953256297706944,subiendo
CP-EBSC2024-005,2024-12-12,EBSA,REGULADO,3,2025-01-01,2040-12-31,11206.06258151659,12,0.0112060625815165,195.0,,,,,,,,,,,,891.4567287954668,696.1161112556131,101.5480226192,2135.3861089412,165.1310247010803,-88.70606095739981,1185.259210432057,101.5480226192,2675.4906932797,617.6296913277832,-380.31638010760014,1217.0378799111588,101.5480226192,7235.163800523,825.3761239015187,81.0420262855663,,,,0.7324806758361057,bajando
CP-EBSC2024-006,2025-02-07,EBSA,REGULADO,2,2025-01-01,2029-12-31,848.1600000000001,12,0.00084816,61.0,,,,,,,,,,,,640.5794558340332,586.8877410328668,191.6900339154,950.6756188552,173.86572504612204,399.54243289149986,619.6249854335665,111.7215041164,1356.9917160619,241.25401511028582,-207.17971913850033,640.8213651347871,101.5480226192,2135.3861089412,218.69660579376412,-141.09192363243335,,,,0.9996225011931319,subiendo
CP-EBSC2025-001,2025-04-11,EBSA,REGULADO,2,2025-01-01,2030-12-31,994.08,12,0.00099408,73.0,2025-03-31,2025-04-11,4.0,"Aes, Btg, Ceog, Enel",Enel,349.41133333333335,280.0,380.0,190.19,19132263.0,0.0,116.28358149810002,215.50853629960534,107.1173653048,942.288053224,49.260577752048775,-161.1711383925666,252.1879350242208,107.1173653048,943.3119881263,100.71719660228896,-474.16285483366676,373.7047096239004,107.1173653048,950.6756188552,206.43359563555347,-151.6434972135665,233.1277518352333,133.902797033728,-24.29337629056704,0.31116434581498537,bajando
CP-EBSC2025-002,2025-09-11,EBSA,REGULADO,2,2026-01-01,2026-12-31,1216.4600910415052,12,0.0012164600910415,12.0,2025-08-29,2025-09-11,1.0,Enel,Enel,358.29,358.29,358.29,75.76299999999999,6228153.4,0.0,299.73899828796664,270.51866757974295,99.3613695441,2224.1041157397,70.94556076288367,97.9738003583333,208.27536365416503,99.3613695441,2224.1041157397,83.5250248139234,181.87622286523333,179.51261882099158,99.3613695441,2224.1041157397,80.58484323594638,191.8837716653,58.55100171203338,87.77133242025707,178.77738117900844,1.669737761370769,subiendo
CP-EBSC2026-001,2026-04-23,EBSA,REGULADO,2,2026-10-01,2031-12-31,1158.827689,12,0.001158827689,64.0,2026-04-10,2026-04-23,1.0,Aes,Aes,351.25,330.0,370.0,46.281,3993777.5,0.0,274.4603784992666,269.5824591479043,101.9082334845,1581.032490266,83.44250556244698,-18.08289677670001,230.28417616021144,101.8204021756,1581.032490266,96.2578760941288,161.23413008413326,206.18269451508056,101.8204021756,1581.032490266,90.73450036526343,71.90087086353327,76.7896215007334,81.66754085209573,145.06730548491944,1.3311513807924946,bajando
CP-EDPC2022-002,2022-10-06,DISPAC,REGULADO,3,2023-01-01,2032-12-31,327000639.0,12,327.000639,122.0,,,,,,,,,,,,306.77183369816674,252.1304257999602,107.7088165684,844.8912918406,63.45211198018631,96.46414123230014,216.01217839042076,100.131751787,844.8912918406,81.67738593104023,201.0924152445001,181.2669698860707,97.2530866138,844.8912918406,83.3101415532537,200.86510085310005,,,,1.6923758028888436,subiendo
CP-EDPC2022-004,2022-12-28,DISPAC,REGULADO,7,2023-01-01,2032-12-31,326.933847,12,0.000326933847,122.0,2022-12-19,2022-12-28,2.0,"Enel, Esprod",Enel,294.6705263157895,290.22,302.3,69.48,21252005.8,0.0,509.2616914702666,318.085554832885,122.5279217119,516.5200248036,77.27347018202792,235.24938779526656,246.5506887556628,109.35222155,516.5200248036,95.08929207192475,323.7669277412666,266.37842337030065,109.35222155,916.9295892988,91.235797127944,283.08950208976665,-214.5911651544771,-23.415028517095493,28.292102945488864,1.911797828919224,subiendo
CP-EDPC2023-001,2023-05-25,DISPAC,REGULADO,7,2023-01-07,2027-12-31,584.625632,12,0.000584625632,61.0,2023-05-12,2023-05-25,2.0,"Esprod, Isagen",Isagen,303.6545454545454,285.0,353.4,119.71544,20477282.1,0.0,765.2225726731334,526.7442450167505,115.1098909257,907.7991953145,242.66398497575184,431.7679853427336,370.7843053687897,115.1098909257,907.7991953145,239.78147716667345,578.9556573204002,354.6532439100399,115.1098909257,907.7991953145,205.28362313760084,403.8103631441,-461.568027218588,-223.08969956220506,-50.99869845549449,2.1576641009583915,subiendo
CP-EDPC2024-001,2024-04-19,DISPAC,REGULADO,2,2026-01-01,2033-12-31,1154.256754,12,0.001154256754,97.0,2024-04-09,2024-04-19,1.0,Zonc,Zonc,314.55,314.05,315.05,535.824,46421560.7,0.0,1005.9053130523002,893.2494272078527,464.9507099907,1267.373097607,170.1688169860664,380.2408419509335,722.4399771993153,101.1557965253,1267.373097607,214.1090735414963,431.67310573616703,668.6056675201894,99.0195395125,1267.373097607,195.10148039525225,480.19538764273364,-691.3553130523003,-578.6994272078528,-354.0556675201894,1.5044821812281837,subiendo
CP-EDPC2024-002,2024-11-12,DISPAC,REGULADO,10,2026-01-01,2035-12-31,126.0,12,0.000126,122.0,,,,,,,,,,,,980.1627897528666,1667.786296038205,374.8339980862,2675.4906932797,499.2363790333274,-291.6103191502003,1477.8854166023664,374.8339980862,7235.163800523,894.310790853951,169.7480872429661,1203.2467344743163,109.2696221858,7235.163800523,831.2569659443807,307.94824159463303,,,,0.81459833770593,bajando
CP-EDPC2024-003,2024-12-26,DISPAC,REGULADO,1,2026-01-01,2031-12-31,362.03898,12,0.00036203898,73.0,,,,,,,,,,,,523.9834985627998,785.361385776495,103.5851447033,1356.9917160619,173.521571074615,30.292860116533234,1006.6855100702392,101.5480226192,2675.4906932797,560.7764102211739,-559.3056496379003,1208.765406454192,101.5480226192,7235.163800523,831.827966816082,-387.34114782176675,,,,0.4334865109184914,subiendo
CP-EDPC2025-001,2025-07-08,DISPAC,REGULADO,3,2025-08-01,2035-12-31,1489.0197785802184,12,0.0014890197785802,127.0,2025-06-26,2025-07-08,4.0,"Ampc, Eptc, Exig, Proenergy",Eptc,355.06666666666666,295.0,383.47,99.049,6651960.0,0.0,151.56096101936666,115.14406397513764,104.245030937,833.3700443527,14.0574659038395,43.37869821763334,120.32324548829304,104.245030937,1028.4095990923,21.23064234301012,45.309008029666614,120.95934008725796,104.245030937,1028.4095990923,21.557593884298875,-50.44657169009997,203.5057056473,239.92260269152902,234.10732657940872,1.2529909712638414,subiendo
CP-EDPC2025-002,2025-12-04,DISPAC,REGULADO,2,2026-01-01,2028-12-31,458.623156,12,0.000458623156,36.0,,,,,,,,,,,,237.29834017070007,239.21114114960324,99.3113310973,1079.6145742473,49.63306553730204,60.83209240673335,196.12641142797216,97.8514811963,1079.6145742473,64.71759092653518,28.003721241066785,227.82550275779118,97.8514811963,1186.2553402992,85.76037453813046,11.791748252033386,,,,1.0415793548055057,subiendo
CP-EDQC2022-002,2022-11-17,EDEQ,REGULADO,1,2023-01-01,2034-12-31,91.533037,12,9.1533037e-05,146.0,2022-11-02,2022-11-17,1.0,Isagen,Isagen,281.5,281.5,281.5,33.452037,36546407.8,0.0,164.30905524699995,227.54097922510425,109.35222155,916.9295892988,95.44014957043309,-192.45995211970006,249.46963642883932,109.35222155,916.9295892988,78.85919323903613,-60.6018178364335,245.92495061931461,100.6056013897,916.9295892988,81.28589100580515,38.41087582746654,117.19094475300005,53.95902077489575,35.575049380685385,0.6681268201262996,bajando
CP-EDQC2023-001,2023-06-22,EDEQ,REGULADO,7,2023-01-12,2033-12-31,279.262877,12,0.000279262877,134.0,2023-06-07,2023-06-22,2.0,"Esprod, Isagen",Esprod,282.975,272.55,293.4,143.82745479,51502532.8,0.0,749.1596229890334,441.712073300943,105.1372213856,856.8032310398,182.1414885991309,-52.56473325256661,465.5444048141874,105.1372213856,907.7991953145,210.04652955954933,407.94480257373345,379.86825270742344,105.1372213856,907.7991953145,214.34024844506985,419.8876846258001,-466.1846229890334,-158.737073300943,-96.89325270742341,1.9721564454243565,bajando
CP-EDQC2023-002,2023-10-27,EDEQ,REGULADO,5,2023-01-12,2027-12-31,347.331221,12,0.000347331221,60.0,2023-10-13,2023-10-27,2.0,"Coenersa, Termotasajero",Coenersa,371.515,350.0,393.03,98.2872,28297830.4,0.0,671.8531665283001,1085.6941857424733,398.7988465938,1581.2687472851,161.52586303810085,-369.3074092352331,1025.122799663266,253.8551705066,1581.2687472851,171.4695180092582,309.2784960217,856.6073296609645,100.6493710485,1581.2687472851,296.5756867651414,169.5757863186002,-300.3381665283001,-714.1791857424734,-485.09232966096454,0.7843187225519211,bajando
CP-EDQC2024-001,2024-03-14,EDEQ,REGULADO,3,2026-01-01,2030-12-31,244.236979,12,0.000244236979,61.0,2024-03-01,2024-03-14,1.0,Spectrum,Spectrum,299.5,294.0,305.0,47.993412,19650346.2,0.0,538.3539667248336,547.9598309835151,101.1557965253,712.3168047502,38.64199472882588,-57.69049781203307,554.3983199753143,99.0195395125,712.3168047502,56.21214144885863,-74.50393777106638,550.0527034463033,95.3362685607,932.934831241,115.05690730766602,-329.9766978494997,-238.85396672483364,-248.45983098351508,-250.55270344630333,0.9787316076292829,bajando
CP-EDQC2024-002,2024-06-26,EDEQ,REGULADO,1,2024-01-09,2039-12-31,75.67476,12,7.567476e-05,194.0,,,,,,,,,,,,263.4991948895001,305.39612132349146,96.9580797934,944.9231368786,68.87731220293745,-177.5578217461998,281.1089155310279,96.0792307093,944.9231368786,83.85996345820888,103.27767164773346,463.73815197037084,96.0792307093,1267.373097607,313.957411062885,-587.7661756253667,,,,0.5682068507193593,bajando
CP-EDQC2024-003,2024-09-18,EDEQ,REGULADO,8,2025-01-01,2032-12-31,739.628706,12,0.000739628706,97.0,2024-09-05,2024-09-18,5.0,"Enel, Epm, Isagen, Nitroenergy, Termotasajero",Epm,323.958125,290.74,398.98,847.943441,114644474.2,0.0,924.9569980037,694.0474876627346,109.2696221858,932.1269980037,129.52545231699327,275.0546269265333,581.768210508981,106.3921855146,932.1269980037,166.0569076205483,606.4971223287666,467.16208855791285,104.2311403336,932.1269980037,215.7787305905915,609.9323055485336,-600.9988730037,-370.08936266273463,-143.20396355791286,1.9799487600951498,subiendo
CP-EDQC2024-004,2024-12-20,EDEQ,REGULADO,2,2026-01-01,2027-12-31,216.75,12,0.00021675,24.0,2024-12-09,2024-12-20,1.0,Aes,Aes,327.7309090909091,323.76,331.04,83.17,38371395.6,0.0,927.7535500879331,753.9306252562747,101.5480226192,1356.9917160619,197.96813301474361,160.22357253513314,1096.9540046085992,101.5480226192,2675.4906932797,580.2406993249805,-288.513572176667,1223.8927139859995,101.5480226192,7235.163800523,823.076128475502,-6.182337831567224,-600.022640997024,-426.19971616536554,-896.1618048950904,0.7580350299385359,subiendo
CP-EDQC2025-001,2025-04-10,EDEQ,REGULADO,8,2026-01-01,2033-12-31,425.27281949,12,0.00042527281949,97.0,2025-03-28,2025-04-10,2.0,"Btg, Enel",Enel,321.0321212121212,314.88,385.0,303.915788,71463722.6,0.0,156.89827398659995,221.01751715857955,107.1173653048,943.3119881263,47.30455420417882,-130.1637141397001,260.46957452652464,107.1173653048,943.3119881263,109.72298601882318,-464.5653171520336,374.8325922356392,107.1173653048,950.6756188552,205.2887201144438,-62.02262517973338,164.13384722552124,100.01460405354163,-53.800471023518014,0.41858226108567836,bajando
CP-EDQC2025-002,2025-04-28,EDEQ,REGULADO,1,2025-01-07,2035-12-31,225.798886,12,0.000225798886,134.0,,,,,,,,,,,,109.82136186190004,148.33199516587746,106.0075004794,933.2926160428,42.48848609791331,-61.42717148376667,189.46108537062292,106.0075004794,943.3119881263,58.10738640018724,-128.37204072186663,284.7119305485781,106.0075004794,950.6756188552,181.09893833477355,-620.4722100313335,,,,0.38572799408264385,bajando
CP-EDQC2025-003,2025-08-12,EDEQ,REGULADO,1,2025-10-01,2035-12-31,225.79889268244887,12,0.0002257988926824,125.0,,,,,,,,,,,,201.76519792963333,145.8220543826344,102.2454770862,943.029069734,29.78590511763041,83.90242250690001,133.628439601112,102.2454770862,943.029069734,28.512443355512733,93.9099713069667,129.81395220788133,102.2454770862,943.029069734,27.074312125255684,37.82911078293333,,,,1.554264349078062,subiendo
CP-EDQC2025-004,2025-09-02,EDEQ,REGULADO,5,2026-01-01,2026-12-31,48.3,5,4.83e-05,12.0,,,,,,,,,,,,270.65997424516667,252.5560045845161,101.9382119807,2224.1041157397,83.97989621021377,157.21472353546665,196.22367959977655,101.9382119807,2224.1041157397,84.59720727441044,156.2421649330667,168.7388139178905,101.9382119807,2224.1041157397,79.82593723181874,163.61718722400002,,,,1.604017285417638,subiendo
CP-EDQC2025-005,2025-10-01,EDEQ,REGULADO,8,2026-01-01,2029-12-31,63.44,12,6.344e-05,49.0,2025-09-18,2025-10-01,5.0,"Btg, Cemex Energy, Enel, Epm, Termotasajero Dos",Epm,386.7794285714286,376.36,410.0,80.99307999999999,127668789.4,0.0,308.8719307882666,293.17404169304837,99.3613695441,1186.2553402992,86.88337319903411,-45.183151466266736,269.2324852506934,99.3613695441,2224.1041157397,89.1203018205022,178.60670860076655,225.8042454554472,99.3613695441,2224.1041157397,96.82663701485599,194.0102859137333,77.907497783162,93.60538687838022,160.9751831159814,1.367874772085316,bajando
CP-EDQC2025-006,2026-01-28,EDEQ,REGULADO,1,2026-04-01,2041-12-31,378.003276,12,0.0003780032759999,192.0,2026-01-15,2026-01-28,1.0,Coenersa,Coenersa,328.8911111111111,307.88,370.22,378.0,99999133.3,0.0,258.01623569713325,219.94588299864844,97.5798889926,356.760244171,73.62478646326227,-62.7145084738666,247.13836698128472,97.5798889926,465.2102848761,81.36461663793378,10.874026454333176,236.8736963438795,97.5798889926,1079.6145742473,78.00384957347082,144.6048629221666,70.87487541397786,108.94522811246267,92.01741476723163,1.089256594039721,bajando
CP-EDQC2026-001,2026-04-27,EDEQ,REGULADO,6,2027-01-01,2032-12-31,441.080618,12,0.000441080618,73.0,2026-04-14,2026-04-27,3.0,"Epm, Eptc, Ia Energía",Eptc,366.2,337.03,400.0,160.91323,36481591.7,0.0,281.84208361953324,266.034479629785,101.9082334845,1581.032490266,82.64010028957779,77.2270067027666,240.50119342456662,101.8204021756,1581.032490266,91.9461761167745,159.43453682529992,208.4091177622619,101.8204021756,1581.032490266,91.7341959090647,19.789162600033308,84.35791638046675,100.165520370215,157.7908822377381,1.3523500634028804,subiendo
CP-EEPC2022-002,2022-10-21,EEP,REGULADO,3,2023-01-01,2037-12-31,597.912,12,0.000597912,183.0,2022-10-07,2022-10-21,1.0,Nitroenergy,Nitroenergy,249.39866666666668,234.97,289.98,414.212,69276415.3,0.0,414.2665059659665,293.82831858335373,110.6575117993,916.9295892988,73.73482422151396,166.26256818169992,273.8116278304743,107.7088165684,916.9295892988,77.17303110429854,279.8259779537998,220.47942680486116,100.131751787,916.9295892988,99.22263220668853,310.51316920406646,-164.8678392992998,-44.42965191668705,28.919239861805522,1.8789349735230383,subiendo
CP-EEPC2022-003,2022-12-21,EEP,REGULADO,2,2023-01-01,2037-12-31,71.212,12,7.121200000000001e-05,183.0,2022-12-07,2022-12-21,1.0,Esprod,Esprod,313.06,311.49,314.63,4.768,6695500.8,0.0,357.1352101584,262.3463640165118,114.6673094646,410.6844715251,54.13011736871169,235.17244236046668,226.4583201800929,109.35222155,716.4522991211,66.0405322207881,14.6066558001001,249.17177438775133,109.35222155,916.9295892988,75.87085923215156,133.13260646143326,-44.07521015840001,50.71363598348819,63.888225612248675,1.4332891878942926,subiendo
CP-EEPC2022-004,,NAN,NAN,1,2023-01-01,2037-12-31,0.672,1,6.720000000000001e-07,183.0,,,,,,,,,,,,,,,,,,,,,,,,,,,,,,,,
CP-EEPC2022-005,,NAN,NAN,1,2023-01-01,2037-12-31,0.744,1,7.44e-07,183.0,,,,,,,,,,,,,,,,,,,,,,,,,,,,,,,,
CP-EEPC2022-006,,NAN,NAN,1,2023-01-01,2037-12-31,0.72,1,7.2e-07,183.0,,,,,,,,,,,,,,,,,,,,,,,,,,,,,,,,
CP-EEPC2022-007,,NAN,NAN,1,2023-01-01,2037-12-31,0.744,1,7.44e-07,183.0,,,,,,,,,,,,,,,,,,,,,,,,,,,,,,,,
CP-EEPC2022-008,,NAN,NAN,1,2023-01-01,2037-12-31,0.72,1,7.2e-07,183.0,,,,,,,,,,,,,,,,,,,,,,,,,,,,,,,,
CP-EEPC2022-009,,NAN,NAN,1,2023-01-01,2037-12-31,0.744,1,7.44e-07,183.0,,,,,,,,,,,,,,,,,,,,,,,,,,,,,,,,
CP-EEPC2022-010,,NAN,NAN,1,2023-01-01,2037-12-31,0.744,1,7.44e-07,183.0,,,,,,,,,,,,,,,,,,,,,,,,,,,,,,,,
CP-EEPC2022-011,,NAN,NAN,1,2023-01-01,2037-12-31,0.72,1,7.2e-07,183.0,,,,,,,,,,,,,,,,,,,,,,,,,,,,,,,,
CP-EEPC2022-012,,NAN,NAN,1,2023-01-01,2037-12-31,0.744,1,7.44e-07,183.0,,,,,,,,,,,,,,,,,,,,,,,,,,,,,,,,
CP-EEPC2022-013,,NAN,NAN,1,2023-01-01,2037-12-31,0.72,1,7.2e-07,183.0,,,,,,,,,,,,,,,,,,,,,,,,,,,,,,,,
CP-EEPC2022-014,,NAN,NAN,1,2023-01-01,2037-12-31,0.744,1,7.44e-07,183.0,,,,,,,,,,,,,,,,,,,,,,,,,,,,,,,,
CP-EEPC2022-015,,NAN,NAN,1,2023-01-01,2037-12-31,0.744,1,7.44e-07,183.0,,,,,,,,,,,,,,,,,,,,,,,,,,,,,,,,
CP-EEPC2023-001,2023-03-24,EEP,REGULADO,1,2023-01-01,2034-12-31,380.262,12,0.000380262,146.0,,,,,,,,,,,,329.27193836323335,327.21817762208485,116.6492906011,559.4679781751,98.33048809342122,-22.344362654233464,428.0237340579738,116.6492906011,866.2141478257,164.97361969378716,85.35224771626676,415.33210370364725,116.6492906011,866.2141478257,154.24000487817077,-91.34771388513332,,,,0.7927919258516539,bajando
CP-EEPC2023-002,2023-05-31,EEP,REGULADO,3,2023-01-06,2030-12-31,511.922069988605,12,0.0005119220699886,97.0,2023-05-17,2023-05-31,2.0,"Egrc, Nitroenergy",Nitroenergy,293.4807228915663,271.98,378.5,215.51,42098204.5,0.0,360.3704527560667,569.7428771697387,115.1098909257,907.7991953145,214.19342231199786,171.35174893493334,401.1127708173656,115.1098909257,907.7991953145,235.7047820928549,210.77515768270004,364.0606370459645,115.1098909257,907.7991953145,210.17084431014123,-11.769107226400081,-66.8897298645004,-276.2621542781724,-70.57991415439818,0.9898638196102704,subiendo
CP-EEPC2023-003,2023-08-11,EEP,REGULADO,3,2023-01-09,2025-12-31,139.193,12,0.000139193,36.0,2023-07-28,2023-08-11,1.0,Egrc,Egrc,335.46153846153845,314.5,369.0,28.26678982,20307623.1,0.0,743.8591253586,528.0284098995054,199.2780355415,794.0838753586,94.31949962193924,185.85033124169968,539.4222299761459,106.8677135048,917.7235984467,120.42477533742135,448.11955237673317,538.4656688686644,105.1372213856,917.7235984467,165.27926142682972,51.64151350189968,-408.3975868970615,-192.56687143796694,-203.0041304071259,1.381442064675125,subiendo
CP-EEPC2023-004,2023-10-20,EEP,REGULADO,4,2023-01-08,2037-12-31,563.2973864077301,12,0.0005632973864077,182.0,2023-10-06,2023-10-20,1.0,Nitroenergy,Nitroenergy,318.04999999999995,280.9,590.0,436.5864,77505490.1,0.0,1362.2730995474667,1070.1857794102204,738.693816434,1465.7639328808,77.17553034533111,321.906841785433,927.1716958947225,100.6493710485,1465.7639328808,278.3440194242371,934.8533807783333,806.6280729814465,100.6493710485,1465.7639328808,292.9724704484016,1018.3560825562665,-1044.2230995474667,-752.1357794102205,-488.57807298144655,1.6888491055267312,subiendo
CP-EEPC2023-005,2023-12-20,EEP,REGULADO,4,2024-01-01,2027-12-31,239.22909462773,12,0.0002392290946277,49.0,2023-12-06,2023-12-20,2.0,"Esprod, Nitroenergy",Esprod,361.2705882352941,323.9,383.7,65.083008538865,27205306.5,0.0,533.5117878588666,677.3424386950485,100.6084262965,972.1135240824,198.83607764445443,192.37247426423323,668.2439460782639,100.6084262965,1581.2687472851,261.9304098188639,-885.4464696998006,801.0799298321855,100.6084262965,1581.2687472851,289.8122442590839,-526.6989282365001,-172.24119962357247,-316.0718504597544,-439.8093415968914,0.6659907057846643,subiendo
CP-EEPC2024-001,2024-02-15,EEP,REGULADO,4,2024-01-03,2027-12-31,169.753940758118,12,0.0001697539407581,49.0,,,,,,,,,,,,595.3584714168669,561.6301330726506,99.0195395125,712.3168047502,68.78314774103077,-13.488917433099687,543.6813195182104,95.3362685607,804.5224512313,126.91766615101508,-181.0650214810994,580.7609482629938,95.3362685607,972.1135240824,167.2581653217063,-51.38466921943291,,,,1.0251351665388884,bajando
CP-EEPC2024-002,2024-03-08,EEP,REGULADO,4,2024-01-02,2027-12-31,162.140042128118,12,0.0001621400421281,49.0,2024-02-27,2024-03-08,2.0,"Epm, Nitroenergy",Epm,325.16,315.79,387.96,141.216477598118,87095374.9,0.0,541.9057085700667,541.5080021488345,100.9246560081,712.3168047502,43.87257850921653,-22.277588366266627,564.7419816819661,99.0195395125,720.7432589403,65.39974697844681,-93.28928977013368,572.7705398901276,95.3362685607,972.1135240824,145.16473978078773,-338.70925513483314,-216.7457085700667,-216.3480021488345,-247.61053989012754,0.9461130956107109,bajando
CP-EEPC2024-003,2024-05-06,EEP,REGULADO,1,2024-01-12,2024-12-31,7.729,1,7.729e-06,12.0,2024-04-22,2024-05-06,1.0,Isagen,Isagen,335.09,335.09,335.09,7.729,100000000.0,0.0,303.79078957079986,607.2731087809996,96.0792307093,1203.534033946,381.2512770243401,-352.0567269957332,660.6544941862693,96.0792307093,1267.373097607,304.12043167596136,-257.4208064713668,621.3545932806948,96.0792307093,1267.373097607,255.88239310694996,-255.92229160836672,31.299210429200116,-272.1831087809996,-286.2645932806948,0.48891694510024075,bajando
CP-EEPC2024-004,2024-08-27,EEP,REGULADO,13,2026-01-01,2037-12-31,1064.7354480367103,12,0.0010647354480367,146.0,2024-08-13,2024-08-27,2.0,"Enel, Isagen",Enel,292.409,283.52,304.22,644.364,60518695.2,0.0,534.6434855198335,546.8967879898518,106.3921855146,842.7106885887,125.28688531178442,253.0357821135002,407.5546330362712,104.2311403336,917.3906204686,178.4726384235394,320.1912262571667,370.83011562823117,96.9580797934,944.9231368786,158.8008225892694,75.02598050513336,-242.23448551983347,-254.48778798985177,-78.42111562823118,1.4417477518353183,subiendo
CP-EEPC2024-005,2024-10-30,EEP,REGULADO,13,2026-01-01,2037-12-31,1807.1988960734209,12,0.0018071988960734,146.0,2024-10-17,2024-10-30,1.0,Isagen,Isagen,297.43,297.43,297.43,98.55,5453190.6,0.0,1701.0249629188331,1684.4036729684658,491.2340232007,7235.163800523,1073.5191403615552,-5534.138837604169,1253.5690572862766,403.130285509,7235.163800523,882.8535267395289,1159.5030149924664,1027.693590883784,106.3921855146,7235.163800523,792.4795419730707,1267.2150288835664,-1403.594962918833,-1386.9736729684657,-730.263590883784,1.6551868942337233,bajando
CP-EEPC2024-006,2025-02-03,EEP,REGULADO,3,2026-01-01,2037-12-31,1561.6,12,0.0015616,146.0,,,,,,,,,,,,647.6934562366334,538.2642089176936,114.5906040569,950.6756188552,193.0721613473007,232.12509071543337,625.2556594693915,111.7215041164,1356.9917160619,243.85582221999064,-146.8210565309662,686.2656005344458,101.5480226192,2675.4906932797,314.2993070668247,-934.2032369594003,,,,0.9437941457829544,subiendo
CP-EEPC2025-001,2025-03-03,EEP,REGULADO,3,2026-01-01,2037-12-31,1561.6,12,0.0015616,146.0,2025-02-18,2025-03-03,1.0,Epm,Epm,326.125,316.39,349.9,554.53,35510374.0,0.0,214.2580066885333,404.52227199681835,110.3536358356,928.3608729033,189.4526195275272,-414.2771781900335,465.990329756918,110.3536358356,950.6756188552,200.6565959908467,-245.26007197479996,554.1105219441778,110.3536358356,1356.9917160619,251.90749274740463,-516.9512893442,111.8669933114667,-78.39727199681835,-227.98552194417778,0.3866701645310357,bajando
CP-EEPC2025-002,2025-04-21,EEP,REGULADO,3,2026-01-01,2032-12-31,337.509,12,0.000337509,85.0,,,,,,,,,,,,111.26058381273336,172.57712178941287,106.0075004794,942.188047252,58.14916757902433,-96.9099086034332,202.10693293861584,106.0075004794,943.3119881263,56.723134116477645,-141.8099450454333,329.63539758445273,106.0075004794,950.6756188552,207.9503728817333,-565.5199936397332,,,,0.33752620206459577,bajando
CP-EEPC2025-003,2025-05-16,EEP,REGULADO,3,2026-01-01,2032-12-31,131.853006,12,0.000131853006,85.0,,,,,,,,,,,,110.69182553176664,122.2309528595261,104.8531259259,1028.4095990923,22.09413578081811,-14.267463589733339,158.78505988392146,104.8531259259,1028.4095990923,56.896611560241936,-146.1792373996666,186.96905442166633,104.8531259259,1028.4095990923,69.57052062939925,-334.9649151782003,,,,0.5920328680816148,bajando
CP-EEPC2025-004,2025-06-17,EEP,REGULADO,3,2026-01-01,2028-12-31,248.2,12,0.0002482,36.0,2025-06-04,2025-06-17,3.0,"Ducg, Epm, Esprod",Ducg,374.93666666666667,359.0,382.5,187.5,75543916.2,0.0,105.3875477031,119.36435288252581,104.6011203545,859.1979470928,20.904141446499313,-1.347686422633302,120.70531759125424,104.6011203545,1028.4095990923,21.558397906025625,-8.75858409019996,142.91091272088323,104.6011203545,1028.4095990923,49.32980738873182,-150.5012940993666,269.5491189635667,255.57231378414087,232.02575394578344,0.7374352713632901,estable
CP-EEPC2025-005,2025-08-08,EEP,REGULADO,2,2026-01-01,2026-12-31,95.881,12,9.5881e-05,12.0,2025-07-25,2025-08-08,2.0,"Aes, Esprod",Esprod,379.375,377.5,380.5,54.824,57179211.7,0.0,167.11288447193337,145.88432298103118,102.4574721875,943.029069734,27.98327130383401,-14.592782505933314,130.88029070228689,102.4574721875,943.029069734,26.944485659592353,50.128078504366684,129.18549488140812,102.4574721875,1028.4095990923,26.55092617752722,61.584929796033364,212.26211552806663,233.49067701896882,250.18950511859188,1.293588607802621,bajando
CP-EEPC2025-006,2025-10-10,EEP,REGULADO,3,2026-01-01,2026-12-31,95.963,12,9.5963e-05,12.0,2025-09-29,2025-10-10,1.0,Merc,Merc,373.0,373.0,373.0,23.803,24804351.7,0.0,176.2022760640333,297.14617901768383,102.1857730007,1186.2553402992,77.55753991743788,-67.78378853083339,282.4306965356158,99.3613695441,2224.1041157397,76.64429118712182,1.8149690288666136,236.21368612100218,99.3613695441,2224.1041157397,92.52673090938212,53.360508622266664,196.7977239359667,75.85382098231617,136.78631387899782,0.7459443987245192,bajando
CP-EEPC2025-007,2025-11-24,EEP,REGULADO,7,2026-01-01,2026-12-31,74.294,6,7.429399999999999e-05,12.0,,,,,,,,,,,,251.9838484063333,198.22317091885697,97.8514811963,1079.6145742473,73.83045443524857,136.8155380445666,210.12383329931313,97.8514811963,1186.2553402992,87.89721859385456,-249.3794085595334,236.60694822835973,97.8514811963,2218.5058114984,93.17455398460099,-76.18238009233332,,,,1.0649892164753025,subiendo
CP-EEPC2025-008,2025-12-26,EEP,REGULADO,1,2026-01-01,2040-12-31,573.6,12,0.0005736,183.0,2025-12-12,2025-12-26,1.0,Nitroenergy,Nitroenergy,354.0233333333333,319.89,399.89,0.0,0.0,0.0,253.24822330906667,272.3182427071322,103.5308925291,795.3388925291,79.4561319186331,7.12508077996668,238.73286749281638,97.8514811963,1079.6145742473,82.37797495353318,146.61586782320003,224.99534106765745,97.8514811963,1079.6145742473,81.40002024900518,-42.1529282312666,100.77511002426664,81.70509062620113,129.02799226567586,1.1255709656357435,subiendo
CP-EGVC2024-002,2025-01-03,ENERGUAVIARE,REGULADO,6,2025-01-01,2030-12-31,703.80667998,12,0.00070380667998,73.0,,,,,,,,,,,,507.1387581797666,717.2288684696306,111.7215041164,1356.9917160619,256.6878690000359,-272.55141319440025,789.0141823097184,101.5480226192,2675.4906932797,393.0723708473785,-1858.7471905269995,1075.177281393743,101.5480226192,2675.4906932797,574.9253188061473,-863.0302920276667,,,,0.47167919835728583,bajando
CP-EGVC2025-001,2025-02-19,ENERGUAVIARE,REGULADO,3,2025-01-01,2031-12-31,819.2258054,12,0.0008192258054,85.0,2025-02-06,2025-02-19,2.0,"Ducc, Eycg",Eycg,435.6954545454546,390.0,494.1,386.06528798,47125625.9,0.0,229.8213056764334,590.9581440048851,110.3536358356,950.6756188552,152.02363027571198,-421.5828875453666,522.7141345690093,110.3536358356,1156.2627132623,192.50429323516747,-720.9230325858662,598.7899078472669,101.5480226192,1356.9917160619,222.85793288827037,-329.3900713386996,205.87414886902118,-155.26268945943048,-163.09445330181234,0.38380958440444163,bajando
CP-EGVC2025-002,2025-06-03,ENERGUAVIARE,REGULADO,1,2025-07-01,2031-12-31,356.453513,12,0.0003564535129999,79.0,,,,,,,,,,,,108.62790499819998,126.5417886147637,104.8531259259,1028.4095990923,25.959634613968035,3.1537442407999805,128.20606191457497,104.8531259259,1028.4095990923,28.080785135980463,-52.481085306600065,162.099410297188,104.8531259259,1028.4095990923,57.62000490668099,-115.61125098270007,,,,0.6701314014594191,estable
CP-EGVC2025-003,2025-07-11,ENERGUAVIARE,REGULADO,1,2025-08-01,2031-12-01,372.5531175214524,12,0.0003725531175214,77.0,2025-06-18,2025-07-11,2.0,"Aesp, Enerxia",Enerxia,367.23468208092487,330.0,394.9,268.734,72133069.7,0.0,141.22941612970007,120.22790839815161,104.245030937,837.5513753112,20.844059991089438,33.00091105440001,123.14581693374112,104.245030937,1028.4095990923,23.290334775974323,-14.182442205774947,121.14182401690265,104.245030937,1028.4095990923,21.170177026491633,28.339277705233386,226.0052659512248,247.00677368277326,246.0928580640222,1.1658188018532283,subiendo
CP-EMEC2022-001,2023-01-03,EMEE,REGULADO,1,2023-01-02,2025-12-31,45.309648,12,4.5309648e-05,36.0,,,,,,,,,,,,531.0305672357002,355.30502545947525,122.5279217119,561.4055672357,107.01728007331195,274.1216564895002,277.1490118378306,110.2820115627,561.4055672357,119.96625352756206,350.6436502027335,283.2020031607714,109.35222155,916.9295892988,108.58871696883386,220.06376479156694,,,,1.875094672032523,subiendo
CP-EMEC2025-001,2025-04-02,EMEE,REGULADO,1,2025-01-01,2027-12-31,22.58,12,2.258e-05,36.0,,,,,,,,,,,,214.24265207536652,231.6916487265602,108.2891369883,943.3119881263,36.4972995808728,-0.015354613166778108,319.80940222518365,108.2891369883,943.3119881263,161.69727955661975,-414.2925328032003,388.94058482425095,108.2891369883,950.6756188552,198.71566157423774,-245.27542658796673,,,,0.550836452750683,estable
CP-EMEC2025-002,2025-12-03,EMEE,REGULADO,1,2026-01-01,2030-12-31,43.8,12,4.38e-05,61.0,,,,,,,,,,,,230.4419846932,234.89900021579786,98.4160128894,1079.6145742473,55.28941088802728,126.82001347046666,195.88731227575138,97.8514811963,1079.6145742473,64.58976205553442,7.728692807966638,227.9361900524535,97.8514811963,1186.2553402992,85.7792346057195,-16.928899291766697,,,,1.0109934040758068,subiendo
CP-EMEC2026-001,2026-04-08,EMEE(POPAYAN),REGULADO,1,2026-06-01,2028-12-31,34.11360254,12,3.411360254e-05,31.0,2026-03-24,2026-04-08,1.0,Emeg,Emeg,300.0,300.0,300.0,34.11360254,100000000.0,0.0,301.607115266,240.21123933246875,101.9082334845,1581.032490266,74.55415679316759,193.2495415801667,179.7640156637585,101.8204021756,1581.032490266,81.49361939937482,187.07152018076658,178.2261783398674,97.5798889926,1581.032490266,71.38110804433798,107.55150805033344,-1.6071152659999939,59.78876066753125,121.7738216601326,1.6922716857612916,subiendo
CP-EMIC2022-002,2022-11-11,EMCALI,REGULADO,5,2023-01-01,2036-12-31,2671.488,12,0.0026714879999999,170.0,2022-10-29,2022-11-11,3.0,"Envc, Isagen, Nitroenergy",Envc,283.23206896551727,264.67,299.94,459.5997,17203884.1,0.0,165.87799864439998,257.98356277081183,109.35222155,916.9295892988,94.21647855740062,-174.72329084873328,266.44021318221854,109.35222155,916.9295892988,80.01509467496469,-43.93117869210005,243.17747673058165,100.4982299521,916.9295892988,84.82800149091182,58.230933627433316,117.35407032111729,25.248506194705442,40.054592234935626,0.6821273124244874,bajando
CP-EMIC2023-001,2023-06-15,EMCALI,REGULADO,3,2024-01-01,2026-12-31,1304.63,12,0.00130463,36.0,,,,,,,,,,,,363.4437399086333,494.609862604586,105.1372213856,907.7991953145,232.1843431861189,-413.2107899023335,432.8735383057388,105.1372213856,907.7991953145,209.0630067247224,151.42115847000002,355.31388625640335,105.1372213856,907.7991953145,206.75963206917172,144.14078137853318,,,,1.0228807653364924,bajando
CP-EMIC2024-001,2024-07-11,EMCALI,NO REGULADO,1,2025-01-01,2040-12-31,1732.563,12,0.001732563,195.0,,,,,,,,,,,,331.8692818423333,240.44632885639035,104.2311403336,917.3906204686,67.33910039701729,26.545965656300098,274.2236291573552,96.9580797934,944.9231368786,86.1352931569103,190.92675376379995,348.24362275140135,96.0792307093,1203.534033946,247.82987066427884,-704.438362203233,,,,0.9529802131631363,subiendo
CP-EMIC2024-002,2024-07-12,EMCALI,REGULADO,3,2025-01-01,2028-12-31,3740.2360333660495,12,0.003740236033366,49.0,2024-06-28,2024-07-12,1.0,Isagen,Isagen,324.36,322.54,326.18,206.9801512370668,5533879.4,0.0,296.4740062739999,240.16086724632473,104.2311403336,917.3906204686,67.07314024803392,-36.00976600610022,276.77332552121527,96.9580797934,944.9231368786,84.40892458405901,105.44306001129988,340.1135827758896,96.0792307093,1203.534033946,236.9013191219078,-722.9410927847005,27.885993726000095,84.19913275367529,-15.753582775889583,0.8716911681511849,bajando
CP-EMIC2024-003,2024-10-10,EMCALI,REGULADO,4,2025-01-01,2028-12-31,2947.338632247456,12,0.0029473386322474,49.0,2024-09-27,2024-10-10,2.0,"Ceo, Isagen",Ceo,368.64,328.36,408.92,175.67777064,5960556.0,0.0,1256.6803518266331,1241.3022359299493,668.2302092632,7235.163800523,1137.8120416256324,494.4178173409663,935.6568563481164,106.3921855146,7235.163800523,865.5818949006069,862.0099579786997,754.1416077022182,106.3921855146,7235.163800523,754.9411871607078,960.2063455526331,-888.0403518266331,-872.6622359299494,-385.50160770221817,1.666371857741137,subiendo
CP-EMIC2024-004,2024-12-03,EMCALI,REGULADO,4,2025-01-01,2028-12-31,2396.98520005,12,0.00239698520005,49.0,,,,,,,,,,,,731.2092960327333,914.6746203346572,101.5480226192,2675.4906932797,560.7664353175677,-1727.933736007366,1261.9732429149644,101.5480226192,2675.4906932797,602.2231119975528,-642.1208375080336,1206.545516367285,101.5480226192,7235.163800523,831.156213827388,82.43498539659981,,,,0.6060354011627238,bajando
CP-EMIC2025-001,2025-05-12,EMCALI,REGULADO,2,2025-01-01,2025-12-31,215.992,6,0.000215992,12.0,2025-04-28,2025-05-12,2.0,"Btg, Ducc",Btg,343.34375,300.0,365.0,225.833,104556187.3,0.0,155.41185833547502,118.30396809404544,104.8531259259,931.8853671459,16.802080958309134,42.52171991100833,165.09398223463128,104.8531259259,942.188047252,59.90289520180237,-96.23211924042491,202.86198473693526,104.8531259259,943.3119881263,96.43377850545905,-254.85852750012498,187.93189166452498,225.03978190595456,140.48176526306474,0.7660965090970987,subiendo
CP-EMIC2025-002,2025-08-04,EMCALI,REGULADO,6,2026-01-01,2032-12-31,7536.095858000001,12,0.007536095858,85.0,2025-07-22,2025-08-04,1.0,Nmrg,Nmrg,406.98,394.98,419.98,561.2,7446826.7,0.0,162.20795226136667,138.7627002298495,102.4574721875,943.029069734,24.77347549114381,53.05388182893337,126.14108754685135,102.4574721875,943.029069734,23.35867279048692,50.21185488733332,126.51215887517881,102.4574721875,1028.4095990923,24.15083851639859,8.539945866966661,244.77204773863335,268.21729977015053,280.46784112482123,1.2821530649983337,subiendo
CP-EMIC2025-003,2025-11-24,EMCALI,REGULADO,12,2026-01-01,2032-12-31,7454.4,12,0.0074544,85.0,2025-11-10,2025-11-24,9.0,"Btg, Depi, Eptc, Furesas, Generarco, Nitroenergy, Proenergy, Santa Fe, Termotasajero",Nitroenergy,400.815625,369.99,432.96,4470.599999999999,59972633.6,0.0,251.9838484063333,198.22317091885697,97.8514811963,1079.6145742473,73.83045443524857,136.8155380445666,210.12383329931313,97.8514811963,1186.2553402992,87.89721859385456,-249.3794085595334,236.60694822835973,97.8514811963,2218.5058114984,93.17455398460099,-76.18238009233332,148.83177659366672,202.59245408114305,164.20867677164028,1.0649892164753025,subiendo
CP-EMPC2022-001,2022-10-20,EMSERPUCAR,REGULADO,2,2023-01-01,2024-12-31,36.3,12,3.63e-05,24.0,,,,,,,,,,,,447.6231294636668,289.2523563342527,110.6575117993,916.9295892988,70.33465772830995,175.21145321983357,268.78608499589075,100.6056013897,916.9295892988,77.85271293412022,339.91473640730015,217.0643832771817,97.2530866138,916.9295892988,97.81682460862994,344.12558451653354,,,,2.062167559253937,subiendo
CP-EMPC2022-002,2023-01-25,EMSERPUCAR,REGULADO,1,2023-01-01,2026-12-31,53.720887,12,5.3720887e-05,49.0,2023-01-12,2023-01-25,1.0,Ciec,Ciec,318.5475,307.72,342.0,50.07347,93210430.4,0.0,277.9080973694001,374.45739782654624,121.2773590509,576.2648493423,131.85365866936004,-166.6274777443665,336.8445427948863,121.2773590509,576.2648493423,108.94430200197864,29.099973883433478,282.70677286422153,109.35222155,715.9951446816,119.97364769182605,37.54495952813343,40.63940263059993,-55.90989782654623,35.84072713577848,0.9830259620376122,bajando
CP-EMSC2023-001,2023-03-12,EMSA,REGULADO,5,2023-01-05,2032-12-31,4374.264551,12,0.004374264551,122.0,2023-03-01,2023-03-12,2.0,"Nitroenergy, Proenergy",Proenergy,280.524375,239.36,303.8,3172.12776,72517967.8,0.0,287.91458976029986,432.24557172395265,121.3422752025,837.6196155929,92.74578027906736,-268.994643917567,430.57527092059627,121.2773590509,866.2141478257,162.00697870495443,-148.11928645093343,424.89198338383176,121.2773590509,866.2141478257,144.26628067494744,43.87528052056663,-7.390214760299841,-151.72119672395263,-144.36760838383174,0.677618314818165,bajando
CP-EMSC2023-002,2023-07-26,EMSA,REGULADO,3,2024-01-01,2038-12-31,1697.972667,12,0.001697972667,183.0,2023-07-13,2023-07-26,2.0,"Coenersa, Isagen",Isagen,282.575,263.55,319.94,725.5008,42727472.2,0.0,508.3139960270668,532.9752462796462,106.8677135048,890.7504339508,88.35429270357061,-177.47727125706632,486.6920119593989,105.1372213856,917.7235984467,154.21388928712656,-142.0203239674001,505.8277087739505,105.1372213856,917.7235984467,188.3632209703975,258.9961536910668,-225.73899602706683,-250.40024627964618,-223.25270877395053,1.004915284809412,bajando
CP-EMSC2023-003,2023-10-20,EMSA,REGULADO,1,2024-01-01,2038-12-31,701.696,12,0.000701696,183.0,2023-10-06,2023-10-20,1.0,Nitroenergy,Nitroenergy,365.2,360.5,368.5,701.696,100000000.0,0.0,1362.2730995474667,1070.1857794102204,738.693816434,1465.7639328808,77.17553034533111,321.906841785433,927.1716958947225,100.6493710485,1465.7639328808,278.3440194242371,934.8533807783333,806.6280729814465,100.6493710485,1465.7639328808,292.9724704484016,1018.3560825562665,-997.0730995474667,-704.9857794102204,-441.4280729814465,1.6888491055267312,subiendo
CP-EMSC2024-001,2024-04-18,EMSA,REGULADO,12,2023-01-08,2034-12-31,3054.792333962827,12,0.0030547923339628,146.0,2024-04-09,2024-04-18,5.0,"Epm, Esprod, Isagen, Termoeléctrica El Morro 2, Zonc",Epm,316.761954674221,295.82,347.57,2804.25851352,91798662.8,0.0,1039.0826865920662,880.7170179245323,464.9507099907,1267.373097607,175.80814366735473,421.68206132269995,714.9523264319328,101.1557965253,1267.373097607,212.0069022476228,489.92407035009956,663.4977310717021,99.0195395125,1267.373097607,192.23624244039533,497.9995903520994,-722.3207319178453,-563.9550632503114,-346.7357763974811,1.5660681837053274,subiendo
CP-ENBC2022-001,2022-12-28,ENERBIT,REGULADO,3,2023-01-01,2027-12-31,526.999986,12,0.000526999986,61.0,2022-12-16,2022-12-28,3.0,"Epm, Esprod, Isagen",Isagen,277.85935483870963,250.64,315.0,245.081961,46505117.2,0.0,509.2616914702666,318.085554832885,122.5279217119,516.5200248036,77.27347018202792,235.24938779526656,246.5506887556628,109.35222155,516.5200248036,95.08929207192475,323.7669277412666,266.37842337030065,109.35222155,916.9295892988,91.235797127944,283.08950208976665,-231.40233663155698,-40.226199994175374,11.480931468408983,1.911797828919224,subiendo
CP-ENBC2023-001,2023-08-02,ENERBIT,REGULADO,2,2023-01-09,2033-12-31,2741.8,12,0.0027418,134.0,2023-07-25,2023-08-02,3.0,"Celsia, Coenersa, Isagen",Isagen,270.38278688524593,252.99,305.55,880.0000000002,32095703.6,0.0,552.4892412716,521.5820813760645,199.2780355415,748.46574709,81.27985242093267,68.8390197717668,500.5290531579186,105.1372213856,917.7235984467,145.73056909721808,305.85655869456673,528.264070053416,105.1372213856,917.7235984467,170.03288139974345,294.5900719769667,-282.1064543863541,-251.19929449081855,-257.8812831681701,1.0458580709752499,subiendo
CP-ENBC2025-001,2025-06-13,ENERBIT,REGULADO,3,2026-01-01,2037-12-31,2426.7,12,0.0024267,146.0,,,,,,,,,,,,107.85522662266663,121.5996794152269,104.6011203545,860.6945783967,22.133686420574683,-56.08086052403337,121.31556254470615,104.6011203545,1028.4095990923,21.42608011689553,-4.466841952366721,148.72944757096968,104.6011203545,1028.4095990923,52.8607474470713,-128.99841411386677,,,,0.7251773497726537,bajando
CP-ENBC2025-002,2025-07-22,ENERBIT,REGULADO,5,2026-01-01,2039-12-31,6381.1,12,0.0063811,170.0,2025-07-14,2025-07-22,6.0,"Celsia, Coenersa, Epm, Erco, Isagen, Santa Fe",Santa Fe,331.8623739495798,312.0,390.0,672.612886,10540704.4,0.0,161.1588092946333,126.56026391298494,104.245030937,837.5513753112,20.70588822204623,55.64078395313324,120.0327557659038,104.245030937,859.1979470928,19.04723735960598,-12.983141548166685,122.03100465889459,104.245030937,1028.4095990923,21.53400739253984,1.9509004820665723,170.70356465494652,205.30211003659488,209.83136929068525,1.32063822423744,subiendo
CP-ENDC2023-001,2023-05-25,ENEL,REGULADO,1,2023-01-06,2037-12-31,7392.492070498144,12,0.0073924920704981,182.0,,,,,,,,,,,,765.2225726731334,526.7442450167505,115.1098909257,907.7991953145,242.66398497575184,431.7679853427336,370.7843053687897,115.1098909257,907.7991953145,239.78147716667345,578.9556573204002,354.6532439100399,115.1098909257,907.7991953145,205.28362313760084,403.8103631441,,,,2.1576641009583915,subiendo
CP-ENDC2023-002,2023-08-24,ENEL,REGULADO,3,2023-01-09,2037-12-31,21999.35301171886,12,0.0219993530117188,182.0,2023-08-10,2023-08-24,3.0,"Coenersa, Isagen, Nitroenergy",Nitroenergy,282.1088461538462,246.91,409.91,6841.347641521836,31097949.3,0.0,199.1347986239333,542.840090206558,101.3955902906,833.1513270221,140.66308118042025,-301.8953584064667,541.91288558267,101.3955902906,890.7504339508,119.56178221523345,-516.6199439040668,507.43659941319197,101.3955902906,917.7235984467,153.18583535002014,-470.68437510736703,82.97404752991287,-260.7312440527118,-225.3277532593458,0.3924328652174795,bajando
CP-ENDC2023-003,2023-11-24,ENEL,REGULADO,3,2024-01-01,2038-12-31,51043.14995124892,12,0.0510431499512489,183.0,2023-11-10,2023-11-24,6.0,"Celsia, Enel, Esprod, Isagen, Nitroenergy, Nmrg",Esprod,332.75531531531533,264.0,690.0,14100.2,27624078.9,0.0,489.01801585163344,525.7761147855934,100.6084262965,1499.1240033681,162.50105912839206,-466.583904183133,814.3372764021512,100.6084262965,1581.2687472851,329.3335608361403,-551.8536620376997,844.7809201319177,100.6084262965,1581.2687472851,306.3025769032558,244.34193650376665,-156.2627005363181,-193.02079947027812,-512.0256048166024,0.5788696266663673,bajando
CP-ENDC2024-001,2024-06-05,ENEL,REGULADO,3,2025-01-01,2038-12-31,33490.21489019447,12,0.0334902148901944,170.0,2024-05-22,2024-06-05,6.0,"Enel, Epm, Esprod, Generarco, Nitroenergy, Zonc",Esprod,306.9971794871795,277.0,347.5,6200.505460278634,18514379.4,0.0,394.2040952119333,296.6671245631377,96.9580797934,944.9231368786,89.24941879110582,90.41330564113343,454.3992859688107,96.0792307093,1203.534033946,318.13524336253573,-261.64342135459975,540.5803760137242,96.0792307093,1267.373097607,306.5223935726205,-167.00750083023337,-87.2069157247538,10.330054924041804,-233.58319652654467,0.7292238355354678,subiendo
CP-ENDC2024-002,2024-11-25,ENEL,REGULADO,1,2025-01-01,2031-12-31,8951.447128240276,12,0.0089514471282402,85.0,2024-11-12,2024-11-25,3.0,"Enel, Epm, Isagen",Epm,314.26714285714286,292.8,339.98,3784.98996,42283553.8,0.0,442.18491340353336,1250.3604366982984,101.5480226192,2675.4906932797,709.1256936498335,-1257.3754690304665,1419.2217500738363,101.5480226192,7235.163800523,941.5825948299369,-478.8928128403334,1200.5438397301232,101.5480226192,7235.163800523,834.9308533987199,-92.4585721163001,-127.9177705463905,-936.0932938411555,-886.2766968729803,0.3683205050662161,bajando
CP-ENDC2024-003,2025-02-06,ENEL,REGULADO,1,2025-01-02,2039-12-31,4030.769864,12,0.004030769864,183.0,2025-01-24,2025-02-06,4.0,"Coenersa, Enel, Esprod, Nitroenergy",Esprod,318.2617391304348,296.84,368.5,2922.97229314,72516476.8,0.0,733.8331102446667,577.3063538565226,191.6900339154,950.6756188552,178.91898849350397,390.2766568773001,620.8448115141994,111.7215041164,1356.9917160619,241.54966356528948,18.844263492033292,650.7757652244641,101.5480226192,2135.3861089412,238.41252721600523,-812.5967537499663,-415.5713711142319,-259.0446147260878,-332.51402609402925,1.1276282084529603,subiendo
CP-ENDC2024-004,2025-02-06,ENEL,REGULADO,1,2025-01-02,2027-12-31,5433.777962,12,0.005433777962,36.0,2025-01-24,2025-02-06,4.0,"Enel, Eptc, Termotasajero Dos, Zonc",Zonc,366.0335483870968,352.5,380.0,471.625,8679504.4,0.0,733.8331102446667,577.3063538565226,191.6900339154,950.6756188552,178.91898849350397,390.2766568773001,620.8448115141994,111.7215041164,1356.9917160619,241.54966356528948,18.844263492033292,650.7757652244641,101.5480226192,2135.3861089412,238.41252721600523,-812.5967537499663,-367.7995618575699,-211.2728054694258,-284.74221683736727,1.1276282084529603,subiendo
CP-ENDC2025-001,2025-04-23,ENEL,REGULADO,1,2025-01-01,2027-12-31,4463.834079,12,0.004463834079,36.0,2025-04-08,2025-04-23,6.0,"Aes, Btg, Celsia, Enel, Esprod, Zonc",Esprod,369.0035714285714,280.0,392.59,715.934,16038544.2,0.0,159.20790881256673,170.52767713744944,106.0075004794,942.188047252,57.96026787249053,-36.7095648422999,199.55674402976993,106.0075004794,943.3119881263,57.00968042013112,-38.38382638109999,317.8444491089063,106.0075004794,950.6756188552,202.29867604000492,-577.9985384574328,209.79566261600465,198.47589429112193,51.15912231966507,0.5008988178302768,bajando
CP-ENDC2025-002,2025-04-23,ENEL,REGULADO,1,2026-01-01,2035-12-31,8463.595114,12,0.008463595114,122.0,2025-04-08,2025-04-23,1.0,Esprod,Esprod,343.9,329.5,382.1,101.764,1202373.2,0.0,159.20790881256673,170.52767713744944,106.0075004794,942.188047252,57.96026787249053,-36.7095648422999,199.55674402976993,106.0075004794,943.3119881263,57.00968042013112,-38.38382638109999,317.8444491089063,106.0075004794,950.6756188552,202.29867604000492,-577.9985384574328,184.69209118743325,173.37232286255053,26.055550891093674,0.5008988178302768,bajando
CP-ENDC2025-003,2025-07-03,ENEL,REGULADO,2,2025-08-01,2035-12-31,8094.062664,12,0.008094062664,127.0,2025-06-18,2025-07-03,2.0,"Generarco, Isagen",Generarco,302.87,285.74,320.0,304.926,3767280.0,0.0,114.8616448745333,112.71662954644732,104.245030937,824.9015104159,12.020493429977744,6.233739876333317,119.80955832785807,104.245030937,1028.4095990923,21.36641712278806,9.387484117133297,123.1445866783598,104.245030937,1028.4095990923,25.02656474563207,-46.24734543026675,188.00835512546672,190.15337045355267,179.7254133216402,0.9327380762139335,subiendo
CP-ENDC2025-004,2025-07-03,ENEL,REGULADO,1,2026-01-01,2039-12-31,7715.011154624759,12,0.0077150111546247,170.0,2025-06-18,2025-07-03,2.0,"Coenersa, Otag",Coenersa,336.7857142857143,322.0,389.0,1086.006,14076531.8,0.0,114.8616448745333,112.71662954644732,104.245030937,824.9015104159,12.020493429977744,6.233739876333317,119.80955832785807,104.245030937,1028.4095990923,21.36641712278806,9.387484117133297,123.1445866783598,104.245030937,1028.4095990923,25.02656474563207,-46.24734543026675,221.924069411181,224.06908473926694,213.64112760735446,0.9327380762139335,subiendo
CP-ENDC2025-005,2025-10-01,ENEL,REGULADO,4,2026-01-01,2035-12-31,23729.125266916544,12,0.0237291252669165,122.0,2025-09-18,2025-10-01,7.0,"Btg, Egrg, Enel, Epm, Esprod, Generarco, Termotasajero Dos",Generarco,377.4678733031674,356.98,390.0,2814.101,11859269.9,0.0,308.8719307882666,293.17404169304837,99.3613695441,1186.2553402992,86.88337319903411,-45.183151466266736,269.2324852506934,99.3613695441,2224.1041157397,89.1203018205022,178.60670860076655,225.8042454554472,99.3613695441,2224.1041157397,96.82663701485599,194.0102859137333,68.5959425149008,84.29383161011901,151.6636278477202,1.367874772085316,bajando
CP-ENDC2025-006,2025-10-01,ENEL,REGULADO,1,2026-01-01,2039-12-31,8149.074311725496,12,0.0081490743117254,170.0,2025-09-18,2025-10-01,4.0,"Btg, Coenersa, Erco, Otag",Otag,336.0548780487805,321.57,385.0,2915.47105,35776714.5,0.0,308.8719307882666,293.17404169304837,99.3613695441,1186.2553402992,86.88337319903411,-45.183151466266736,269.2324852506934,99.3613695441,2224.1041157397,89.1203018205022,178.60670860076655,225.8042454554472,99.3613695441,2224.1041157397,96.82663701485599,194.0102859137333,27.182947260513913,42.88083635573213,110.25063259333331,1.367874772085316,bajando
CP-ENDC2025-007,2025-12-11,ENEL,REGULADO,1,2026-01-01,2035-12-31,15151.59354651221,12,0.0151515935465122,122.0,2025-11-27,2025-12-11,8.0,"Aes, Btg, Depi, Esprod, Generarco, Nitroenergy, Ruitoque, Termotasajero",Esprod,387.6678756476684,360.0,409.89,1661.301,10964529.9,0.0,235.00332808349992,237.6612760066463,99.7874692181,835.984765073,51.054316001146184,-112.03330150483345,193.43895732832348,97.8514811963,1079.6145742473,63.90276158584325,126.79098513809993,226.3288730899868,97.8514811963,1186.2553402992,85.03746840595777,-45.68634545183346,152.66454756416846,150.0065996410221,161.33900255768157,1.0383267714590891,bajando
CP-ENDC2025-008,2025-12-11,ENEL,REGULADO,1,2026-01-01,2039-12-31,8149.074311725496,12,0.0081490743117254,170.0,2025-11-27,2025-12-11,1.0,Btg,Btg,335.6064285714286,321.34,385.5,7515.821,92229138.1,0.0,235.00332808349992,237.6612760066463,99.7874692181,835.984765073,51.054316001146184,-112.03330150483345,193.43895732832348,97.8514811963,1079.6145742473,63.90276158584325,126.79098513809993,226.3288730899868,97.8514811963,1186.2553402992,85.03746840595777,-45.68634545183346,100.60310048792866,97.94515256478229,109.27755548144177,1.0383267714590891,bajando
CP-ENDC2026-001,2026-03-12,ENEL,REGULADO,4,2026-04-01,2035-12-31,16678.8,12,0.0166788,119.0,2026-02-27,2026-03-12,1.0,Btg,Btg,220.0,200.0,240.0,34.2,205050.7,0.0,209.15544693416663,125.84918697534947,101.8204021756,1135.8690146496,27.478918740217477,92.63030978866668,146.037593239635,97.5798889926,1135.8690146496,44.0657817534287,84.08129045316663,197.75118364975168,97.5798889926,1135.8690146496,90.95084325811679,-42.54005808093342,10.844553065833367,94.15081302465053,22.24881635024832,1.0576697599171578,subiendo
CP-ENDC2026-002,2026-03-12,ENEL,REGULADO,1,2027-01-01,2040-12-31,5293.058867725496,12,0.0052930588677254,170.0,2026-02-27,2026-03-12,1.0,Btg,Btg,337.81928571428574,304.8,450.0,20664.609,390409582.0,0.0,209.15544693416663,125.84918697534947,101.8204021756,1135.8690146496,27.478918740217477,92.63030978866668,146.037593239635,97.5798889926,1135.8690146496,44.0657817534287,84.08129045316663,197.75118364975168,97.5798889926,1135.8690146496,90.95084325811679,-42.54005808093342,128.6638387801191,211.97009873893626,140.06810206453406,1.0576697599171578,subiendo
CP-ENIC2023-001,2023-09-06,ENELAR,REGULADO,3,2023-01-10,2032-12-31,1055.2693605501713,12,0.0010552693605501,121.0,2023-08-24,2023-09-06,3.0,"Enel, Isagen, Vchc",Vchc,303.21200000000005,287.69,341.31,1054.69999998,99946045.9,0.0,938.9837728268996,608.5110249070829,100.6493710485,993.2587728269,246.0701693567847,531.5403325001328,560.8552380408327,100.6493710485,993.2587728269,188.87330506052837,427.636328313066,549.697335756615,100.6493710485,993.2587728269,181.5379832588712,609.5467406587663,-635.7717728268995,-305.2990249070828,-246.48533575661492,1.7081832342055334,subiendo
CP-ENIC2024-001,2024-05-22,ENELAR,REGULADO,5,2024-01-07,2034-12-31,1846.408882,12,0.0018464088819999,134.0,2024-05-09,2024-05-22,3.0,"Isagen, Nitroenergy, Zonc",Zonc,355.07573964497044,330.21,446.75,874.050347,47337854.3,0.0,365.7444141074334,246.66722826683332,96.0792307093,806.9550041469,91.43455321227107,-177.76542337279977,572.6930020552709,96.0792307093,1267.373097607,359.0828665360722,-349.4077542166001,566.399199724642,96.0792307093,1267.373097607,294.8391883867426,-141.88279908453342,-10.668674462462945,108.40851137813712,-211.32346007967158,0.6457361067692927,bajando
CP-EPMC2022-002,2022-11-10,EPM,REGULADO,6,2023-01-01,2028-12-31,4193.43957904,12,0.00419343957904,73.0,2022-10-27,2022-11-10,3.0,"Enel, Epm, Isagen",Isagen,245.6508333333333,236.6,255.5,2246.67,53575828.6,0.0,185.5893434249,265.0252460074462,109.35222155,916.9295892988,95.25489099132095,-198.58083555516663,265.97282904982507,107.7088165684,916.9295892988,80.69268722940959,48.221776856499986,242.55736880416484,100.4982299521,916.9295892988,85.60207739874663,76.14116608443334,60.061489908433316,-19.374412674112875,3.0934645291684717,0.7651358700825144,bajando
CP-EPMC2022-003,2023-03-01,EPM,REGULADO,3,2023-01-01,2025-12-31,1818.69453047,12,0.00181869453047,36.0,2023-02-02,2023-03-01,1.0,Aes,Aes,312.0,312.0,312.0,32.0,1759503.8,0.0,374.0731976343666,528.32194955167,125.1307125572,866.2141478257,150.45065694558528,-194.70562964186695,445.58148861765414,121.2773590509,866.2141478257,162.1676703133436,-148.9995004478335,408.00220764086845,121.2773590509,866.2141478257,151.41664051475226,48.4148267595333,-62.07319763436658,-216.32194955166995,-96.00220764086845,0.9168411117119081,bajando
CP-EPMC2023-001,2023-06-02,EPM,REGULADO,6,2023-01-08,2028-12-31,4809.059332569448,12,0.0048090593325694,73.0,2023-05-19,2023-06-02,4.0,"Aes, Enel, Esprod, Isagen",Enel,280.7282242990654,259.58,394.8,1486.664227168426,30913825.9,0.0,253.70867818600004,574.0278491475431,118.071816346,907.7991953145,207.40708653206747,-1.3965131599999268,405.36099537676444,115.1098909257,907.7991953145,232.31267949461144,106.52312498556668,361.3678105037824,115.1098909257,907.7991953145,210.4187768042541,-196.30482614293322,27.01954611306536,-293.29962484847766,-80.63958620471698,0.7020787984195525,estable
CP-EPMC2023-002,2023-09-08,EPM,REGULADO,9,2023-01-12,2031-12-31,8476.252545166742,12,0.0084762525451667,109.0,2023-08-29,2023-09-08,8.0,"Celsia, Coenersa, Enel, Epm, Esprod, Ia Energía, Isagen, Nitroenergy",Celsia,292.98638297872344,267.47,443.4,2880.779,33986469.7,0.0,1020.1230077620328,643.8099110360666,100.6493710485,1022.1209244287,261.6833536192276,405.1189023708331,578.3625649563941,100.6493710485,1022.1209244287,204.58471523632588,556.028372832166,564.8880829278037,100.6493710485,1022.1209244287,190.4866909869564,728.1010984692327,-727.1366247833093,-350.8235280573432,-271.90169994908024,1.8058851630835537,subiendo
CP-EPMC2023-003,2023-11-23,EPM,REGULADO,5,2024-01-01,2028-12-31,4838.884846015905,12,0.0048388848460159,61.0,2023-11-09,2023-11-23,3.0,"Aes, Generarco, Nitroenergy",Nitroenergy,374.9761904761905,350.0,449.98,319.0,6592428.0,0.0,419.9976762965002,555.8358897243075,100.6084262965,1534.7137472851,228.3294622408544,-1000.8733626552662,822.7055928051411,100.6084262965,1581.2687472851,327.40930248285434,-579.4876401374995,841.6246726615535,100.6084262965,1581.2687472851,311.4458310402124,218.19818024800014,-45.02148582030969,-180.85969924811707,-466.64848218536304,0.49903203879266,bajando
CP-EPMC2024-001,2024-05-17,EPM,REGULADO,5,2025-01-01,2029-12-31,7075.071648546597,12,0.0070750716485465,61.0,2024-05-03,2024-05-17,12.0,"Aes, Btg, Celsia, Enel, Epm, Eptc, Esprod, Generarco, Ia Energía, Isagen, Santa Fe, Termotasajero",Termotasajero,,,,0.0,0.0,0.0,260.5615195208,352.74431015320505,96.0792307093,1060.0403242966,281.88025835467516,-782.5977631091328,601.2410536539446,96.0792307093,1267.373097607,347.9949479701808,-260.0835521819669,582.7608249024589,96.0792307093,1267.373097607,286.0976888849613,-305.7499887277,,,,0.44711570920096105,bajando
CP-EPMC2024-002,2024-09-02,EPM,REGULADO,8,2025-01-01,2030-12-31,6683.152838,12,0.006683152838,73.0,2024-08-20,2024-09-02,12.0,"Aes, Btg, Celsia, Enel, Epm, Isagen, Nitroenergy, Ruitoque, Santa Fe, Termotasajero, Termotasajero Dos, Zonc",Enel,323.2408148148148,298.88,365.98,6627.118,99161550.9,0.0,641.4410994893332,579.9074719685558,106.3921855146,842.7106885887,95.18643537792319,165.39243946323325,445.27412774283334,104.2311403336,909.7311690574,163.78404600368614,432.44945915573317,388.12773960142937,104.2311403336,944.9231368786,162.18017354088894,335.6255727226332,-318.20028467451834,-256.66665715374097,-64.88692478661454,1.6526546135250029,subiendo
CP-EPMC2024-003,2024-11-22,EPM,REGULADO,4,2025-01-01,2028-12-31,4106.222611536528,12,0.0041062226115365,49.0,2024-11-08,2024-11-22,1.0,Esprod,Esprod,329.5,329.5,329.5,25.574,622810.9,0.0,676.4625008933332,1376.9212057834227,103.84716756,2675.4906932797,663.5204195368802,-1009.2133374770668,1444.895102739425,103.84716756,7235.163800523,919.6926311058942,-257.4967197523664,1205.7576486203493,103.84716756,7235.163800523,830.1401131175578,31.139232583399803,-346.9625008933332,-1047.4212057834227,-876.2576486203493,0.5610269208471158,bajando
CP-EPMC2025-001,2025-05-14,EPM,REGULADO,1,2026-01-01,2030-12-31,8407.75989652,12,0.00840775989652,61.0,2025-04-30,2025-05-14,2.0,"Enel, Esprod",Enel,363.7251111111111,344.99,391.9,551.6934,6561716.9,0.0,163.9360871467,122.40630130650783,104.8531259259,1028.4095990923,22.079204389527433,51.61401857166665,162.7659959710313,104.8531259259,1028.4095990923,58.049153802904044,-72.9175535898334,195.50186535989718,104.8531259259,1028.4095990923,83.32505302773762,-384.6280852727335,199.78902396441111,241.3188098046033,168.22324575121394,0.8385397594284428,subiendo
CP-EPMC2025-002,2025-09-03,EPM,REGULADO,1,2026-01-01,2040-12-31,12048.262120523155,12,0.0120482621205231,183.0,2025-08-21,2025-09-03,3.0,"Coenersa, Esprod, Nitroenergy",Nitroenergy,336.74632653061224,315.0,399.0,2802.37777,23259601.6,0.0,271.10314851999993,257.6417432235581,101.9382119807,2224.1041157397,79.95187653963023,108.89519625863326,198.79229171793887,101.9382119807,2224.1041157397,84.45052982950001,161.94907808756665,170.5416750332623,101.9382119807,2224.1041157397,80.26847327436809,159.10705114596658,65.6431780106123,79.10458330705416,166.20465149734994,1.589659234126346,subiendo
CP-EPMC2025-003,2025-12-01,EPM,REGULADO,5,2026-01-01,2030-12-31,6162.0,12,0.006162,61.0,2025-11-18,2025-12-01,2.0,"Celsia, Termotasajero",Termotasajero,387.6055555555556,379.0,412.45,401.4268,6514553.7,0.0,292.7380475383998,227.65657606972152,97.8514811963,1079.6145742473,61.41005389879554,135.67832756083314,197.78690203726066,97.8514811963,1079.6145742473,66.74357594304236,-6.422642302100201,228.5641893901414,97.8514811963,1186.2553402992,85.97060851883387,22.07807329323316,94.86750801715579,159.9489794858341,159.04136616541422,1.280769521767553,subiendo
CP-EPMC2026-001,2026-04-23,EPM,REGULADO,6,2027-01-01,2032-12-31,8166.868659641961,12,0.0081668686596419,73.0,2026-04-10,2026-04-23,3.0,"Epm, Eptc, Proenergy",Epm,351.9166666666667,335.58,360.17,352.258356,4313260.9,0.0,274.4603784992666,269.5824591479043,101.9082334845,1581.032490266,83.44250556244698,-18.08289677670001,230.28417616021144,101.8204021756,1581.032490266,96.2578760941288,161.23413008413326,206.18269451508056,101.8204021756,1581.032490266,90.73450036526343,71.90087086353327,77.45628816740009,82.33420751876241,145.73397215158613,1.3311513807924946,bajando
CP-EPSC2023-001,2023-06-16,CELSIA COLOMBIA,REGULADO,3,2025-01-01,2027-12-31,1434.175589,12,0.001434175589,36.0,2023-06-05,2023-06-16,3.0,"Celsia, Epm, Isagen",Epm,283.2388888888889,273.33,298.05,1121.9589348,78230235.1,0.0,409.9441384222,482.7804951404323,105.1372213856,907.7991953145,226.6104009971145,-401.2414391144001,436.11815399399404,105.1372213856,907.7991953145,207.10500073183294,115.9238622485334,357.4088442771956,105.1372213856,907.7991953145,206.33158850974573,206.40984280696682,-126.70524953331113,-199.54160625154344,-74.16995538830673,1.1469893512323373,bajando
CP-EPSC2023-002,2023-10-25,CELSIA COLOMBIA,REGULADO,5,2024-01-01,2028-12-31,2704.30567,12,0.00270430567,61.0,2023-10-12,2023-10-25,2.0,"Celsia, Isagen",Celsia,286.57666666666665,285.0,289.73,412.021328709,15235752.9,0.0,955.6019200347664,1107.4553620068584,452.1240033681,1581.2687472851,127.8847256219249,-85.2697578545667,1008.71485399485,101.8334126812,1581.2687472851,218.7074601391831,710.9258406868996,852.2209256382438,100.6493710485,1581.2687472851,300.11339025613347,412.32207943389983,-669.0252533680998,-820.8786953401918,-565.6442589715771,1.1213077399139182,bajando
CP-EPSC2023-003,2024-02-22,CELSIA COLOMBIA,REGULADO,5,2025-01-01,2029-12-31,2444.819703,12,0.002444819703,61.0,2024-02-12,2024-02-22,6.0,"Celsia, Coenersa, Enel, Epm, Isagen, Termotasajero",Enel,310.9273333333333,296.13,335.0,2167.3366318832,88650162.2,0.0,507.6272131919668,564.7882768073539,99.0195395125,712.3168047502,67.2315225966292,13.259095040700231,537.8232540535612,95.3362685607,720.7432589403,118.8336401545922,10.407553443633219,591.9079507825364,95.3362685607,972.1135240824,158.0562088532481,18.609197340333367,-196.6998798586335,-253.8609434740206,-280.9806174492031,0.8576117494635008,subiendo
CP-EPSC2024-001,2024-08-28,CELSIA COLOMBIA,REGULADO,5,2026-01-01,2030-12-31,2886.133861,12,0.002886133861,61.0,2024-08-14,2024-08-28,6.0,"Celsia, Enel, Epm, Eptc, Isagen, Zonc",Enel,317.1826315789474,297.43,349.8,2196.221,76095604.2,0.0,542.8511299979,555.323995299257,106.3921855146,842.7106885887,115.23029482579174,166.4280694799,412.938221081111,104.2311403336,917.3906204686,177.5010615484794,344.91967619596664,371.74477084782677,96.9580797934,944.9231368786,159.55580743474275,205.9944351801999,-225.6684984189526,-238.14136372030964,-54.56213926887938,1.460279128499471,subiendo
CP-EPSC2025-001,2025-03-27,CELSIA COLOMBIA,REGULADO,7,2026-01-01,2032-12-31,4615.63415,12,0.00461563415,85.0,2025-03-13,2025-03-27,2.0,"Celsia, Enel",Enel,328.586,315.38,350.0,581.336,12594932.4,0.0,302.88987312540013,234.08873648666776,111.5352419146,943.3119881263,39.2800142724252,0.8969927431002134,369.2450602561138,110.3536358356,950.6756188552,195.84620844195996,-452.4386966858663,396.1902926204025,110.3536358356,950.6756188552,196.06124878148634,-80.91526469039985,25.696126874599884,94.49726351333226,-67.60429262040248,0.7645060436036597,estable
CP-EPSC2025-002,2025-07-04,CELSIA COLOMBIA,REGULADO,10,2026-01-01,2035-12-31,4540.359233,12,0.004540359233,122.0,2025-06-19,2025-07-04,2.0,"Celsia, Epm",Epm,375.56,372.27,377.66,178.823,3938521.0,0.0,114.41780931209998,112.90340065334733,104.245030937,824.9015104159,11.999809479501774,7.37502229093333,119.95617551727938,104.245030937,1028.4095990923,21.296980568940523,8.053853273999977,122.63149677734113,104.245030937,1028.4095990923,24.716280912726617,-3.7476015969333503,261.14219068790004,262.6565993466527,252.9285032226589,0.9330213878074527,subiendo
CP-EPSC2026-001,2026-02-13,CELSIA COLOMBIA,REGULADO,5,2027-01-01,2030-12-31,1409.397,12,0.001409397,49.0,2026-02-02,2026-02-13,5.0,"Btg, Celsia, Eptg, Esprod, Ia Energía",Celsia,369.0058333333333,345.0,399.0,488.435,34655600.9,0.0,119.0194928794,163.52517265092152,97.5798889926,291.2693998206,49.430363703710775,-18.431064898233288,227.1012564888115,97.5798889926,443.5997902761,93.49669834200557,-174.69086310519992,227.41908578205894,97.5798889926,835.984765073,79.89784146511954,-124.58061853376667,249.98634045393334,205.4806606824118,141.58674755127439,0.5233487438844917,bajando
CP-EPSC2026-002,2026-04-21,CELSIA COLOMBIA,REGULADO,4,2027-01-01,2030-12-31,892.458789,12,0.000892458789,49.0,2026-04-08,2026-04-21,5.0,"Celsia, Enel, Epm, Eptc, Ia Energía",Celsia,386.758,361.84,437.29,651.458,72995863.6,0.0,297.5808837510666,270.74724587841183,101.9082334845,1581.032490266,83.77506647645968,-8.090783514166617,224.54063860433115,101.8204021756,1581.032490266,97.54009976718389,174.7255006939666,203.80815103222673,101.8204021756,1581.032490266,89.79473276575611,116.14142612719994,89.17711624893337,116.01075412158815,182.94984896777325,1.4601029558627037,bajando
CP-EPTC2022-002,2022-10-27,PUTUMAYO,REGULADO,1,2023-01-01,2023-12-31,46.577996,12,4.6577996e-05,12.0,2022-10-14,2022-10-27,1.0,Aesp,Aesp,312.0,312.0,312.0,36.8990884312,79220000.0,0.0,240.36313784126665,302.97223913337626,109.4987407909,916.9295892988,69.41764893321998,7.528033064599981,281.7422172452602,107.7088165684,916.9295892988,71.90227872552718,-26.279678027000017,230.8346322765553,100.131751787,916.9295892988,96.15703717249883,130.46457396293334,71.63686215873335,9.027760866623737,81.16536772344469,1.0412784921861098,subiendo
CP-EPTC2024-002,2024-12-12,PUTUMAYO,REGULADO,1,2025-01-01,2025-12-31,11.9999999988,12,1.19999999988e-05,12.0,2024-11-29,2024-12-12,1.0,Ducc,Ducc,470.0,470.0,470.0,11.9999999988,100000000.0,0.0,891.4567287954668,696.1161112556131,101.5480226192,2135.3861089412,165.1310247010803,-88.70606095739981,1185.259210432057,101.5480226192,2675.4906932797,617.6296913277832,-380.31638010760014,1217.0378799111588,101.5480226192,7235.163800523,825.3761239015187,81.0420262855663,-421.4567287954668,-226.11611125561308,-747.0378799111588,0.7324806758361057,bajando
CP-ESSC2023-001,2023-03-10,ESSA,REGULADO,3,2023-01-01,2040-12-31,4258.902842,12,0.0042589028419999,219.0,2023-02-27,2023-03-10,1.0,Isagen,Isagen,249.83666666666664,246.3,273.9,2059.361598,48354275.1,0.0,313.6173168691666,451.051810654015,121.3422752025,837.6196155929,93.85832814668947,-307.6795734800998,434.0923553927749,121.2773590509,866.2141478257,160.31169448524477,-119.00197284550006,423.5849308052788,121.2773590509,866.2141478257,145.6603015498537,76.9110930813998,-63.78065020249994,-201.21514398734837,-173.74826413861217,0.7403882764973428,bajando
CP-ESSC2023-002,2023-06-07,ESSA,REGULADO,2,2023-01-08,2036-12-31,2409.9401232,12,0.0024099401232,170.0,2023-05-25,2023-06-07,2.0,"Enel, Esprod",Enel,270.07,262.9,289.05,2191.8,90948317.7,0.0,346.0864303978333,569.4130774039182,105.1372213856,907.7991953145,214.11368537052078,-58.31111136336693,416.058809682977,105.1372213856,907.7991953145,223.05442810922747,204.2459398683666,350.3092949735084,105.1372213856,907.7991953145,209.69363240147007,-85.31188392886679,-76.01643039783329,-299.34307740391824,-80.23929497350838,0.9879453253559988,bajando
CP-ESSC2023-004,2023-12-15,ESSA,REGULADO,6,2024-01-02,2033-12-31,3940.0198403977456,12,0.0039400198403977,122.0,2023-12-01,2023-12-15,4.0,"Enel, Esprod, Isagen, Nitroenergy",Esprod,310.7797552447552,309.69,312.85,2213.3717764227013,56176665.8,0.0,868.3306645743334,655.6222198959624,100.6084262965,972.1135240824,206.8666347691324,69.42557362199989,707.7114006516332,100.6084262965,1581.2687472851,300.6850499154461,-207.53845771076647,818.3224720281456,100.6084262965,1581.2687472851,292.75313026333345,-185.22698692946653,-557.5509093295782,-344.8424646512072,-507.5427167833904,1.0611106186809784,subiendo
CP-ESSC2024-001,2024-05-17,ESSA,REGULADO,4,2024-01-08,2036-12-31,6962.21247147028,12,0.0069622124714702,158.0,2024-05-03,2024-05-17,5.0,"Enel, Epm, Esprod, Nitroenergy, Nmrg",Esprod,328.4535227272727,284.91,387.91,3549.666166666667,50984743.4,0.0,260.5615195208,352.74431015320505,96.0792307093,1060.0403242966,281.88025835467516,-782.5977631091328,601.2410536539446,96.0792307093,1267.373097607,347.9949479701808,-260.0835521819669,582.7608249024589,96.0792307093,1267.373097607,286.0976888849613,-305.7499887277,67.89200320647268,-24.290787425932365,-254.30730217518624,0.44711570920096105,bajando
CP-ESSC2024-002,2024-08-22,ESSA,REGULADO,8,2024-01-08,2038-12-31,5554.92219695,12,0.00555492219695,182.0,2024-08-08,2024-08-22,6.0,"Btg, Celsia, Epm, Isagen, Santa Fe, Termotasajero",Termotasajero,320.99747572815534,302.27,359.48,1259.85666860418,22680005.7,0.0,785.1897554921666,512.4153455563248,106.3921855146,842.7106885887,135.5258281724155,326.9793056422332,379.61960201081365,104.2311403336,917.3906204686,173.27243274867033,594.3453691348332,362.14214329984645,96.9580797934,944.9231368786,149.7268596616949,333.1234852057333,-464.19227976401123,-191.4178698281695,-41.144667571691116,2.168181113464182,subiendo
CP-ESSC2024-003,2024-11-20,ESSA,REGULADO,6,2025-01-01,2040-12-31,6838.16525584,12,0.00683816525584,195.0,,,,,,,,,,,,767.5299775528,1429.3508024429948,107.5518820908,2675.4906932797,634.0557840424765,-448.73714471180017,1455.244550284168,107.5518820908,7235.163800523,911.8815198868984,-166.40591036670037,1208.519684593672,107.5518820908,7235.163800523,828.3443060555879,-17.659777939366563,,,,0.6350992766914331,bajando
CP-ESSC2025-001,2025-02-27,ESSA,REGULADO,6,2025-01-02,2040-12-31,54880.84282068,12,0.05488084282068,195.0,2025-02-14,2025-02-27,6.0,"Aes, Coenersa, Enel, Epm, Eptc, Esprod",Eptc,326.38696498054475,200.0,401.0,1357.557,2473644.6,0.0,238.19340258376667,470.64041531923766,110.3536358356,950.6756188552,193.75264172566742,-492.1001693094669,470.7876303415224,110.3536358356,950.6756188552,195.780847805043,-61.411559865966694,570.2656990566024,103.5851447033,1356.9917160619,240.06319203115302,-358.1174087861998,88.19356239677808,-144.25345033869291,-243.8787340760577,0.41768846167288853,bajando
CP-ESSC2025-002,2025-07-18,ESSA,REGULADO,4,2026-01-01,2040-12-31,3920.5,12,0.0039205,183.0,2025-07-07,2025-07-18,2.0,"Enel, Isagen",Enel,365.4957142857143,347.45,377.65,117.54,2998087.0,0.0,142.1718974335,123.74313852524084,104.245030937,837.5513753112,20.52715494967546,36.79243576203335,121.79667212319727,104.245030937,859.1979470928,20.746253413718346,19.066670411800033,121.81225863247995,104.245030937,1028.4095990923,21.25463245301782,25.618715286666614,223.32381685221432,241.75257576047346,243.68345565323438,1.1671394901431649,subiendo
CP-ESSC2025-003,2025-12-17,ESSA,REGULADO,6,2026-02-01,2030-12-01,1055.7,12,0.0010557,59.0,2025-12-03,2025-12-17,6.0,"Beic, Biag, Edpc, Ia Energía, Isagen, Ruitoque",Edpc,372.1038686131387,350.0,395.0,255.428,24195131.2,0.0,346.1764707027,238.16251122539893,99.7874692181,835.984765073,48.9551677826081,159.79558481793336,206.86972548494424,97.8514811963,1079.6145742473,67.61956720913979,186.67053638709996,225.82608397790733,97.8514811963,1186.2553402992,83.03761867395644,39.79296180163328,25.927397910438685,133.94135738773974,146.27778463523134,1.5329339490143512,subiendo
CP-ESSC2026-001,2026-04-14,ESSA,REGULADO,7,2027-01-01,2040-12-31,5061.77572739,12,0.00506177572739,170.0,,,,,,,,,,,,412.00179780730014,267.5773977830655,101.9082334845,1581.032490266,77.31539532937339,192.06573583580013,200.28801235747542,101.8204021756,1581.032490266,91.02010475979586,292.98230492790015,188.65746827588097,97.5798889926,1581.032490266,81.19681096410301,274.5512400296668,,,,2.183861585616183,subiendo
CP-ESVC2023-002,2023-08-01,SIGLO XXI,REGULADO,1,2023-01-09,2025-12-31,11.579279578887824,12,1.1579279578887822e-05,36.0,2023-07-19,2023-08-01,1.0,Isagen,Isagen,355.4833333333333,347.8,370.85,7.563412197202159,65318504.0,0.0,547.1345043070999,521.5337974861602,199.2780355415,748.46574709,81.26132264030453,-3.8579363774666717,495.63101114012187,105.1372213856,917.7235984467,148.94075571427268,293.4258261210998,524.9961134608271,105.1372213856,917.7235984467,172.40338176847493,292.0293129610999,-191.65117097376657,-166.05046415282692,-169.51278012749384,1.0421686756885384,estable
CP-ESVC2024-001,2024-12-26,SIGLO XXI,REGULADO,1,2026-01-01,2026-12-31,4084.0,12,0.004084,12.0,,,,,,,,,,,,523.9834985627998,785.361385776495,103.5851447033,1356.9917160619,173.521571074615,30.292860116533234,1006.6855100702392,101.5480226192,2675.4906932797,560.7764102211739,-559.3056496379003,1208.765406454192,101.5480226192,7235.163800523,831.827966816082,-387.34114782176675,,,,0.4334865109184914,subiendo
CP-ESVC2025-002,2025-06-20,SIGLO XXI,REGULADO,3,2026-01-01,2028-12-31,13.05,12,1.305e-05,36.0,2025-06-11,2025-06-20,1.0,Exig,Exig,413.3333333333333,400.0,425.0,13.05,100000000.0,0.0,106.37182654149996,116.74878773684303,104.6011203545,859.1979470928,18.999250784137136,-63.23660259533338,120.21699694751763,104.6011203545,1028.4095990923,21.77806337026745,-4.888757271233402,138.15238467535866,104.6011203545,1028.4095990923,45.40349335511079,-101.7986658746666,306.96150679183336,296.5845455964903,275.1809486579747,0.769960118976309,bajando
CP-ETTC2025-001,2025-08-25,ENERTOTAL,REGULADO,4,2037-11-01,2041-11-24,2103.1,12,0.0021031,49.0,2025-08-11,2025-08-25,1.0,Enerco,Enerco,350.0,350.0,350.0,2103.1,100000000.0,0.0,297.6937937831668,202.19859300361938,101.9382119807,2224.1041157397,66.69143719184898,175.29027424683346,166.648032916947,101.9382119807,2224.1041157397,61.53111142216362,143.9712000339335,148.84731244711722,101.9382119807,2224.1041157397,56.74622560270888,174.84726114146684,52.306206216833175,147.80140699638062,201.15268755288278,1.9999944163515353,subiendo
CP-EVSC2023-001,2023-10-27,EMEVASI,REGULADO,1,2024-01-01,2026-12-31,37.829171,12,3.7829171e-05,36.0,2023-10-13,2023-10-27,1.0,Isagen,Isagen,337.71,321.49,353.93,25.457808,67296764.2,0.0,671.8531665283001,1085.6941857424733,398.7988465938,1581.2687472851,161.52586303810085,-369.3074092352331,1025.122799663266,253.8551705066,1581.2687472851,171.4695180092582,309.2784960217,856.6073296609645,100.6493710485,1581.2687472851,296.5756867651414,169.5757863186002,-334.1431665283001,-747.9841857424733,-518.8973296609645,0.7843187225519211,bajando
CP-EVSC2023-002,2024-01-24,EMEVASI,REGULADO,1,2024-01-03,2024-12-31,9.225864,9,9.225864e-06,12.0,,,,,,,,,,,,489.76429662106665,509.21595713752487,95.3362685607,720.7432589403,149.0327577884939,65.18877459256674,604.1033006410415,95.3362685607,972.1135240824,186.6478611039267,116.27289908239987,573.5577909606832,95.3362685607,1069.0009553452,178.393323773823,-266.1849249727332,,,,0.8539057516780196,subiendo
CP-EXEC2022-001,2022-09-30,EXENERGY,REGULADO,2,2022-01-12,2032-12-31,1346.0,12,0.001346,134.0,2022-09-21,2022-09-30,1.0,Enel,Enel,246.635,232.62,268.56,1344.0,99851411.6,0.0,239.3527830078332,253.3323519405247,107.7088165684,844.8912918406,67.6400014486935,-95.02767694190018,199.9200190779246,100.131751787,844.8912918406,84.2181379942459,127.76204922179991,170.10144168067734,97.0966532313,844.8912918406,81.05256344409766,135.04538133076653,7.282216992166781,-6.6973519405246975,76.53355831932265,1.4071178976669572,bajando
CP-EXEC2023-001,2023-03-21,EXENERGY,REGULADO,1,2023-01-05,2024-12-31,40.0,12,4e-05,24.0,2023-03-09,2023-03-21,1.0,Esprod,Esprod,310.0,310.0,310.0,4.0,10000000.0,0.0,291.23608951746667,335.6385464432333,116.6492906011,559.4679781751,102.03622972645942,-127.62170357513315,422.26557456037983,116.6492906011,866.2141478257,170.36760256297802,47.93791603543323,417.3582093850714,116.6492906011,866.2141478257,153.57638050517048,-65.89912064093335,18.763910482533333,-25.63854644323328,-107.3582093850714,0.6978084603788411,bajando
CP-EXEC2023-002,2023-05-11,EXENERGY,REGULADO,11,2023-01-01,2033-12-31,980.0,12,0.00098,134.0,,,,,,,,,,,,629.9293873606001,304.5259304447344,115.1098909257,670.1793873606,107.81651024493387,484.1793306863668,250.82284701273602,115.1098909257,670.1793873606,103.48457692583546,342.01479760030026,312.2185912248256,115.1098909257,837.6196155929,132.35233311630998,73.02015368273328,,,,2.0175908964594425,subiendo
CP-EXEC2023-003,2023-06-15,EXENERGY,REGULADO,1,2023-01-08,2033-12-31,915.0,12,0.000915,134.0,,,,,,,,,,,,363.4437399086333,494.609862604586,105.1372213856,907.7991953145,232.1843431861189,-413.2107899023335,432.8735383057388,105.1372213856,907.7991953145,209.0630067247224,151.42115847000002,355.31388625640335,105.1372213856,907.7991953145,206.75963206917172,144.14078137853318,,,,1.0228807653364924,bajando
CP-EXEC2023-004,2023-08-18,EXENERGY,REGULADO,5,2023-01-08,2033-12-31,1001.0,12,0.001001,134.0,,,,,,,,,,,,718.1244276738335,547.8748444458365,180.6417193405,830.4373471554,117.66707496079701,265.51728962919987,575.9439281966797,106.8677135048,917.7235984467,114.55896624098975,149.2533196748003,533.7719136554978,105.1372213856,917.7235984467,159.08039106941806,-118.72212597589953,,,,1.345376947160466,subiendo
CP-EXEC2023-005,2024-01-12,EXENERGY,REGULADO,1,2024-01-02,2036-12-31,465.0,12,0.000465,158.0,,,,,,,,,,,,665.0088004830333,560.9237222906839,95.3362685607,972.1135240824,202.6217492870921,-244.83722359936655,598.7559236925574,95.3362685607,972.1135240824,202.5332919825189,13.136111471000163,658.802911153158,95.3362685607,1581.2687472851,283.14147283131535,-387.5452801353998,,,,1.0094199482497923,bajando
CP-EXEC2024-001,2024-03-13,EXENERGY,REGULADO,2,2024-01-08,2034-12-31,3120.0,12,0.00312,134.0,,,,,,,,,,,,573.8190419241001,549.0420967659268,101.1557965253,712.3168047502,38.833346017968445,1.9148359445003962,556.1627487605181,99.0195395125,712.3168047502,57.37724912164351,-72.16508069816689,553.8979894650594,95.3362685607,932.934831241,120.38550041758968,-314.4559525075331,,,,1.035965200881628,estable
CP-EXEC2024-002,2024-09-18,EXENERGY,REGULADO,7,2024-11-01,2030-12-31,776.0,12,0.000776,75.0,,,,,,,,,,,,924.9569980037,694.0474876627346,109.2696221858,932.1269980037,129.52545231699327,275.0546269265333,581.768210508981,106.3921855146,932.1269980037,166.0569076205483,606.4971223287666,467.16208855791285,104.2311403336,932.1269980037,215.7787305905915,609.9323055485336,,,,1.9799487600951498,subiendo
CP-EXEC2024-003,2024-11-21,EXENERGY,REGULADO,6,2025-01-01,2030-12-31,780.0,12,0.00078,73.0,2024-11-08,2024-11-21,1.0,Epm,Epm,319.75,309.0,330.0,288.0,36923076.9,0.0,559.211377015133,1408.1554558220441,107.5518820908,2675.4906932797,652.1404132799239,-1085.512875075467,1449.1015255152442,107.5518820908,7235.163800523,916.701379611199,-373.8429132031662,1206.0364057093088,107.5518820908,7235.163800523,829.9646439980042,-142.61801897353394,-239.46137701513305,-1088.4054558220441,-886.2864057093088,0.46367702862687865,bajando
CP-EXEC2024-004,2024-12-30,EXENERGY,REGULADO,11,2026-01-01,2036-12-31,141.0,12,0.000141,134.0,,,,,,,,,,,,385.0886577223668,750.468257165164,109.2733634356,1356.9917160619,214.74639153478768,-49.47162237989994,928.0697463980985,101.5480226192,2675.4906932797,552.3740358486172,-2071.9895400837013,1116.413237272346,101.5480226192,2675.4906932797,553.8360477947962,-680.4489972983326,,,,0.3449337976887724,bajando
CP-EXEC2024-005,2024-12-30,EXENERGY,REGULADO,2,2025-01-02,2026-12-31,200.0,12,0.0002,24.0,,,,,,,,,,,,385.0886577223668,750.468257165164,109.2733634356,1356.9917160619,214.74639153478768,-49.47162237989994,928.0697463980985,101.5480226192,2675.4906932797,552.3740358486172,-2071.9895400837013,1116.413237272346,101.5480226192,2675.4906932797,553.8360477947962,-680.4489972983326,,,,0.3449337976887724,bajando
CP-EXEC2024-006,2025-02-03,EXENERGY,REGULADO,2,2025-01-02,2026-12-31,199.0,12,0.000199,24.0,,,,,,,,,,,,647.6934562366334,538.2642089176936,114.5906040569,950.6756188552,193.0721613473007,232.12509071543337,625.2556594693915,111.7215041164,1356.9917160619,243.85582221999064,-146.8210565309662,686.2656005344458,101.5480226192,2675.4906932797,314.2993070668247,-934.2032369594003,,,,0.9437941457829544,subiendo
CP-EXEC2025-001,2025-02-12,EXENERGY,REGULADO,2,2026-01-01,2036-12-31,967.2,12,0.0009672,134.0,2025-01-31,2025-02-12,2.0,"Btg, Soul Energy",Btg,316.6969696969697,310.0,352.0,902.05,93264061.2,0.0,610.1753416305335,634.517039775315,110.3536358356,950.6756188552,100.71988308273119,232.78595080510019,591.7756341218244,110.3536358356,1356.9917160619,229.1519253905335,-398.8401645221335,624.3514788577269,101.5480226192,2135.3861089412,214.17199690858922,-300.7778460325002,-293.4783719335638,-317.8200700783453,-307.6545091607572,0.9772946205667212,subiendo
CP-EXEC2025-002,2025-04-11,EXENERGY,REGULADO,1,2026-01-01,2027-12-31,240.0,12,0.00024,24.0,,,,,,,,,,,,116.28358149810002,215.50853629960534,107.1173653048,942.288053224,49.260577752048775,-161.1711383925666,252.1879350242208,107.1173653048,943.3119881263,100.71719660228896,-474.16285483366676,373.7047096239004,107.1173653048,950.6756188552,206.43359563555347,-151.6434972135665,,,,0.31116434581498537,bajando
CP-EXEC2025-003,2025-05-16,EXENERGY,REGULADO,1,2026-01-01,2035-12-31,719.999999986,12,0.000719999999986,122.0,2025-05-06,2025-05-16,1.0,Btg,Btg,323.75,200.0,495.0,700.8000000000001,97333333.3,0.0,110.69182553176664,122.2309528595261,104.8531259259,1028.4095990923,22.09413578081811,-14.267463589733339,158.78505988392146,104.8531259259,1028.4095990923,56.896611560241936,-146.1792373996666,186.96905442166633,104.8531259259,1028.4095990923,69.57052062939925,-334.9649151782003,213.05817446823335,201.5190471404739,136.78094557833367,0.5920328680816148,bajando
CP-EXEC2025-004,2025-06-12,EXENERGY,REGULADO,1,2025-09-01,2027-12-31,140.0,12,0.00014,28.0,,,,,,,,,,,,110.827292903,124.14431007284946,104.6011203545,1028.4095990923,24.866620725378503,-75.91148410596671,121.36076204507009,104.6011203545,1028.4095990923,21.40010399340046,0.214896758133321,150.19299506587848,104.6011203545,1028.4095990923,53.55563383279156,-130.21075575636655,,,,0.7378992133047771,bajando
CP-EXEC2025-005,2025-12-02,EXENERGY,REGULADO,1,2028-01-01,2031-12-31,480.0,12,0.00048,49.0,,,,,,,,,,,,254.17319834236665,230.78926892019894,97.8514811963,1079.6145742473,60.15281375044854,151.13288381273327,197.0494021766355,97.8514811963,1079.6145742473,65.8472838048517,-47.15627030476665,228.38301602857217,97.8514811963,1186.2553402992,85.89825227113607,-16.929950177633287,,,,1.1129251323599647,subiendo
CP-FREC2022-002,2022-10-28,FRANCA ENERGIA,NO REGULADO,1,2023-01-01,2032-12-31,79.68043,12,7.968043e-05,122.0,,,,,,,,,,,,259.5366863482667,303.8335804743957,109.4987407909,916.9295892988,68.68011113279013,41.540204243933346,281.6257233187028,107.7088165684,916.9295892988,71.93290010082862,-27.669820241466766,232.47900724875237,100.131751787,916.9295892988,95.34195974294254,153.25175334406669,,,,1.1163876232083296,subiendo
CP-GNCC2022-002,2022-11-10,VATIA,REGULADO,3,2023-01-01,2025-12-31,812.512326,12,0.000812512326,36.0,2022-10-27,2022-11-10,3.0,"Gensa, Nitroenergy, Vatia",Nitroenergy,276.656,270.0,282.55,910.990106,112120158.3,0.0,185.5893434249,265.0252460074462,109.35222155,916.9295892988,95.25489099132095,-198.58083555516663,265.97282904982507,107.7088165684,916.9295892988,80.69268722940959,48.221776856499986,242.55736880416484,100.4982299521,916.9295892988,85.60207739874663,76.14116608443334,91.06665657510001,11.63075399255382,34.09863119583517,0.7651358700825144,bajando
CP-GNCC2022-003,2023-01-19,VATIA,REGULADO,4,2023-01-01,2026-12-31,647.57,12,0.00064757,49.0,2023-01-05,2023-01-19,1.0,Nitroenergy,Nitroenergy,279.02,276.14,281.9,350.599999,54140864.9,0.0,235.77026361370008,404.76393392361723,121.8316128697,576.2648493423,113.0065562051509,-90.5146821601,329.647664072806,110.2820115627,576.2648493423,117.83914758784046,124.26183538433344,286.7306135456216,109.35222155,716.4522991211,120.55543372504418,-178.4962423522664,43.2497363862999,-125.74393392361725,-7.710613545621641,0.8222709835487683,bajando
CP-GNCC2023-001,2023-04-27,VATIA,REGULADO,5,2023-01-01,2027-12-31,1320.92,12,0.00132092,61.0,2023-04-14,2023-04-27,1.0,Aes,Aes,320.99,320.99,320.99,67.99000000000001,5147170.2,0.0,249.317842336,220.26520977530316,117.5239317394,485.9458171612,76.34806827003207,60.44111892993337,265.42758756008465,116.6492906011,559.4679781751,102.60833179490477,-66.19412042799985,356.24910662005493,116.6492906011,866.2141478257,174.4741598499819,-126.65659828349999,71.672157664,100.72479022469685,-35.25910662005492,0.6998413124496654,subiendo
CP-GNCC2023-002,2023-07-19,VATIA,REGULADO,8,2023-01-09,2028-12-31,890.213599251923,12,0.0008902135992519,73.0,2023-07-06,2023-07-19,1.0,Vatia,Vatia,275.58,275.58,275.58,53.3,5987327.1,0.0,452.6071380446336,600.0344058135861,106.8677135048,917.7235984467,107.2157001679747,-116.26396995439956,525.2742803749836,105.1372213856,917.7235984467,175.98496197782595,-384.2394156050994,497.770336933796,105.1372213856,917.7235984467,192.58452302450868,148.81063204363363,-177.0271380446336,-324.4544058135861,-222.190336933796,0.909269003116252,bajando
CP-GNCC2023-003,2023-12-13,VATIA,REGULADO,2,2024-01-02,2027-12-31,1173.5123340064565,12,0.0011735123340064,49.0,,,,,,,,,,,,909.8460240823998,646.6232896231353,100.6084262965,972.1135240824,200.90582769106396,257.9733350703667,712.6602548853865,100.6084262965,1581.2687472851,304.7579927163827,-142.70805653603327,822.291207630909,100.6084262965,1581.2687472851,294.77496303090834,-148.36865034630011,,,,1.1064766540599937,subiendo
CP-GNCC2023-004,2023-12-15,VATIA,REGULADO,1,2024-01-02,2034-12-31,1778.695588,12,0.001778695588,134.0,2023-12-01,2023-12-15,1.0,Vatia,Vatia,279.67,279.67,279.67,1120.57822044,63000000.0,0.0,868.3306645743334,655.6222198959624,100.6084262965,972.1135240824,206.8666347691324,69.42557362199989,707.7114006516332,100.6084262965,1581.2687472851,300.6850499154461,-207.53845771076647,818.3224720281456,100.6084262965,1581.2687472851,292.75313026333345,-185.22698692946653,-588.6606645743334,-375.9522198959624,-538.6524720281457,1.0611106186809784,subiendo
CP-GNCC2024-001,2024-08-02,VATIA,REGULADO,4,2025-01-01,2028-12-31,1234.1675956146369,12,0.0012341675956146,49.0,2024-07-22,2024-08-02,2.0,"Nitroenergy, Vatia",Nitroenergy,311.61833333333334,301.13,321.44,1485.067595614637,120329491.8,0.0,400.8821057138,302.31079598402687,104.2311403336,909.7311690574,83.44208224247008,213.83759149656672,288.46924044027327,104.2311403336,944.9231368786,78.2468256609454,146.7511115619667,290.8993837672066,96.9580797934,944.9231368786,81.43177900091797,79.83565037940019,-89.26377238046666,9.307537349306472,20.718949566126753,1.3780782225190533,subiendo
CP-GNCC2024-002,2024-12-26,VATIA,REGULADO,1,2025-01-01,2025-12-31,93.177676,11,9.3177676e-05,12.0,2024-12-12,2024-12-26,1.0,Nitroenergy,Nitroenergy,340.0,340.0,340.0,98.077676,105258770.4,0.0,523.9834985627998,785.361385776495,103.5851447033,1356.9917160619,173.521571074615,30.292860116533234,1006.6855100702392,101.5480226192,2675.4906932797,560.7764102211739,-559.3056496379003,1208.765406454192,101.5480226192,7235.163800523,831.827966816082,-387.34114782176675,-183.9834985627998,-445.361385776495,-868.7654064541921,0.4334865109184914,subiendo
CP-GNCC2025-001,2025-03-14,VATIA,REGULADO,4,2025-01-02,2035-12-31,1275.829838,12,0.001275829838,134.0,2025-03-03,2025-03-14,1.0,Vatia,Vatia,309.4625,306.5,332.9,395.09,30967295.8,0.0,241.03804865936655,273.29417210155697,111.0920082972,943.3119881263,106.72032602679712,-369.1372929711669,451.343806992664,110.3536358356,950.6756188552,209.9071820729559,-136.35134216606673,483.0797546697693,110.3536358356,1356.9917160619,248.5775533591881,-767.9774574933003,68.42445134063342,36.16832789844301,-173.6172546697693,0.49896118876714024,bajando
CP-GNCC2025-002,2025-10-10,VATIA,REGULADO,5,2026-01-01,2030-12-31,1385.8,12,0.0013858,61.0,2025-09-29,2025-10-10,1.0,Nmrg,Nmrg,337.0,330.0,344.0,598.9,43216914.4,0.0,176.2022760640333,297.14617901768383,102.1857730007,1186.2553402992,77.55753991743788,-67.78378853083339,282.4306965356158,99.3613695441,2224.1041157397,76.64429118712182,1.8149690288666136,236.21368612100218,99.3613695441,2224.1041157397,92.52673090938212,53.360508622266664,160.7977239359667,39.853820982316165,100.78631387899782,0.7459443987245192,bajando
CP-GNCC2025-003,2025-11-19,VATIA,REGULADO,1,2026-01-01,2035-12-31,269.43553003,12,0.00026943553003,122.0,,,,,,,,,,,,340.95070773403336,184.16372902854405,97.8514811963,1079.6145742473,74.36079328856312,193.83029176496666,218.22559594664807,97.8514811963,1186.2553402992,95.08006016223254,68.35674882583334,238.839147958885,97.8514811963,2218.5058114984,93.53875260544055,33.52837894213326,,,,1.4275327585439483,subiendo
CP-GNCC2025-004,2026-01-05,VATIA,REGULADO,1,2026-02-14,2027-12-31,292.26,12,0.0002922599999999,23.0,2025-12-19,2026-01-05,1.0,Nitroenergy,Nitroenergy,360.09913043478264,346.44,375.0,292.26,100000000.0,0.0,324.7415281339667,291.3843075960387,103.0407952197,443.5997902761,77.60199632155482,160.16158411743336,266.6990471144219,99.7874692181,835.984765073,69.43233109013907,139.65796324976662,227.9964961596623,97.8514811963,1079.6145742473,82.97969019533251,61.95985070690011,35.35760230081593,68.71482283874394,132.10263427512032,1.4243268366131179,subiendo
CP-GNCC2026-001,2026-02-12,VATIA,REGULADO,1,2026-04-01,2036-12-31,461.193977,12,0.000461193977,131.0,2026-01-30,2026-02-12,1.0,Vatia,Vatia,325.83558139534887,310.7,347.35,427.3,92650819.7,0.0,127.16058603686666,164.4143780664871,97.5798889926,291.2693998206,48.84756324082831,-19.42427472506658,229.02681715340216,97.5798889926,443.5997902761,92.43719038114224,-109.31810738256662,229.36732065563075,97.5798889926,835.984765073,79.38512211289482,-169.14828033756663,198.6749953584822,161.42120332886176,96.46826073971812,0.5543971376279186,bajando
CP-HLAC2022-002,2022-12-23,ELECTROHUILA,REGULADO,5,2023-01-01,2037-12-31,3490.656553,12,0.003490656553,183.0,2022-12-12,2022-12-23,2.0,"Epm, Isagen",Isagen,248.571,234.66,293.7,620.4262399992,17773912.5,0.0,419.113694959,279.5530269856602,117.347752135,422.238694959,55.705696639235924,246.09571471036668,231.12667119546722,109.35222155,716.4522991211,72.24433051843401,153.52051816826668,253.2277190972352,109.35222155,916.9295892988,79.38936493684105,219.53167820866668,-170.542694959,-30.982026985660212,-4.656719097235197,1.6550861669218264,subiendo
CP-HLAC2023-001,2023-03-23,ELECTROHUILA,REGULADO,3,2023-01-01,2037-12-31,9460.538,12,0.009460538,183.0,2023-03-09,2023-03-23,4.0,"Coenersa, Esprod, Isagen, Nova Energy",Esprod,273.7231328671329,235.0,394.0,8561.57549,90497765.5,0.0,321.62533798656654,330.2645262413816,116.6492906011,559.4679781751,99.84739539109513,-102.08340757486678,425.8215981949301,116.6492906011,866.2141478257,167.19535672229213,126.68368726899982,416.31937575415014,116.6492906011,866.2141478257,153.9703207169912,-97.48835697243345,-47.90220511943363,-56.541393374248685,-142.59624288701724,0.7725447257984374,bajando
CP-HLAC2023-002,2023-07-28,ELECTROHUILA,REGULADO,4,2023-01-08,2037-12-31,1438.407294743853,12,0.0014384072947438,182.0,2023-07-14,2023-07-28,1.0,Urrá,Urrá,310.0,310.0,310.0,5.8912835607658245,409569.9,0.0,485.3597814536335,524.7332602452021,199.2780355415,748.46574709,83.03321092623054,-126.85771180773332,485.50695885111804,105.1372213856,917.7235984467,152.85896583629741,110.98726776280023,511.5929744743362,105.1372213856,917.7235984467,184.48694649723535,298.5696923584668,-175.3597814536335,-214.73326024520213,-201.5929744743362,0.9487225307430045,bajando
CP-HLAC2023-003,2023-10-25,ELECTROHUILA,REGULADO,4,2023-01-12,2037-12-31,1299.23377876,12,0.00129923377876,182.0,,,,,,,,,,,,955.6019200347664,1107.4553620068584,452.1240033681,1581.2687472851,127.8847256219249,-85.2697578545667,1008.71485399485,101.8334126812,1581.2687472851,218.7074601391831,710.9258406868996,852.2209256382438,100.6493710485,1581.2687472851,300.11339025613347,412.32207943389983,,,,1.1213077399139182,bajando
CP-HLAC2023-004,2024-02-21,ELECTROHUILA,REGULADO,2,2024-01-01,2025-12-31,181.09206183037276,12,0.0001810920618303,24.0,2024-02-08,2024-02-21,6.0,"Aes, Eptc, Esprod, Generarco, Termotasajero, Vchc",Aes,410.0648888888889,370.0,455.0,99.87653832404531,55152355.8,0.0,601.1423889131001,564.6123165915096,99.0195395125,712.3168047502,67.39305703835383,98.96994241229987,537.7521466901006,95.3362685607,720.7432589403,118.85330604493174,97.85272489223354,590.9449888386301,95.3362685607,972.1135240824,158.84039438559438,181.14471261659997,-191.07750002421125,-154.54742770262072,-180.88009994974124,1.0172560902741739,subiendo
CP-HLAC2024-001,2024-08-13,ELECTROHUILA,REGULADO,3,2025-01-01,2036-12-31,2179.41167953,12,0.00217941167953,146.0,,,,,,,,,,,,619.1528659326999,406.5802747715247,106.3921855146,675.5148133076,101.86894299825438,389.02540532523324,321.7355436329612,104.2311403336,917.3906204686,120.89000972216485,247.88337840236647,322.4553891535132,96.9580797934,944.9231368786,108.575401217805,409.8119296139332,,,,1.9201194545330929,subiendo
CP-HLAC2024-002,2024-12-26,ELECTROHUILA,REGULADO,3,2025-01-01,2040-12-31,3907.961602,12,0.003907961602,195.0,,,,,,,,,,,,523.9834985627998,785.361385776495,103.5851447033,1356.9917160619,173.521571074615,30.292860116533234,1006.6855100702392,101.5480226192,2675.4906932797,560.7764102211739,-559.3056496379003,1208.765406454192,101.5480226192,7235.163800523,831.827966816082,-387.34114782176675,,,,0.4334865109184914,subiendo
CP-HLAC2025-002,2025-11-04,ELECTROHUILA,REGULADO,3,2026-01-01,2040-12-31,3044.0099378663663,12,0.0030440099378663,183.0,2025-10-21,2025-11-04,2.0,"Nova Energy, Santa Fe",Nova Energy,343.3928571428572,310.0,386.0,490.8,16123469.0,0.0,176.46624776396672,152.40748287846986,97.8514811963,828.5048736409,45.08824037620595,-32.82837116566657,221.19740365713554,97.8514811963,1186.2553402992,98.65527978346424,-49.040344154699966,234.68542825584575,97.8514811963,2224.1041157397,94.12811618309837,-14.190554213999974,166.9266093788905,190.98537426438736,108.70742888701147,0.7519267347591324,bajando
CP-ITLC2022-001,2023-02-10,ITALENER,REGULADO,2,2023-01-01,2034-12-31,15.63645,12,1.563645e-05,146.0,2023-01-30,2023-02-10,1.0,Enermás,Enermás,269.94,239.89,299.99,5.392156,34484528.1,0.0,556.9092336778668,432.980259238442,121.2773590509,866.2141478257,210.7460364375532,120.87535746663355,423.3191311174432,121.2773590509,866.2141478257,164.85833814436623,312.8699244381336,355.56314268343294,110.2820115627,866.2141478257,170.53859846767014,388.91211582196684,-286.96923367786684,-163.040259238442,-85.62314268343295,1.56627379732015,subiendo
CP-ITLC2023-001,2023-06-09,ITALENER,REGULADO,1,2023-01-07,2024-12-31,7.3392,12,7.3392e-06,24.0,,,,,,,,,,,,310.72985928680004,560.4259672628722,105.1372213856,907.7991953145,221.13961740303867,-271.4556855862335,422.04645300789673,105.1372213856,907.7991953145,217.80475301071942,167.29012250726677,349.15711102031133,105.1372213856,907.7991953145,209.53354014218866,-1.283522869233252,,,,0.8899428064884066,bajando
CP-NEUC2022-009,2022-12-21,NEU,REGULADO,3,2023-01-01,2037-12-31,753.856000044,12,0.000753856000044,183.0,,,,,,,,,,,,357.1352101584,262.3463640165118,114.6673094646,410.6844715251,54.13011736871169,235.17244236046668,226.4583201800929,109.35222155,716.4522991211,66.0405322207881,14.6066558001001,249.17177438775133,109.35222155,916.9295892988,75.87085923215156,133.13260646143326,,,,1.4332891878942926,subiendo
CP-NEUC2023-001,2023-04-21,NEU,REGULADO,1,2023-05-01,2023-12-31,41.16,8,4.1160000000000006e-05,8.0,2023-04-10,2023-04-21,2.0,"Esprod, Santa Fe",Santa Fe,343.1528571428572,324.0,375.0,11.8763736,28854163.3,0.0,319.62709398143335,209.63723547739673,116.9716646035,485.9458171612,69.34458492331804,-21.93130490459987,270.240843384376,116.6492906011,559.4679781751,106.53280198034494,-91.29347605596666,351.79841950000474,116.6492906011,866.2141478257,176.49053253007818,116.65897229843338,23.525763161423868,133.5156216654605,-8.645562357147526,0.9085518190664555,bajando
CP-NEUC2023-002,2023-06-22,NEU,REGULADO,1,2023-01-05,2024-12-31,145.2,12,0.0001451999999999,24.0,,,,,,,,,,,,749.1596229890334,441.712073300943,105.1372213856,856.8032310398,182.1414885991309,-52.56473325256661,465.5444048141874,105.1372213856,907.7991953145,210.04652955954933,407.94480257373345,379.86825270742344,105.1372213856,907.7991953145,214.34024844506985,419.8876846258001,,,,1.9721564454243565,bajando
CP-NEUC2023-003,2023-09-01,NEU,REGULADO,2,2024-01-01,2024-12-31,132.0,12,0.000132,12.0,,,,,,,,,,,,840.0535151349333,538.3362371994601,100.6493710485,868.7826818016,195.75130758241647,287.56427386333326,529.5898136814699,100.6493710485,868.7826818016,150.08800839517684,356.40329363510006,512.8374324675242,100.6493710485,917.7235984467,165.04632418505147,593.4208325579,,,,1.6380503098087136,subiendo
CP-NEUC2023-006,2023-12-06,NEU,REGULADO,1,2024-01-01,2030-12-31,1428.0,12,0.001428,85.0,2023-11-23,2023-12-06,1.0,Erco,Erco,269.92,269.92,269.92,270.0,18907563.0,0.0,811.7192019831328,569.0446093331419,100.6084262965,1068.9266496448,157.79836750547932,397.7788856716663,731.3024909966649,100.6084262965,1581.2687472851,318.97562068189245,-287.1076193352343,834.7378552357594,100.6084262965,1581.2687472851,299.98267256524304,-190.6826742879341,-541.7992019831329,-299.1246093331419,-564.8178552357595,0.9724240932548515,subiendo
CP-NEUC2024-001,2024-03-06,NEU,REGULADO,3,2024-01-05,2040-12-31,1400.0,12,0.0014,207.0,,,,,,,,,,,,543.0653526533664,544.1413927714904,99.0195395125,712.3168047502,46.349985807066034,-81.97398008203368,567.3205601286753,99.0195395125,720.7432589403,66.36882381251773,-83.24806167313375,578.2991311157007,95.3362685607,972.1135240824,149.02830319055477,-265.1716791632334,,,,0.9390734369696208,bajando
CP-NEUC2024-002,2024-04-15,NEU,REGULADO,3,2024-01-06,2040-12-31,1990.0,12,0.00199,207.0,2024-04-02,2024-04-15,1.0,Epm,Epm,300.45,292.0,316.69,840.0,42211055.3,0.0,1078.8364274291334,832.2510800028732,124.4282800361,1267.373097607,188.8037294544395,504.38952466836645,690.7203522914903,101.1557965253,1267.373097607,198.7395909934984,483.47795601226653,647.7924960836945,99.0195395125,1267.373097607,178.0007242523168,469.98903857916685,-778.3864274291334,-531.8010800028733,-347.34249608369447,1.665404329243339,subiendo
CP-NEUC2024-003,2024-05-24,NEU,MIXTO,3,2024-01-07,2040-12-31,1500.0,12,0.0015,207.0,2024-05-10,2024-05-24,1.0,Nmrg,Nmrg,295.625,255.0,399.0,1337.000000004,89133333.3,0.0,452.0662702864333,241.7340869866935,96.0792307093,619.0274955435,78.3011615347975,254.19268946853327,563.9274765240425,96.0792307093,1267.373097607,359.5556904577091,-283.5585677593003,563.7027221371567,96.0792307093,1267.373097607,295.6601540098018,-133.7308812717335,-156.44127028643328,53.89091301330649,-268.0777221371567,0.8019586433298069,subiendo
CP-NEUC2024-005,2024-12-09,NEU,REGULADO,1,2025-01-01,2026-12-31,590.1,12,0.0005901,24.0,2024-11-27,2024-12-09,2.0,"Furesas, Merc",Furesas,347.8777083333334,332.0,363.0,360.01,61008303.7,0.0,847.7591749725335,689.2057835738908,101.5480226192,2135.3861089412,158.65819296078405,66.08779550606698,1201.0807522467064,101.5480226192,2675.4906932797,614.3158053442884,-408.9211768540996,1214.171591747812,101.5480226192,7235.163800523,826.7270582200681,85.49664048686668,-499.88146663920014,-341.32807524055744,-866.2938834144786,0.698220235701756,subiendo
CP-NEUC2024-006,2025-01-22,NEU,REGULADO,5,2027-01-01,2031-12-31,588.99456,12,0.00058899456,61.0,2025-01-09,2025-01-22,1.0,Vchg,Vchg,355.08375,328.6,390.0,47.158272,8006571.7,0.0,701.4657314517,444.20201078262363,111.7215041164,981.2979266143,178.88165247186177,-14.463820162599745,605.9697667896286,101.5480226192,1356.9917160619,251.10825531177744,143.39152433676657,856.7366737921213,101.5480226192,2675.4906932797,563.0101492706698,-758.9964185254336,-346.38198145169997,-89.11826078262362,-501.6529237921213,0.8187646833732994,bajando
CP-NEUC2025-001,2025-03-26,NEU,REGULADO,6,2027-01-01,2041-12-31,2388.99456,12,0.00238899456,183.0,,,,,,,,,,,,244.6205181498333,232.81539623924084,111.5352419146,943.3119881263,37.578288701600144,-18.795807305333312,376.0921006038771,110.3536358356,950.6756188552,200.72797306835233,-475.93881618913315,398.6198928999343,110.3536358356,950.6756188552,196.2620176281063,-279.3629804129665,,,,0.6136686164110743,bajando
CP-NEUC2025-002,2025-03-20,NEU,REGULADO,1,2025-01-02,2026-12-31,146.3002004,12,0.0001463002003999,24.0,2025-03-07,2025-03-20,1.0,Egrg,Egrg,334.3809523809524,320.0,348.0,84.89,58024527.5,0.0,269.2483970353,233.9524878198871,111.5352419146,943.3119881263,35.54702474515049,-0.2648457924333343,421.49298935278415,110.3536358356,950.6756188552,212.09061354231528,-368.9289154207664,434.7967948649432,110.3536358356,1156.3070917546,214.91711953853914,-658.5051530526332,65.1325553456524,100.42846456106531,-100.41584248399079,0.6192511081387665,estable
CP-NEUC2025-003,2025-04-14,NEU,REGULADO,1,2025-01-01,2026-12-31,18.82562164,12,1.882562164e-05,24.0,2025-04-02,2025-04-14,1.0,Erco,Erco,339.38461538461536,320.0,342.0,18.82,99970138.4,0.0,112.32206857503336,201.49846717116773,107.0134852417,942.188047252,55.70748591578378,-124.53157216150005,231.2851881282612,107.0134852417,943.3119881263,78.89137243534024,-436.2421038444001,367.0443441542118,107.0134852417,950.6756188552,211.3373587751273,-331.2272167970666,227.062546809582,137.88614821344763,-27.659728769596427,0.30601770702627096,bajando
CP-NMRC2022-002,2022-10-21,ENER+,REGULADO,3,2023-01-01,2032-12-31,34.862468,12,3.4862468e-05,122.0,,,,,,,,,,,,414.2665059659665,293.82831858335373,110.6575117993,916.9295892988,73.73482422151396,166.26256818169992,273.8116278304743,107.7088165684,916.9295892988,77.17303110429854,279.8259779537998,220.47942680486116,100.131751787,916.9295892988,99.22263220668853,310.51316920406646,,,,1.8789349735230383,subiendo
CP-QIEC2022-002,2022-12-24,QI ENERGY,REGULADO,1,2023-01-02,2024-12-31,134.112,12,0.000134112,24.0,,,,,,,,,,,,420.61965224836666,287.540177695329,117.347752135,436.7029855817,57.63858194282654,236.03540011336665,233.66808882592022,109.35222155,716.4522991211,76.10083884402492,175.91651979393333,255.65670410270803,109.35222155,916.9295892988,81.09293123449676,237.6758487824,,,,1.6452517985970205,subiendo
CP-QIEC2023-001,2023-08-02,QI ENERGY,REGULADO,1,2023-01-09,,440.4,12,0.0004404,,,,,,,,,,,,,552.4892412716,521.5820813760645,199.2780355415,748.46574709,81.27985242093267,68.8390197717668,500.5290531579186,105.1372213856,917.7235984467,145.73056909721808,305.85655869456673,528.264070053416,105.1372213856,917.7235984467,170.03288139974345,294.5900719769667,,,,1.0458580709752499,subiendo
CP-QIEC2024-001,2024-03-20,QI ENERGY,REGULADO,2,2024-01-04,2032-12-31,1484.618997855,12,0.001484618997855,109.0,2024-03-12,2024-03-20,3.0,"Elic, Furesas, Terpel Energía",Furesas,316.76511627906973,306.58,362.5,1179.6033333333337,79454953.4,0.0,625.6644711013668,548.5087366714893,101.1557965253,659.1482800361,40.3890037668969,51.432263785233545,553.738491344183,99.0195395125,712.3168047502,56.223083507869454,99.95454569180015,539.241032841259,95.3362685607,720.7432589403,99.70665193900722,97.08760878633325,-308.899354822297,-231.74362039241953,-222.47591656218924,1.160268660945075,subiendo
CP-RTQC2022-003,2022-11-03,RUITOQUE,REGULADO,2,2023-01-01,2027-12-31,242.919360307,12,0.000242919360307,61.0,2022-10-24,2022-11-03,2.0,"Epm, Gensa",Gensa,267.736,236.18,302.5,234.128402157,96381120.8,0.0,223.58489587013327,294.9691564017591,109.35222155,916.9295892988,79.83611063714173,-55.16638706186677,269.9420754671333,107.7088165684,916.9295892988,76.1053662521847,21.441027606699947,237.85249664909742,100.131751787,916.9295892988,90.83363434167451,113.04649997359991,44.151104129866724,-27.233156401759118,29.883503350902572,0.9400149210961907,bajando
CP-RTQC2022-004,2023-01-28,RUITOQUE,REGULADO,2,2023-01-03,2024-12-31,72.260392,12,7.2260392e-05,24.0,2023-01-17,2023-01-28,1.0,Nova Energy,Nova Energy,310.0,310.0,310.0,6.0,8303304.0,0.0,396.3932978743335,364.7778672999667,121.2773590509,576.2648493423,127.54631766477621,-111.31974168643313,342.5369472531704,121.2773590509,576.2648493423,107.73040008336937,110.25511086723333,287.49682567764177,109.35222155,576.2648493423,120.53449376920892,265.1768679910001,-86.39329787433348,-54.777867299966715,22.503174322358234,1.3787745201708517,bajando
CP-RTQC2023-001,2023-04-21,RUITOQUE,REGULADO,3,2023-01-01,2034-12-31,142.72268416755574,12,0.0001427226841675,146.0,2023-04-10,2023-04-21,1.0,Enermás,Enermás,349.13,349.13,349.13,41.8584,29328484.3,0.0,319.62709398143335,209.63723547739673,116.9716646035,485.9458171612,69.34458492331804,-21.93130490459987,270.240843384376,116.6492906011,559.4679781751,106.53280198034494,-91.29347605596666,351.79841950000474,116.6492906011,866.2141478257,176.49053253007818,116.65897229843338,29.502906018566648,139.49276452260327,-2.6684195000047453,0.9085518190664555,bajando
CP-RTQC2023-002,2023-07-14,RUITOQUE,REGULADO,2,2024-01-01,2026-12-31,84.14364080755573,12,8.414364080755572e-05,36.0,,,,,,,,,,,,667.2388902573666,572.9382625989484,106.8677135048,917.7235984467,126.99319534549008,314.5997923609666,542.7043422015514,105.1372213856,917.7235984467,190.0383195341449,-59.81694053273304,479.8361501114882,105.1372213856,917.7235984467,198.60678637747037,452.4383695243665,,,,1.39055569302633,subiendo
CP-RTQC2023-004,2023-12-30,RUITOQUE,REGULADO,2,2024-01-02,2027-12-31,190.2415329177909,12,0.0001902415329177,49.0,,,,,,,,,,,,123.27791189626664,670.7264808498292,98.8977452296,972.1135240824,211.3886380387511,-532.0810117693662,583.7707282957214,98.8977452296,1069.0009553452,198.0020641620568,-331.3151899572668,731.5891182354361,98.8977452296,1581.2687472851,301.97181937452103,-937.536793722167,,,,0.16850703328339284,bajando
CP-RTQC2023-005,2024-03-01,RUITOQUE,REGULADO,1,2024-01-04,2027-12-31,186.04282307601272,12,0.000186042823076,49.0,2024-02-19,2024-03-01,1.0,Sochagota,Sochagota,330.0,330.0,330.0,10.561275,5676797.9,0.0,481.3171371258668,569.1735141814958,99.0195395125,712.3168047502,59.886379269285804,-155.9825201629667,562.8396554811378,95.3362685607,720.7432589403,82.01864051952899,259.6556602318335,592.8744796416393,95.3362685607,972.1135240824,154.25874911316404,-271.36335468799996,-151.3171371258668,-239.17351418149576,-262.87447964163925,0.8118364909496477,bajando
CP-RTQC2024-001,2024-05-02,RUITOQUE,REGULADO,2,2024-01-06,2028-12-31,705.9707379572397,12,0.0007059707379572,61.0,2024-04-19,2024-05-02,1.0,Termoeléctrica El Morro 2,Termoeléctrica El Morro 2,312.4,305.9,318.9,82.56,11694535.7,0.0,192.3342181571333,707.7039184607554,96.0792307093,1267.373097607,392.09613811254627,-839.2206677153667,674.245968253411,96.0792307093,1267.373097607,292.10396539835193,-280.8960601941002,636.6569142571809,96.0792307093,1267.373097607,246.57509582526248,-498.5365307033664,120.06578184286667,-395.3039184607554,-324.25691425718094,0.3021002581610837,bajando
CP-RTQC2024-002,2024-06-18,RUITOQUE,REGULADO,2,2024-01-08,2028-12-31,377.34,12,0.00037734,61.0,2024-06-04,2024-06-18,2.0,"Nitroenergy, Nova Energy",Nova Energy,317.2641509433962,304.0,336.0,9.672,2563205.6,0.0,238.436487716,329.06583468388925,96.9580797934,944.9231368786,74.9130881078699,42.23142274896668,316.57480066981736,96.0792307093,1028.3195630523,160.78087708844404,-767.4688253363003,505.44933814560426,96.0792307093,1267.373097607,316.3584685893631,-387.22798338536677,78.82766322739622,-11.801683740493047,-188.18518720220806,0.47173172407501274,subiendo
CP-RTQC2024-003,2024-10-16,RUITOQUE,REGULADO,5,2025-01-01,2030-12-31,135.01017653261604,12,0.0001350101765326,73.0,,,,,,,,,,,,1689.9289252074334,1362.1661810041621,610.2690672364,7235.163800523,1124.3790980845085,778.2991249515663,1019.1033177919546,109.2696221858,7235.163800523,872.6671364450343,1119.6946831308333,830.5701874062592,106.3921855146,7235.163800523,764.7191889200392,1385.4524870181333,,,,2.034661189182358,subiendo
CP-RTQC2024-004,2024-11-12,RUITOQUE,NO REGULADO,2,2024-12-01,2025-12-31,38.0212,12,3.80212e-05,13.0,,,,,,,,,,,,980.1627897528666,1667.786296038205,374.8339980862,2675.4906932797,499.2363790333274,-291.6103191502003,1477.8854166023664,374.8339980862,7235.163800523,894.310790853951,169.7480872429661,1203.2467344743163,109.2696221858,7235.163800523,831.2569659443807,307.94824159463303,,,,0.81459833770593,bajando
CP-RTQC2024-005,2024-11-15,RUITOQUE,REGULADO,6,2025-01-01,2030-12-31,278.686097,12,0.000278686097,73.0,,,,,,,,,,,,658.2047756078667,1596.4031436550533,107.5611089412,2675.4906932797,561.2998232573859,-1031.7241495995668,1475.8314776922666,107.5611089412,7235.163800523,896.1390780485466,-253.42502464800032,1208.3941858616313,107.5611089412,7235.163800523,828.4221776117663,87.97053353126671,,,,0.5446937624402268,bajando
CP-RTQC2024-006,2025-01-22,RUITOQUE,REGULADO,2,2025-01-01,2025-12-31,28.871718,11,2.8871718000000003e-05,12.0,2025-01-09,2025-01-22,1.0,Nitroenergy,Nitroenergy,437.5,415.0,460.0,28.871718,100000000.0,0.0,701.4657314517,444.20201078262363,111.7215041164,981.2979266143,178.88165247186177,-14.463820162599745,605.9697667896286,101.5480226192,1356.9917160619,251.10825531177744,143.39152433676657,856.7366737921213,101.5480226192,2675.4906932797,563.0101492706698,-758.9964185254336,-263.9657314517,-6.702010782623631,-419.23667379212134,0.8187646833732994,bajando
CP-RTQC2025-001,2025-04-25,RUITOQUE,REGULADO,2,2026-01-01,2030-12-31,240.995675,12,0.000240995675,61.0,,,,,,,,,,,,115.9787906605667,163.94420135617852,106.0075004794,933.2926160428,54.7315282725269,-128.6417274892666,197.62175421816667,106.0075004794,943.3119881263,58.24903796378348,-147.4375347945999,305.266679788222,106.0075004794,950.6756188552,195.1869583385149,-604.5805436783997,,,,0.37992613783144197,bajando
CP-RTQC2025-002,2025-06-06,RUITOQUE,REGULADO,2,2026-01-01,2030-12-31,248.7016751216323,12,0.0002487016751216,61.0,,,,,,,,,,,,106.84371480536667,125.2636104215594,104.6011203545,1028.4095990923,25.53390797937941,-3.714751972699986,126.80897959928485,104.6011203545,1028.4095990923,28.036646433921902,-66.09744878973338,158.68264927308212,104.6011203545,1028.4095990923,57.52674335458994,-78.60993518583332,,,,0.6733169334820964,estable
CP-RTQC2025-003,2025-08-28,RUITOQUE,REGULADO,5,2026-01-01,2030-12-31,262.35,12,0.00026235,61.0,2025-08-14,2025-08-28,5.0,"Btg, Ducg, Epm, Eptc, Esprod",Esprod,392.01875,373.8,412.0,42.76,16298837.4,0.0,453.0786864983999,225.53234523818068,101.9382119807,2224.1041157397,79.94208899997247,320.1367226655,178.43305772424756,101.9382119807,2224.1041157397,75.86536756237408,348.7753222280666,156.59185499487143,101.9382119807,2224.1041157397,69.73076640525113,344.00149234676655,-61.05993649839991,166.48640476181933,235.42689500512859,2.893373263336326,subiendo
CP-RTQC2025-005,2026-01-07,RUITOQUE,REGULADO,1,2026-01-01,2026-06-30,18.005,5,1.8004999999999998e-05,6.0,2025-12-24,2026-01-07,1.0,Rtqg,Rtqg,409.0,409.0,409.0,18.005,100000000.0,0.0,274.1473790810334,299.8733474637936,103.0407952197,443.5997902761,70.05264519384798,138.07896540376674,269.670878384494,99.7874692181,835.984765073,68.68505621159422,95.01714200950002,229.0273921949634,97.8514811963,1079.6145742473,83.57086101429357,39.789502901433536,134.85262091896658,109.1266525362064,179.9726078050366,1.197006945124105,subiendo
CP-SCEC2022-001,2022-12-16,SOL & CIELO ENERGIA,REGULADO,1,2023-01-01,2034-12-31,15.7995,12,1.57995e-05,146.0,,,,,,,,,,,,283.271270214,233.64553493682044,110.2820115627,410.6844715251,65.45094520857292,117.5658798821,234.13709088839724,109.35222155,916.9295892988,81.671318730456,-32.32378053746652,246.90295303366224,109.35222155,916.9295892988,74.70600577501675,-54.25249622753324,,,,1.1472980243188076,subiendo
CP-SCEC2023-001,2023-05-10,SOL & CIELO ENERGIA,REGULADO,2,2023-01-01,2035-12-31,26.4441935483871,12,2.64441935483871e-05,158.0,,,,,,,,,,,,582.1855448730336,288.83271590986124,115.1098909257,659.4405973995,93.30215467377317,438.7458080935003,245.61110922249722,115.1098909257,659.4405973995,91.37004227218928,270.1721627170003,311.4679879395334,115.1098909257,837.6196155929,130.71404281451032,20.56105647403342,,,,1.869166551350554,subiendo
CP-SCEC2023-002,2023-06-22,SOL & CIELO ENERGIA,REGULADO,2,2023-01-07,2035-12-31,25.80887096774194,12,2.580887096774194e-05,158.0,,,,,,,,,,,,749.1596229890334,441.712073300943,105.1372213856,856.8032310398,182.1414885991309,-52.56473325256661,465.5444048141874,105.1372213856,907.7991953145,210.04652955954933,407.94480257373345,379.86825270742344,105.1372213856,907.7991953145,214.34024844506985,419.8876846258001,,,,1.9721564454243565,bajando
CP-SCEC2025-001,2025-05-02,SOL & CIELO ENERGIA,REGULADO,1,2025-01-01,2035-12-31,9.630031,12,9.630031e-06,134.0,,,,,,,,,,,,106.8725623097,136.32607913705377,105.9874523097,933.2926160428,36.880992108378294,-107.37008976566652,183.51322806060108,105.9874523097,943.3119881263,60.66367950304938,-107.3854443788333,258.46416853746706,105.9874523097,943.3119881263,159.8477712155313,-521.6626225688668,,,,0.4134908251091204,bajando
CP-SCEC2025-002,2025-04-29,SOL & CIELO ENERGIA,REGULADO,2,2025-01-05,2025-12-31,7.053281999999999,8,7.053282e-06,12.0,,,,,,,,,,,,109.11708068503332,146.3277547574699,106.0075004794,933.2926160428,42.83544441787893,-64.69578117973334,187.34508009359453,106.0075004794,943.3119881263,58.65084475454697,-125.99614177706671,277.8858152605759,106.0075004794,950.6756188552,175.7449105250249,-647.2661833520667,,,,0.39266876786320776,bajando
CP-SCEC2025-003,2025-06-16,SOL & CIELO ENERGIA,REGULADO,3,2026-01-01,2028-12-31,109.02851886604552,12,0.000109028518866,36.0,,,,,,,,,,,,110.70665657183332,119.59294712273227,104.6011203545,859.1979470928,20.78460991398516,-1.7673125776666723,120.84560016931981,104.6011203545,1028.4095990923,21.48477814337802,-3.238128393266635,144.35603242629094,104.6011203545,1028.4095990923,50.13796096250531,-126.18678432336668,,,,0.7669001060164272,estable
CP-SCEC2025-006,2025-09-11,SOL & CIELO ENERGIA,REGULADO,1,2026-01-01,2028-12-31,42.19334491762213,12,4.219334491762213e-05,36.0,,,,,,,,,,,,299.73899828796664,270.51866757974295,99.3613695441,2224.1041157397,70.94556076288367,97.9738003583333,208.27536365416503,99.3613695441,2224.1041157397,83.5250248139234,181.87622286523333,179.51261882099158,99.3613695441,2224.1041157397,80.58484323594638,191.8837716653,,,,1.669737761370769,subiendo
CP-SCEC2025-007,2026-01-05,SOL & CIELO ENERGIA,REGULADO,1,2026-02-01,2026-07-31,5.582,6,5.582e-06,6.0,2025-12-26,2026-01-05,1.0,Eycg,Eycg,393.3333333333333,280.0,450.0,5.582,100000000.0,0.0,324.7415281339667,291.3843075960387,103.0407952197,443.5997902761,77.60199632155482,160.16158411743336,266.6990471144219,99.7874692181,835.984765073,69.43233109013907,139.65796324976662,227.9964961596623,97.8514811963,1079.6145742473,82.97969019533251,61.95985070690011,68.5918051993666,101.94902573729462,165.336837173671,1.4243268366131179,subiendo
CP-SOEC2022-001,2022-12-05,SOEN S.A. E.S.P.,NO REGULADO,1,2023-01-01,2032-12-31,1157.89787,12,0.00115789787,122.0,,,,,,,,,,,,299.0853359828332,202.16907298580645,110.2820115627,410.6844715251,70.19500660207389,125.71524352109992,245.93367119133387,109.35222155,916.9295892988,88.68847758954114,-7.68649771533353,247.37610229419738,107.7088165684,916.9295892988,80.96800838541114,88.7776435169666,,,,1.2090308368879525,subiendo
CP-SOEC2025-002,2025-05-19,SOEN S.A. E.S.P.,NO REGULADO,1,2025-07-01,2031-12-31,1216.268612,12,0.001216268612,79.0,,,,,,,,,,,,123.10522702169996,121.88463751814008,104.8531259259,1028.4095990923,22.237669819437784,6.552044874866581,152.10737274732858,104.8531259259,1028.4095990923,53.617380096646826,-146.14317001360004,178.7014116809697,104.8531259259,1028.4095990923,61.46121817506982,-146.40801580603338,,,,0.6888878261436235,subiendo
CP-TENC2022-002,2022-11-04,TENERGETICAS,REGULADO,4,2023-01-01,2033-12-31,175.971488,12,0.000175971488,134.0,,,,,,,,,,,,180.3869170329667,291.7961123405,109.35222155,916.9295892988,82.41522766694044,-130.5798854111666,269.5854041354863,107.7088165684,916.9295892988,76.4784692755762,-20.33868901973335,238.62006281543185,100.131751787,916.9295892988,90.03747495861708,70.64492905753342,,,,0.7559587190809375,bajando
CP-TENC2022-003,2022-12-30,TENERGETICAS,REGULADO,3,2023-01-02,2033-12-31,109.6404,12,0.0001096404,134.0,2022-12-20,2022-12-30,2.0,"Epm, Ruitoque",Epm,259.7925,246.8,288.96,62.369568,56885571.4,0.0,450.7930971014999,330.93573696127737,122.5279217119,523.1232221015,86.53005685445211,139.5153409440332,257.0719173302519,110.2820115627,523.1232221015,102.36021804596173,259.4355720541666,271.7957988018824,109.35222155,916.9295892988,96.40141419573516,215.46748049076658,-191.00059710149986,-71.14323696127735,-12.003298801882408,1.6585727192571225,subiendo
CP-TPLC2023-001,2023-03-29,TERPEL,REGULADO,3,2023-01-01,2025-12-31,16.049408,12,1.6049408e-05,36.0,2023-03-15,2023-03-29,1.0,Nova Energy,Nova Energy,319.55625,314.2,322.77,16.049408,100000000.0,0.0,153.32040885503338,302.88859702025377,116.6492906011,559.4679781751,110.4573784380114,-166.1123282335,418.9618014923311,116.6492906011,866.2141478257,174.18852541345237,-243.0728890193001,400.75154373029494,116.6492906011,866.2141478257,162.23669722414274,-354.39263070573327,166.2358411449666,16.667652979746208,-81.19529373029496,0.3825822039957449,bajando
CP-TPLC2023-002,2023-07-07,TERPEL,REGULADO,2,2023-01-08,2033-12-31,0.8961319519299986,8,8.961319519299986e-07,134.0,2023-06-26,2023-07-07,1.0,Nova Energy,Nova Energy,391.25,391.25,391.25,0.8961319519299986,100000000.0,0.0,561.7201975030001,521.1733697986773,106.8677135048,917.7235984467,166.76299353524908,215.63376710516684,548.5589087357807,105.1372213856,917.7235984467,191.7190944539416,157.3226557417999,452.6359936705799,105.1372213856,917.7235984467,211.74855603123243,419.8797069735334,-170.47019750300012,-129.9233697986773,-61.38599367057992,1.2409976346507912,subiendo
CP-VESC2022-001,2023-01-06,VOLTAJE EMPRESARIAL,NO REGULADO,2,2023-01-02,2027-12-31,69.05835,12,6.905835e-05,61.0,,,,,,,,,,,,526.6652148232333,382.44488666040866,122.5279217119,576.2648493423,116.6640163156687,273.2497303985,296.4314971321651,110.2820115627,576.2648493423,130.06653984408203,365.1210316423667,291.215655908689,109.35222155,916.9295892988,118.5573377301594,218.62308681336674,,,,1.8085058414179829,subiendo
