audiencia_id,fecha_audiencia,fecha_limite_oferta,vigencia_inicio,vigencia_fin,tipo_mercado,agente_codigo,agente_iniciales,agente_nombre,cantidad_ofertada,precio_oferta,pct_adjudicado,adjudicada,tipo_curva,ipp_fecha,producto_id,oferta_num
CP-BIAC2022-001,2022-09-23,2022-09-13,2022-01-11,2022-12-31,Regulado,DCLC,DCL,Dclc,2.951615,286.0,0.0,False,PLANO,2022-01-08,1,1.0
CP-BIAC2022-001,2022-09-23,2022-09-13,2023-01-01,2027-12-31,Regulado,DCLC,DCL,Dclc,306.802922004,297.0,100.0,True,CURVA,2022-01-08,4,1.0
CP-BIAC2022-001,2022-09-23,2022-09-13,2022-01-11,2022-12-31,Regulado,EPMG,EPM,Epm,2.951615,280.27,0.0,False,PLANO,2022-01-08,1,1.0
CP-BIAC2022-002,2022-12-23,2022-12-12,2023-01-02,2038-12-31,Regulado,NMRC,NMR,Enermás,695.76629,266.02614525139666,100.0,True,CURVA,2022-01-10,1,1.0
CP-BIAC2022-002,2022-12-23,2022-12-12,2023-01-02,2038-12-31,Regulado,TRMG,TRM,Termotasajero,775.04729,309.0,0.0,False,CURVA,2022-01-10,1,1.0
CP-BIAC2023-001,2023-04-05,2023-03-23,2024-01-01,2024-12-31,Regulado,CHVG,CHV,Aes,10.248000000000001,330.5,0.0,False,PLANO,2022-01-01,2,1.0
CP-BIAC2023-001,2023-04-05,2023-03-23,2024-01-01,2024-12-31,Regulado,CHVG,CHV,Aes,10.248000000000001,338.76,0.0,False,PLANO,2022-01-01,2,2.0
CP-BIAC2023-001,2023-04-05,2023-03-23,2024-01-01,2024-12-31,Regulado,SPRG,SPR,Esprod,18.998683200000002,313.5,100.0,True,PLANO,2022-01-01,2,1.0
CP-BIAC2023-001,2023-04-05,2023-03-23,2025-01-01,2025-12-31,Regulado,SPRG,SPR,Esprod,20.999864304,315.0,0.0,False,PLANO,2022-01-01,3,1.0
CP-BIAC2023-002,2023-04-21,2023-04-10,2026-01-01,2038-12-31,Regulado,CNRC,CNR,Coenersa,626.736,274.7323076923077,0.0,False,PLANO,2022-01-02,1,1.0
CP-BIAC2023-003,2023-06-23,2023-06-08,2024-01-01,2024-12-31,Regulado,TRMG,TRM,Termotasajero,43.92,389.98,100.0,True,PLANO,2023-01-05,2,1.0
CP-BIAC2023-003,2023-06-23,2023-06-08,2024-01-01,2024-12-31,Regulado,TRMG,TRM,Termotasajero,43.92,396.98,100.0,True,PLANO,2023-01-05,2,2.0
CP-BIAC2023-003,2023-06-23,2023-06-08,2025-01-01,2025-12-31,Regulado,TRMG,TRM,Termotasajero,43.800000000000004,336.98,100.0,True,PLANO,2023-01-05,3,1.0
CP-BIAC2023-003,2023-06-23,2023-06-08,2025-01-01,2025-12-31,Regulado,TRMG,TRM,Termotasajero,43.800000000000004,339.98,100.0,True,PLANO,2023-01-05,3,2.0
CP-BIAC2023-004,2023-08-05,2023-07-25,2023-01-09,2024-12-31,Regulado,SPRG,SPR,Esprod,96.1171553232,309.465,100.0,True,PLANO,2023-01-05,1,1.0
CP-BIAC2023-006,2023-10-27,2023-10-17,2023-01-12,2025-12-31,Regulado,NTCG,NTC,Nitroenergy,152.78430937535998,376.9764,100.0,True,CURVA,2023-01-07,1,1.0
CP-BIAC2023-007,2023-12-29,2023-12-15,2024-01-02,2027-12-31,Regulado,BTGC,BTG,Btg,33.120000000000005,392.0,0.0,False,PLANO,2023-01-11,1,1.0
CP-BIAC2023-007,2023-12-29,2023-12-15,2024-01-02,2027-12-31,Regulado,CHVG,CHV,Aes,108.04,348.74615384615385,100.0,True,PLANO,2023-01-11,1,1.0
CP-BIAC2023-007,2023-12-29,2023-12-15,2027-01-01,2038-12-31,Regulado,ISGG,ISG,Isagen,173.5668,290.85,0.0,False,PLANO,2023-01-11,3,1.0
CP-BIAC2023-007,2023-12-29,2023-12-15,2024-01-02,2027-12-31,Regulado,NMRG,NMR,Nmrg,68.63,465.694,100.0,True,PLANO,2023-01-11,1,1.0
CP-BIAC2023-007,2023-12-29,2023-12-15,2024-01-02,2027-12-31,Regulado,ZONC,ZON,Zonc,179.0,343.6367741935484,22.580645161290324,True,PLANO,2023-01-11,1,1.0
CP-BIAC2023-007,2023-12-29,2023-12-15,2024-01-02,2027-12-31,Regulado,ZONC,ZON,Zonc,102.59,354.8389473684211,24.31578947368421,True,PLANO,2023-01-11,1,2.0
CP-BIAC2023-007,2023-12-29,2023-12-15,2027-01-01,2038-12-31,Regulado,ZONC,ZON,Zonc,42.49,332.4,0.0,False,PLANO,2023-01-11,2,1.0
CP-BIAC2024-001,2024-06-13,2024-05-29,2027-01-01,2027-12-31,Regulado,EPMG,EPM,Epm,40.296,320.98,100.0,True,CURVA,2024-01-02,2,1.0
CP-BIAC2024-001,2024-06-13,2024-05-29,2028-01-01,2028-12-31,Regulado,EPMG,EPM,Epm,31.622400000000003,310.3,100.0,True,CURVA,2024-01-02,3,1.0
CP-BIAC2024-001,2024-06-13,2024-05-29,2029-01-01,2029-12-31,Regulado,EPMG,EPM,Epm,24.515600000000003,309.44,0.0,False,CURVA,2024-01-02,4,1.0
CP-BIAC2024-002,2024-12-11,2024-11-28,2025-01-01,2026-12-31,Regulado,CEOC,CEO,Ceo,22.27,365.39,0.0,False,PLANO,2024-01-09,1,1.0
CP-BIAC2025-002,2025-06-05,2025-05-22,2028-01-01,2028-12-31,Regulado,EPMG,EPM,Epm,12.290000000000001,378.0,0.0,False,CURVA,2025-01-02,4,1.0
CP-BIAC2025-003,2025-07-04,2025-06-19,2026-01-01,2026-12-31,Regulado,EXIC,EXI,Enerxia,8.59,404.0,100.0,True,CURVA,2025-04-01,1,1.0
CP-BIAC2025-003,2025-07-04,2025-06-19,2027-01-01,2027-12-31,Regulado,EXIC,EXI,Enerxia,15.46,379.0,100.0,True,CURVA,2025-04-01,3,1.0
CP-BIAC2025-003,2025-07-04,2025-06-19,2028-01-01,2028-12-31,Regulado,EXIC,EXI,Enerxia,0.73,369.0,100.0,True,CURVA,2025-04-01,4,1.0
CP-BIAC2025-003,2025-07-04,2025-06-19,2029-01-01,2029-12-31,Regulado,EXIC,EXI,Enerxia,1.07,370.0,100.0,True,CURVA,2025-04-01,5,1.0
CP-BIAC2025-003,2025-07-04,2025-06-19,2030-01-01,2030-12-31,Regulado,EXIC,EXI,Enerxia,12.290000000000001,365.0,0.0,False,CURVA,2025-04-01,6,1.0
CP-BIAC2025-003,2025-07-04,2025-06-19,2026-01-01,2026-12-31,Regulado,TERG,TER,Termotasajero Dos,1.98,391.5,100.0,True,CURVA,2025-04-01,1,1.0
CP-BIAC2025-003,2025-07-04,2025-06-19,2026-01-01,2026-12-31,Regulado,TERG,TER,Termotasajero Dos,7.9,423.5,0.0,False,CURVA,2025-04-01,1,2.0
CP-BIAC2025-003,2025-07-04,2025-06-19,2027-01-01,2027-12-31,Regulado,TERG,TER,Termotasajero Dos,5.99,421.8999999999999,0.0,False,CURVA,2025-04-01,3,1.0
CP-BIAC2025-003,2025-07-04,2025-06-19,2027-01-01,2027-12-31,Regulado,TERG,TER,Termotasajero Dos,8.85,431.8999999999999,0.0,False,CURVA,2025-04-01,3,2.0
CP-BIAC2025-003,2025-07-04,2025-06-19,2028-01-01,2028-12-31,Regulado,TERG,TER,Termotasajero Dos,5.99,419.8999999999999,0.0,False,CURVA,2025-04-01,4,1.0
CP-BIAC2025-003,2025-07-04,2025-06-19,2028-01-01,2028-12-31,Regulado,TERG,TER,Termotasajero Dos,8.85,429.8999999999999,0.0,False,CURVA,2025-04-01,4,2.0
CP-BIAC2025-004,2025-08-28,2025-08-14,2027-01-01,2027-12-31,Regulado,EPMG,EPM,Epm,12.02,377.25,100.0,True,CURVA,2025-04-01,3,1.0
CP-BIAC2025-004,2025-08-28,2025-08-14,2026-01-01,2026-12-31,Regulado,NTCG,NTC,Nitroenergy,48.17,360.0,100.0,True,CURVA,2025-04-01,1,1.0
CP-BIAC2025-004,2025-08-28,2025-08-14,2026-01-01,2026-12-31,Regulado,SFEC,SFE,Santa Fe,5.07,398.9,54.44444444444444,True,CURVA,2025-04-01,2,1.0
CP-BIAC2025-004,2025-08-28,2025-08-14,2026-01-01,2026-12-31,Regulado,SPRG,SPR,Esprod,13.5,377.5,100.0,True,CURVA,2025-04-01,2,1.0
CP-BIAC2025-004,2025-08-28,2025-08-14,2026-01-01,2026-12-31,Regulado,TERG,TER,Termotasajero Dos,22.14,398.8,0.0,False,CURVA,2025-04-01,1,1.0
CP-BIAC2025-004,2025-08-28,2025-08-14,2026-01-01,2026-12-31,Regulado,TERG,TER,Termotasajero Dos,22.14,405.8,0.0,False,CURVA,2025-04-01,1,2.0
CP-BIAC2025-004,2025-08-28,2025-08-14,2026-01-01,2026-12-31,Regulado,TERG,TER,Termotasajero Dos,12.860000000000001,398.8,62.0,True,CURVA,2025-04-01,2,1.0
CP-BIAC2025-004,2025-08-28,2025-08-14,2026-01-01,2026-12-31,Regulado,TERG,TER,Termotasajero Dos,12.860000000000001,405.8,0.0,False,CURVA,2025-04-01,2,2.0
CP-BIAC2025-004,2025-08-28,2025-08-14,2027-01-01,2027-12-31,Regulado,TERG,TER,Termotasajero Dos,10.12,422.8999999999999,0.0,False,CURVA,2025-04-01,3,1.0
CP-BIAC2025-004,2025-08-28,2025-08-14,2027-01-01,2027-12-31,Regulado,TERG,TER,Termotasajero Dos,10.12,432.8999999999999,0.0,False,CURVA,2025-04-01,3,2.0
CP-BIAC2025-005,2025-11-21,2025-11-07,2026-01-01,2026-12-31,Regulado,BIAG,BIA,Biag,26.07,360.0,100.0,True,CURVA,2025-09-01,1,1.0
CP-BIAC2025-006,2026-01-16,2026-01-05,2026-02-12,2026-12-31,Regulado,BIAG,BIA,Biag,13.059999999999999,361.2857142857143,100.0,True,CURVA,2025-09-01,1,1.0
CP-BIAC2026-001,2026-03-03,2026-02-18,2026-04-01,2026-12-31,Regulado,CBYC,CBY,Carboenergy,7.880000000000001,376.25,0.0,False,CURVA,2025-12-01,1,1.0
CP-BIAC2026-001,2026-03-03,2026-02-18,2027-01-01,2027-12-31,Regulado,CHVG,CHV,Aes,15.83,361.0,100.0,True,CURVA,2025-12-01,2,1.0
CP-BIAC2026-001,2026-03-03,2026-02-18,2028-01-01,2028-12-31,Regulado,CHVG,CHV,Aes,11.919999999999998,365.0,100.0,True,CURVA,2025-12-01,3,1.0
CP-BIAC2026-001,2026-03-03,2026-02-18,2026-04-01,2026-12-31,Regulado,DEPG,DEP,Depi,20.6,350.29999999999995,0.0,False,CURVA,2025-12-01,1,1.0
CP-BIAC2026-001,2026-03-03,2026-02-18,2026-04-01,2026-12-31,Regulado,GASC,GAS,Generarco,13.110000000000001,355.0,50.0,True,CURVA,2025-12-01,1,1.0
CP-BIAC2026-001,2026-03-03,2026-02-18,2027-01-01,2027-12-31,Regulado,GASC,GAS,Generarco,17.74,386.0,25.0,True,CURVA,2025-12-01,2,1.0
CP-BIAC2026-001,2026-03-03,2026-02-18,2028-01-01,2028-12-31,Regulado,GASC,GAS,Generarco,11.89,384.0,33.333333333333336,True,CURVA,2025-12-01,3,1.0
CP-BIAC2026-001,2026-03-03,2026-02-18,2026-04-01,2026-12-31,Regulado,ISGG,ISG,Isagen,2.07,363.72,0.0,False,CURVA,2025-12-01,1,1.0
CP-BIAC2026-001,2026-03-03,2026-02-18,2027-01-01,2027-12-31,Regulado,ISGG,ISG,Isagen,3.1,394.42,60.0,True,CURVA,2025-12-01,2,1.0
CP-BIAC2026-001,2026-03-03,2026-02-18,2028-01-01,2028-12-31,Regulado,ISGG,ISG,Isagen,1.94,394.42,0.0,False,CURVA,2025-12-01,3,1.0
CP-BIAC2026-001,2026-03-03,2026-02-18,2026-04-01,2026-12-31,Regulado,QIEC,QIE,Qi,18.88,361.1725,12.5,True,CURVA,2025-12-01,1,1.0
CP-CASC2022-002,2022-11-24,2022-11-10,2027-01-01,2032-12-31,Regulado,CNRC,CNR,Coenersa,368.25600000000003,259.33,0.0,False,PLANA,2022-01-08,3,1.0
CP-CASC2022-002,2022-11-24,2022-11-10,2027-01-01,2032-12-31,Regulado,EPMG,EPM,Epm,540.3570000000001,237.67999999999998,100.0,True,PLANA,2022-01-08,3,1.0
CP-CASC2022-002,2022-11-24,2022-11-10,2024-01-01,2026-12-31,Regulado,NESC,NES,Nova Energy,70.56,295.33,0.0,False,PLANA,2022-01-08,2,1.0
CP-CASC2022-002,2022-11-24,2022-11-10,2027-01-01,2032-12-31,Regulado,NESC,NES,Nova Energy,129.6,249.97,26.2,True,PLANA,2022-01-08,3,1.0
CP-CASC2022-002,2022-11-24,2022-11-10,2027-01-01,2032-12-31,Regulado,NMRC,NMR,Enermás,964.923,261.5,0.0,False,PLANA,2022-01-08,3,1.0
CP-CASC2022-002,2022-11-24,2022-11-10,2024-01-01,2032-12-31,Regulado,NMRC,NMR,Enermás,624.979499976,249.89,100.0,True,PLANA,2022-01-08,4,1.0
CP-CASC2022-002,2022-11-24,2022-11-10,2027-01-01,2032-12-31,Regulado,PRYC,PRY,Proenergy,723.441,240.72999999999996,35.0,True,PLANA,2022-01-08,3,1.0
CP-CASC2022-002,2022-11-24,2022-11-10,2024-01-01,2026-12-31,Regulado,SPRG,SPR,Esprod,727.8000000000001,295.3,92.65666666666667,True,PLANA,2022-01-08,2,1.0
CP-CASC2022-002,2022-11-24,2022-11-10,2027-01-01,2032-12-31,Regulado,SPRG,SPR,Esprod,1029.852,259.82,0.0,False,PLANA,2022-01-08,3,1.0
CP-CASC2022-002,2022-11-24,2022-11-10,2024-01-01,2032-12-31,Regulado,SPRG,SPR,Esprod,106.8624,251.69,99.0,True,PLANA,2022-01-08,4,1.0
CP-CASC2023-001,2023-09-06,2023-08-24,2027-01-01,2033-12-31,Regulado,EPMG,EPM,Epm,366.4841182913472,272.86428571428576,91.3,True,CURVA,2023-01-08,2,1.0
CP-CASC2023-001,2023-09-06,2023-08-24,2024-01-01,2033-12-31,Regulado,GASC,GAS,Generarco,164.34214128,281.75,100.0,True,CURVA,2023-01-08,1,1.0
CP-CASC2023-001,2023-09-06,2023-08-24,2024-01-01,2033-12-31,Regulado,IAEC,IAE,Ia Energía,68.01599999999999,325.3863636363636,72.72727272727273,True,CURVA,2023-01-08,1,1.0
CP-CASC2023-001,2023-09-06,2023-08-24,2024-01-01,2033-12-31,Regulado,ISGG,ISG,Isagen,149.112152,281.04699999999997,80.0,True,CURVA,2023-01-08,1,1.0
CP-CASC2023-001,2023-09-06,2023-08-24,2027-01-01,2033-12-31,Regulado,ISGG,ISG,Isagen,238.709499984,283.04,63.68,True,CURVA,2023-01-08,2,1.0
CP-CASC2023-001,2023-09-06,2023-08-24,2024-01-01,2033-12-31,Regulado,NTCG,NTC,Nitroenergy,711.4999999999999,338.4244444444445,38.333333333333336,True,CURVA,2023-01-08,1,1.0
CP-CASC2023-001,2023-09-06,2023-08-24,2024-01-01,2033-12-31,Regulado,NTCG,NTC,Nitroenergy,181.27524999999997,338.44000000000005,100.0,True,PLANA,2023-01-08,3,1.0
CP-CASC2023-001,2023-09-06,2023-08-24,2024-01-01,2033-12-31,Regulado,SPRG,SPR,Esprod,168.0,356.0658904109589,17.80821917808219,True,CURVA,2023-01-08,1,1.0
CP-CASC2023-002,2023-12-28,2023-12-15,2024-01-01,2024-12-31,Regulado,NTCG,NTC,Nitroenergy,19.03,499.98,0.0,False,PLANO,2023-01-09,1,1.0
CP-CASC2024-002,2024-12-17,2024-12-06,2025-01-01,2025-12-31,Regulado,SPRG,SPR,Esprod,6.4,418.0,100.0,True,CURVA,2024-01-10,1,1.0
CP-CASC2024-002,2024-12-17,2024-12-06,2026-01-01,2026-12-31,Regulado,SPRG,SPR,Esprod,10.0,378.5,100.0,True,CURVA,2024-01-10,2,1.0
CP-CASC2024-002,2024-12-17,2024-12-06,2027-01-01,2028-12-31,Regulado,SPRG,SPR,Esprod,40.03,353.0,0.0,False,CURVA,2024-01-10,3,1.0
CP-CASC2024-002,2024-12-17,2024-12-06,2025-01-01,2025-12-31,Regulado,VCHG,VCH,Vchg,1.6,490.0,0.0,False,CURVA,2024-01-10,1,1.0
CP-CASC2025-001,2025-06-17,2025-06-05,2025-12-01,2025-12-31,Regulado,CMXG,CMX,Cemex Energy,5.5,380.0,100.0,True,PLANO,2025-04-01,1,1.0
CP-CASC2025-001,2025-06-17,2025-06-05,2027-01-01,2028-12-31,Regulado,DUCG,DUC,Ducg,11.26,368.0,50.0,True,CURVO,2025-04-01,3,1.0
CP-CASC2025-001,2025-06-17,2025-06-05,2027-01-01,2028-12-31,Regulado,EPMG,EPM,Epm,70.916,369.54,100.0,True,CURVO,2025-04-01,3,1.0
CP-CASC2025-001,2025-06-17,2025-06-05,2029-01-01,2038-12-31,Regulado,NTCG,NTC,Nitroenergy,910.4300000000001,337.0,100.0,True,CURVO,2025-04-01,4,1.0
CP-CASC2025-002,2025-09-29,2025-09-18,2025-12-01,2025-12-31,Regulado,BTGC,BTG,Btg,3.88,330.0,0.0,False,CURVA,2025-07-01,1,1.0
CP-CASC2025-002,2025-09-29,2025-09-18,2025-12-01,2025-12-31,Regulado,BTGC,BTG,Btg,3.88,340.0,0.0,False,CURVA,2025-07-01,1,2.0
CP-CASC2025-002,2025-09-29,2025-09-18,2025-12-01,2025-12-31,Regulado,BTGC,BTG,Btg,3.88,350.0,0.0,False,CURVA,2025-07-01,1,3.0
CP-CASC2025-002,2025-09-29,2025-09-18,2025-12-01,2025-12-31,Regulado,CMXG,CMX,Cemex Energy,1.5,359.0,0.0,False,CURVA,2025-07-01,1,1.0
CP-CASC2025-002,2025-09-29,2025-09-18,2025-12-01,2025-12-31,Regulado,DEPG,DEP,Depi,3.5,299.89,0.0,False,CURVA,2025-07-01,1,1.0
CP-CASC2025-002,2025-09-29,2025-09-18,2025-12-01,2025-12-31,Regulado,DUCG,DUC,Ducg,3.5,460.0,0.0,False,CURVA,2025-07-01,1,1.0
CP-CASC2025-002,2025-09-29,2025-09-18,2025-12-01,2025-12-31,Regulado,EPMG,EPM,Epm,11.6,298.85,100.0,True,CURVA,2025-07-01,1,1.0
CP-CASC2025-003,2025-10-09,2025-09-30,2026-01-01,2026-12-31,Regulado,TYPG,TYP,Termoyopal,17.151,379.0,100.0,True,PLANO,2025-07-01,1,1.0
CP-CASC2025-003,2025-10-09,2025-09-30,2027-01-01,2027-12-31,Regulado,TYPG,TYP,Termoyopal,17.012,365.0,100.0,True,PLANO,2025-07-01,2,1.0
CP-CASC2025-004,2025-10-29,2025-10-20,2026-01-01,2027-12-31,Regulado,DUCG,DUC,Ducg,3.51809,553.55,0.0,False,CURVA,2025-08-01,1,1.0
CP-CASC2025-005,2025-11-18,2025-11-06,2029-01-01,2038-12-31,Regulado,EBPC,EBP,Eebp,91.213899,430.0,0.0,False,CURVA,2025-09-01,1,1.0
CP-CASC2025-005,2025-11-18,2025-11-06,2029-01-01,2038-12-31,Regulado,EBPC,EBP,Eebp,47.561799,380.0,0.0,False,CURVA,2025-09-01,1,2.0
CP-CDNC2023-001,2023-04-12,2023-03-28,2023-01-06,2023-12-31,Regulado,EGRC,EGR,Egrc,7.416,384.85,100.0,True,CURVA,2023-01-02,1,1.0
CP-CDNC2023-002,2023-07-28,2023-07-14,2024-01-12,2025-12-31,Regulado,NTCG,NTC,Nitroenergy,105.12,352.85,0.0,False,PLANO,2023-01-05,3,1.0
CP-CDNC2023-003,2023-10-11,2023-09-28,2024-01-12,2025-12-31,Regulado,IAEC,IAE,Ia Energía,4.2048,395.0,0.0,False,PLANO,2023-01-05,3,1.0
CP-CDNC2023-003,2023-10-11,2023-09-28,2023-01-12,2033-12-31,Regulado,SPRG,SPR,Esprod,1.0,840.0,0.0,False,PLANO,2023-01-05,1,1.0
CP-CDNC2023-003,2023-10-11,2023-09-28,2024-01-12,2025-12-31,Regulado,SPRG,SPR,Esprod,22.5,349.5,69.2,True,PLANO,2023-01-05,3,1.0
CP-CDNC2023-003,2023-10-11,2023-09-28,2024-01-12,2025-12-31,Regulado,SPRG,SPR,Esprod,9.0,348.3,100.0,True,PLANO,2023-01-05,3,2.0
CP-CDNC2023-004,2024-01-12,2023-12-28,2024-01-03,2037-12-31,Regulado,NMRG,NMR,Nmrg,344.904,369.79,0.0,False,CURVA,2023-01-11,4,1.0
CP-CDNC2023-004,2024-01-12,2023-12-28,2024-01-03,2037-12-31,Regulado,SPRG,SPR,Esprod,124.01472,335.45,100.0,True,CURVA,2023-01-11,4,1.0
CP-CDNC2023-004,2024-01-12,2023-12-28,2024-01-12,2025-12-31,Regulado,TRMG,TRM,Termotasajero,43.800000000000004,389.9,0.0,False,PLANA,2023-01-11,2,1.0
CP-CDNC2023-004,2024-01-12,2023-12-28,2024-01-12,2025-12-31,Regulado,TRMG,TRM,Termotasajero,43.800000000000004,394.9,0.0,False,PLANA,2023-01-11,2,2.0
CP-CDNC2024-001,2024-07-18,2024-07-05,2025-01-01,2025-12-31,Regulado,CEOC,CEO,Ceo,4.51,398.45,0.0,False,PLANO,2024-01-05,2,1.0
CP-CDNC2024-001,2024-07-18,2024-07-05,2025-01-01,2025-12-31,Regulado,DEPG,DEP,Depi,43.800000000000004,369.8999999999999,0.0,False,PLANO,2024-01-05,2,1.0
CP-CDNC2024-001,2024-07-18,2024-07-05,2024-01-12,2024-12-31,Regulado,EPTC,EPT,Eptc,3.12,369.8,0.0,False,PLANO,2024-01-05,1,1.0
CP-CDNC2024-001,2024-07-18,2024-07-05,2025-01-01,2025-12-31,Regulado,GASC,GAS,Generarco,26.076,368.0,0.0,False,PLANO,2024-01-05,2,1.0
CP-CDNC2024-001,2024-07-18,2024-07-05,2025-01-01,2025-12-31,Regulado,GASC,GAS,Generarco,11.52,398.0,0.0,False,PLANO,2024-01-05,3,1.0
CP-CDNC2024-001,2024-07-18,2024-07-05,2025-01-01,2025-12-31,Regulado,IAEC,IAE,Ia Energía,1.464,369.8999999999999,0.0,False,PLANO,2024-01-05,2,1.0
CP-CDNC2024-001,2024-07-18,2024-07-05,2025-01-01,2025-12-31,Regulado,PRYC,PRY,Proenergy,43.800000000000004,392.89000000000004,0.0,False,PLANO,2024-01-05,2,1.0
CP-CDNC2024-001,2024-07-18,2024-07-05,2025-01-01,2025-12-31,Regulado,PRYC,PRY,Proenergy,43.800000000000004,397.89000000000004,0.0,False,PLANO,2024-01-05,2,2.0
CP-CDNC2024-001,2024-07-18,2024-07-05,2025-01-01,2025-12-31,Regulado,SPRG,SPR,Esprod,16.005,369.0,0.0,False,PLANO,2024-01-05,2,1.0
CP-CDNC2024-001,2024-07-18,2024-07-05,2025-01-01,2025-12-31,Regulado,SPRG,SPR,Esprod,16.007,383.0,0.0,False,PLANO,2024-01-05,2,2.0
CP-CDNC2024-002,2024-09-18,2024-09-05,2025-01-01,2025-12-31,Regulado,CEOG,CEO,Ceog,4.506,368.0,94.75,True,PLANO,2024-01-07,2,1.0
CP-CDNC2024-002,2024-09-18,2024-09-05,2024-12-01,2024-12-31,Regulado,NTCG,NTC,Nitroenergy,10.416,359.89,100.0,True,PLANO,2024-01-07,1,1.0
CP-CDNC2024-002,2024-09-18,2024-09-05,2025-01-01,2025-12-31,Regulado,NTCG,NTC,Nitroenergy,87.60000000000001,367.99,52.0,True,PLANO,2024-01-07,2,1.0
CP-CDNC2024-002,2024-09-18,2024-09-05,2025-01-01,2025-12-31,Regulado,SPRG,SPR,Esprod,13.5856,359.5,0.0,False,PLANO,2024-01-07,2,1.0
CP-CDNC2024-002,2024-09-18,2024-09-05,2025-01-01,2025-12-31,Regulado,SPRG,SPR,Esprod,20.37833,348.8999999999999,100.0,True,PLANO,2024-01-07,2,2.0
CP-CDNC2024-003,2024-10-17,2024-10-03,2026-01-01,2031-12-31,Regulado,CDNG,CDN,Cedenar,548.86621,280.19,99.9722229275,True,CURVA,2024-08-01,1,1.0
CP-CDNC2024-003,2024-10-17,2024-10-03,2027-01-01,2031-12-31,Regulado,CEOC,CEO,Ceo,270.57744,310.55199999999996,100.0,True,CURVA,2024-08-01,1,3.0
CP-CDNC2024-003,2024-10-17,2024-10-03,2026-01-01,2031-12-31,Regulado,GECG,GEC,Gecelca,701.16,305.26166666666666,83.33333333333333,True,CURVA,2024-08-01,1,2.0
CP-CDNC2024-003,2024-10-17,2024-10-03,2029-01-01,2030-12-31,Regulado,SPRC,SPR,Esprod,145.7275,313.59999999999997,100.0,True,CURVA,2024-08-01,1,4.0
CP-CDNC2024-005,2024-12-18,2024-12-05,2029-01-01,2030-12-31,Regulado,IACG,IAC,Iacg,8.76,325.0,0.0,False,PLANO,2024-10-01,3,1.0
CP-CDNC2024-005,2024-12-18,2024-12-05,2030-01-01,2030-12-31,Regulado,IACG,IAC,Iacg,8.76,325.0,0.0,False,CURVA,2024-10-01,4,1.0
CP-CDNC2024-005,2024-12-18,2024-12-05,2031-01-01,2031-12-31,Regulado,IACG,IAC,Iacg,8.76,325.0,0.0,False,CURVA,2024-10-01,5,1.0
CP-CDNC2024-005,2024-12-18,2024-12-05,2027-01-01,2027-12-31,Regulado,SPRG,SPR,Esprod,28.5,334.3,100.0,True,CURVA,2024-10-01,1,1.0
CP-CDNC2024-005,2024-12-18,2024-12-05,2028-01-01,2028-12-31,Regulado,SPRG,SPR,Esprod,22.0,328.7,100.0,True,PLANO,2024-10-01,2,1.0
CP-CDNC2024-005,2024-12-18,2024-12-05,2029-01-01,2029-12-31,Regulado,SPRG,SPR,Esprod,39.6,318.3,100.0,True,PLANO,2024-10-01,3,1.0
CP-CDNC2024-005,2024-12-18,2024-12-05,2030-01-01,2031-12-31,Regulado,SPRG,SPR,Esprod,74.0,315.0,100.0,True,CURVA,2024-10-01,4,1.0
CP-CDNC2024-006,2024-12-27,2024-12-13,2025-01-01,2025-12-31,Regulado,SPRG,SPR,Esprod,23.113,414.5,0.0,False,CURVA,2024-01-10,1,1.0
CP-CDNC2025-001,2025-07-03,2025-06-18,2025-08-01,2025-08-31,Regulado,BTGC,BTG,Btg,7.44,380.0,0.0,False,CURVA,2025-04-01,1,1.0
CP-CDNC2025-001,2025-07-03,2025-06-18,2025-12-01,2025-12-31,Regulado,BTGC,BTG,Btg,11.16,450.0,0.0,False,CURVA,2025-04-01,2,1.0
CP-CDNC2025-001,2025-07-03,2025-06-18,2025-08-01,2025-08-31,Regulado,CMXG,CMX,Cemex Energy,7.44,320.0,0.0,False,CURVA,2025-04-01,1,1.0
CP-CDNC2025-001,2025-07-03,2025-06-18,2025-08-01,2025-08-31,Regulado,GASC,GAS,Generarco,2.23,310.0,0.0,False,CURVA,2025-04-01,1,1.0
CP-CDNC2025-001,2025-07-03,2025-06-18,2025-12-01,2025-12-31,Regulado,GASC,GAS,Generarco,2.23,410.0,0.0,False,CURVA,2025-04-01,2,1.0
CP-CDNC2025-001,2025-07-03,2025-06-18,2025-08-01,2025-08-31,Regulado,GNCG,GNC,Vatia,7.44,295.0,0.0,False,CURVA,2025-04-01,1,1.0
CP-CDNC2025-001,2025-07-03,2025-06-18,2025-08-01,2025-08-31,Regulado,ISGG,ISG,Isagen,7.44,274.4,100.0,True,CURVA,2025-04-01,1,1.0
CP-CDNC2025-001,2025-07-03,2025-06-18,2025-12-01,2025-12-31,Regulado,ISGG,ISG,Isagen,4.46,315.05,100.0,True,CURVA,2025-04-01,2,1.0
CP-CDNC2025-001,2025-07-03,2025-06-18,2025-08-01,2025-08-31,Regulado,NESC,NES,Nova Energy,0.65,360.0,0.0,False,CURVA,2025-04-01,1,1.0
CP-CDNC2025-001,2025-07-03,2025-06-18,2025-08-01,2025-08-31,Regulado,PRYC,PRY,Proenergy,7.44,329.0,0.0,False,CURVA,2025-04-01,1,1.0
CP-CDNC2025-001,2025-07-03,2025-06-18,2025-08-01,2025-08-31,Regulado,SFEG,SFE,Santa Fe,3.85,310.0,0.0,False,CURVA,2025-04-01,1,1.0
CP-CDNC2025-002,2025-07-31,2025-07-18,2027-01-01,2027-12-31,Regulado,BTGC,BTG,Btg,90.9,360.0,100.0,True,CURVA,2025-01-05,1,1.0
CP-CDNC2025-002,2025-07-31,2025-07-18,2027-01-01,2027-12-31,Regulado,BTGC,BTG,Btg,90.9,363.0,100.0,True,CURVA,2025-01-05,1,2.0
CP-CDNC2025-002,2025-07-31,2025-07-18,2027-01-01,2027-12-31,Regulado,BTGC,BTG,Btg,181.8,365.0,75.85,True,CURVA,2025-01-05,1,3.0
CP-CDNC2025-002,2025-07-31,2025-07-18,2028-01-01,2028-12-31,Regulado,BTGC,BTG,Btg,95.604,345.0,100.0,True,CURVA,2025-01-05,2,1.0
CP-CDNC2025-002,2025-07-31,2025-07-18,2028-01-01,2028-12-31,Regulado,BTGC,BTG,Btg,95.604,348.0,100.0,True,CURVA,2025-01-05,2,2.0
CP-CDNC2025-002,2025-07-31,2025-07-18,2028-01-01,2028-12-31,Regulado,BTGC,BTG,Btg,191.10000000000002,350.0,81.27,True,CURVA,2025-01-05,2,3.0
CP-CDNC2025-002,2025-07-31,2025-07-18,2029-01-01,2029-12-31,Regulado,BTGC,BTG,Btg,65.69999999999999,335.0,100.0,True,CURVA,2025-01-05,3,1.0
CP-CDNC2025-002,2025-07-31,2025-07-18,2029-01-01,2029-12-31,Regulado,BTGC,BTG,Btg,65.69999999999999,338.0,100.0,True,CURVA,2025-01-05,3,2.0
CP-CDNC2025-002,2025-07-31,2025-07-18,2029-01-01,2029-12-31,Regulado,BTGC,BTG,Btg,131.39999999999998,340.0,100.0,True,CURVA,2025-01-05,3,3.0
CP-CDNC2025-002,2025-07-31,2025-07-18,2030-01-01,2030-12-31,Regulado,BTGC,BTG,Btg,48.20400000000001,320.0,100.0,True,CURVA,2025-01-05,4,1.0
CP-CDNC2025-002,2025-07-31,2025-07-18,2030-01-01,2030-12-31,Regulado,BTGC,BTG,Btg,48.20400000000001,323.0,100.0,True,CURVA,2025-01-05,4,2.0
CP-CDNC2025-002,2025-07-31,2025-07-18,2030-01-01,2030-12-31,Regulado,BTGC,BTG,Btg,96.39599999999999,325.0,100.0,True,CURVA,2025-01-05,4,3.0
CP-CDNC2025-002,2025-07-31,2025-07-18,2031-01-01,2031-12-31,Regulado,BTGC,BTG,Btg,61.29599999999999,304.0,100.0,True,CURVA,2025-01-05,5,1.0
CP-CDNC2025-002,2025-07-31,2025-07-18,2031-01-01,2031-12-31,Regulado,BTGC,BTG,Btg,61.29599999999999,309.0,100.0,True,CURVA,2025-01-05,5,2.0
CP-CDNC2025-002,2025-07-31,2025-07-18,2031-01-01,2031-12-31,Regulado,BTGC,BTG,Btg,122.60400000000001,314.0,100.0,True,CURVA,2025-01-05,5,3.0
CP-CDNC2025-002,2025-07-31,2025-07-18,2032-01-01,2032-12-31,Regulado,BTGC,BTG,Btg,111.99600000000001,304.0,100.0,True,CURVA,2025-01-05,6,1.0
CP-CDNC2025-002,2025-07-31,2025-07-18,2032-01-01,2032-12-31,Regulado,BTGC,BTG,Btg,111.99600000000001,309.0,100.0,True,CURVA,2025-01-05,6,2.0
CP-CDNC2025-002,2025-07-31,2025-07-18,2032-01-01,2032-12-31,Regulado,BTGC,BTG,Btg,224.00400000000002,314.0,100.0,True,CURVA,2025-01-05,6,3.0
CP-CDNC2025-002,2025-07-31,2025-07-18,2033-01-01,2033-12-31,Regulado,BTGC,BTG,Btg,113.90400000000001,299.0,100.0,True,CURVA,2025-01-05,7,1.0
CP-CDNC2025-002,2025-07-31,2025-07-18,2033-01-01,2033-12-31,Regulado,BTGC,BTG,Btg,113.90400000000001,304.0,100.0,True,CURVA,2025-01-05,7,2.0
CP-CDNC2025-002,2025-07-31,2025-07-18,2033-01-01,2033-12-31,Regulado,BTGC,BTG,Btg,227.796,309.0,100.0,True,CURVA,2025-01-05,7,3.0
CP-CDNC2025-002,2025-07-31,2025-07-18,2034-01-01,2034-12-31,Regulado,BTGC,BTG,Btg,116.10000000000001,299.0,100.0,True,CURVA,2025-01-05,8,1.0
CP-CDNC2025-002,2025-07-31,2025-07-18,2034-01-01,2034-12-31,Regulado,BTGC,BTG,Btg,116.10000000000001,304.0,100.0,True,CURVA,2025-01-05,8,2.0
CP-CDNC2025-002,2025-07-31,2025-07-18,2034-01-01,2034-12-31,Regulado,BTGC,BTG,Btg,232.10399999999998,309.0,100.0,True,CURVA,2025-01-05,8,3.0
CP-CDNC2025-002,2025-07-31,2025-07-18,2035-01-01,2035-12-31,Regulado,BTGC,BTG,Btg,118.296,299.0,100.0,True,CURVA,2025-01-05,9,1.0
CP-CDNC2025-002,2025-07-31,2025-07-18,2035-01-01,2035-12-31,Regulado,BTGC,BTG,Btg,118.296,304.0,100.0,True,CURVA,2025-01-05,9,2.0
CP-CDNC2025-002,2025-07-31,2025-07-18,2035-01-01,2035-12-31,Regulado,BTGC,BTG,Btg,236.49599999999998,309.0,100.0,True,CURVA,2025-01-05,9,3.0
CP-CDNC2025-002,2025-07-31,2025-07-18,2036-01-01,2036-12-31,Regulado,BTGC,BTG,Btg,120.804,299.0,100.0,True,CURVA,2025-01-05,10,1.0
CP-CDNC2025-002,2025-07-31,2025-07-18,2036-01-01,2036-12-31,Regulado,BTGC,BTG,Btg,120.804,304.0,100.0,True,CURVA,2025-01-05,10,2.0
CP-CDNC2025-002,2025-07-31,2025-07-18,2036-01-01,2036-12-31,Regulado,BTGC,BTG,Btg,241.596,309.0,100.0,True,CURVA,2025-01-05,10,3.0
CP-CDNC2025-002,2025-07-31,2025-07-18,2032-01-01,2032-12-31,Regulado,CDNG,CDN,Cedenar,115.59599999999999,316.85,100.0,True,CURVA,2025-01-05,6,1.0
CP-CDNC2025-002,2025-07-31,2025-07-18,2033-01-01,2033-12-31,Regulado,CDNG,CDN,Cedenar,121.10400000000001,316.85,100.0,True,CURVA,2025-01-05,7,1.0
CP-CDNC2025-002,2025-07-31,2025-07-18,2034-01-01,2034-12-31,Regulado,CDNG,CDN,Cedenar,127.10400000000001,316.85,100.0,True,CURVA,2025-01-05,8,1.0
CP-CDNC2025-002,2025-07-31,2025-07-18,2035-01-01,2035-12-31,Regulado,CDNG,CDN,Cedenar,133.404,316.85,100.0,True,CURVA,2025-01-05,9,1.0
CP-CDNC2025-002,2025-07-31,2025-07-18,2036-01-01,2036-12-31,Regulado,CDNG,CDN,Cedenar,140.304,316.85,100.0,True,CURVA,2025-01-05,10,1.0
CP-CDNC2025-002,2025-07-31,2025-07-18,2027-01-01,2027-12-31,Regulado,EPTC,EPT,Eptc,6.396000000000001,380.0,0.0,False,CURVA,2025-01-05,1,1.0
CP-CDNC2025-002,2025-07-31,2025-07-18,2028-01-01,2028-12-31,Regulado,EPTC,EPT,Eptc,6.696000000000001,380.0,0.0,False,CURVA,2025-01-05,2,1.0
CP-CDNC2025-002,2025-07-31,2025-07-18,2029-01-01,2029-12-31,Regulado,EPTC,EPT,Eptc,5.496,370.0,0.0,False,CURVA,2025-01-05,3,1.0
CP-CDNC2025-002,2025-07-31,2025-07-18,2030-01-01,2030-12-31,Regulado,EPTC,EPT,Eptc,3.066,350.0,43.28,True,CURVA,2025-01-05,4,1.0
CP-CDNC2025-002,2025-07-31,2025-07-18,2031-01-01,2031-12-31,Regulado,EPTC,EPT,Eptc,7.800000000000001,340.0,100.0,True,CURVA,2025-01-05,5,1.0
CP-CDNC2025-002,2025-07-31,2025-07-18,2027-01-01,2036-12-31,Regulado,EPTC,EPT,Eptc,2452.8,350.0,0.0,False,CURVA,2025-05-01,11,1.0
CP-CDNC2025-002,2025-07-31,2025-07-18,2027-01-01,2027-12-31,Regulado,GECG,GEC,Gecelca,43.8,350.0,100.0,True,CURVA,2025-01-05,1,1.0
CP-CDNC2025-002,2025-07-31,2025-07-18,2028-01-01,2028-12-31,Regulado,GECG,GEC,Gecelca,43.896,350.0,81.32,True,CURVA,2025-01-05,2,1.0
CP-CDNC2025-002,2025-07-31,2025-07-18,2029-01-01,2029-12-31,Regulado,GECG,GEC,Gecelca,43.8,350.0,100.0,True,CURVA,2025-01-05,3,1.0
CP-CDNC2025-002,2025-07-31,2025-07-18,2030-01-01,2030-12-31,Regulado,GECG,GEC,Gecelca,43.8,350.0,100.0,True,CURVA,2025-01-05,4,1.0
CP-CDNC2025-002,2025-07-31,2025-07-18,2034-01-01,2034-12-31,Regulado,NTCG,NTC,Nitroenergy,86.79599999999999,339.96,0.0,False,CURVA,2025-01-05,8,1.0
CP-CDNC2025-002,2025-07-31,2025-07-18,2035-01-01,2035-12-31,Regulado,NTCG,NTC,Nitroenergy,90.0,339.96,0.0,False,CURVA,2025-01-05,9,1.0
CP-CDNC2025-002,2025-07-31,2025-07-18,2036-01-01,2036-12-31,Regulado,NTCG,NTC,Nitroenergy,91.29599999999999,339.96,0.0,False,CURVA,2025-01-05,10,1.0
CP-CDNC2025-002,2025-07-31,2025-07-18,2027-01-01,2027-12-31,Regulado,SPRG,SPR,Esprod,19.200000000000003,369.8,0.0,False,CURVA,2025-01-05,1,1.0
CP-CDNC2025-002,2025-07-31,2025-07-18,2028-01-01,2028-12-31,Regulado,SPRG,SPR,Esprod,19.200000000000003,369.3,0.0,False,CURVA,2025-01-05,2,1.0
CP-CDNC2025-002,2025-07-31,2025-07-18,2029-01-01,2029-12-31,Regulado,SPRG,SPR,Esprod,50.304,361.6000000000001,0.0,False,CURVA,2025-01-05,3,1.0
CP-CDNC2025-002,2025-07-31,2025-07-18,2030-01-01,2030-12-31,Regulado,SPRG,SPR,Esprod,40.104,349.8999999999999,100.0,True,CURVA,2025-01-05,4,1.0
CP-CDNC2025-002,2025-07-31,2025-07-18,2031-01-01,2031-12-31,Regulado,SPRG,SPR,Esprod,50.196,343.8999999999999,0.0,False,CURVA,2025-01-05,5,1.0
CP-CDNC2025-002,2025-07-31,2025-07-18,2032-01-01,2032-12-31,Regulado,SPRG,SPR,Esprod,73.5,335.2,0.0,False,CURVA,2025-01-05,6,1.0
CP-CDNC2025-002,2025-07-31,2025-07-18,2033-01-01,2033-12-31,Regulado,SPRG,SPR,Esprod,78.0,336.2,0.0,False,CURVA,2025-01-05,7,1.0
CP-CDNC2025-002,2025-07-31,2025-07-18,2034-01-01,2034-12-31,Regulado,SPRG,SPR,Esprod,78.9,330.5,100.0,True,CURVA,2025-01-05,8,1.0
CP-CDNC2025-002,2025-07-31,2025-07-18,2035-01-01,2035-12-31,Regulado,SPRG,SPR,Esprod,81.804,329.9,100.0,True,CURVA,2025-01-05,9,1.0
CP-CDNC2025-002,2025-07-31,2025-07-18,2036-01-01,2036-12-31,Regulado,SPRG,SPR,Esprod,122.69999999999999,332.9,100.0,True,CURVA,2025-01-05,10,1.0
CP-CEOC2023-001,2023-06-15,2023-06-01,2024-01-01,2025-12-31,Regulado,CNRC,CNR,Coenersa,95.70564368113985,390.0,0.0,False,PLANO,2023-01-03,4,1.0
CP-CEOC2023-001,2023-06-15,2023-06-01,2026-01-01,2028-12-31,Regulado,CNRC,CNR,Coenersa,154.24573201307095,294.0,0.0,False,PLANO,2023-01-03,5,1.0
CP-CEOC2023-001,2023-06-15,2023-06-01,2026-01-01,2028-12-31,Regulado,ENDG,END,Enel,313.9567520880058,299.12,0.0,False,PLANO,2023-01-03,5,1.0
CP-CEOC2023-001,2023-06-15,2023-06-01,2026-01-01,2028-12-31,Regulado,IAEC,IAE,Ia Energía,39.99930288983444,295.57666666666665,0.0,False,PLANO,2023-01-03,5,1.0
CP-CEOC2023-001,2023-06-15,2023-06-01,2026-01-01,2028-12-31,Regulado,ISGG,ISG,Isagen,397.80240984041086,277.9266666666667,0.0,False,CURVA,2023-01-03,3,1.0
CP-CEOC2023-001,2023-06-15,2023-06-01,2026-01-01,2028-12-31,Regulado,NTCG,NTC,Nitroenergy,242.5624450246408,291.1333333333333,0.0,False,PLANO,2023-01-03,5,1.0
CP-CEOC2023-003,2023-12-22,2023-12-11,2024-01-01,2024-12-31,Regulado,CEOG,CEO,Ceog,47.4,410.0,100.0,True,CURVA,2023-01-08,1,1.0
CP-CEOC2024-001,2024-03-08,2024-02-27,2025-01-01,2033-12-31,Regulado,GASC,GAS,Generarco,742.1306190825817,307.8888888888889,0.0,False,PLANO,2023-01-10,1,1.0
CP-CEOC2024-001,2024-03-08,2024-02-27,2025-01-01,2033-12-31,Regulado,ISGG,ISG,Isagen,598.9,314.4866666666666,0.0,False,PLANO,2023-01-10,1,1.0
CP-CEOC2024-001,2024-03-08,2024-02-27,2025-01-01,2033-12-31,Regulado,NMRG,NMR,Nmrg,388.2,340.3311111111111,0.0,False,PLANO,2023-01-10,1,1.0
CP-CEOC2024-002,2024-09-11,2024-08-29,2026-01-01,2033-12-31,Regulado,CEOG,CEO,Ceog,542.8,306.92125,87.5,True,CURVA,2024-01-07,1,1.0
CP-CEOC2024-002,2024-09-11,2024-08-29,2026-01-01,2033-12-31,Regulado,EPMG,EPM,Epm,552.8,309.00375,0.0,False,CURVA,2024-01-07,1,1.0
CP-CEOC2024-002,2024-09-11,2024-08-29,2026-01-01,2033-12-31,Regulado,ISGG,ISG,Isagen,384.7,305.3125,0.0,False,CURVA,2024-01-07,1,1.0
CP-CEOC2024-003,2024-10-18,2024-10-04,2028-01-01,2028-12-31,Regulado,EPMG,EPM,Epm,53.1,319.25,0.0,False,CURVA,2024-08-01,3,2.0
CP-CEOC2024-003,2024-10-18,2024-10-04,2029-01-01,2029-12-31,Regulado,EPMG,EPM,Epm,59.4,315.75,0.0,False,CURVA,2024-08-01,4,2.0
CP-CEOC2024-003,2024-10-18,2024-10-04,2028-01-01,2028-12-31,Regulado,ISGG,ISG,Isagen,67.9,302.56,100.0,True,CURVA,2024-08-01,3,1.0
CP-CEOC2024-003,2024-10-18,2024-10-04,2029-01-01,2029-12-31,Regulado,ISGG,ISG,Isagen,75.8,299.92,100.0,True,CURVA,2024-08-01,4,1.0
CP-CEOC2024-003,2024-10-18,2024-10-04,2030-01-01,2030-12-31,Regulado,ISGG,ISG,Isagen,75.6,296.94,100.0,True,CURVA,2024-08-01,5,1.0
CP-CEOC2024-003,2024-10-18,2024-10-04,2031-01-01,2031-12-31,Regulado,ISGG,ISG,Isagen,79.4,295.45,100.0,True,CURVA,2024-08-01,6,1.0
CP-CEOC2024-003,2024-10-18,2024-10-04,2032-01-01,2032-12-31,Regulado,ISGG,ISG,Isagen,80.6,295.45,100.0,True,CURVA,2024-08-01,7,1.0
CP-CEOC2024-003,2024-10-18,2024-10-04,2033-01-01,2033-12-31,Regulado,ISGG,ISG,Isagen,84.8,295.45,100.0,True,CURVA,2024-08-01,8,1.0
CP-CEOC2024-004,2025-01-31,2025-01-20,2026-01-01,2026-12-31,Regulado,CEOG,CEO,Ceog,2.7,445.0,100.0,True,CURVA,2024-01-12,1,1.0
CP-CEOC2024-004,2025-01-31,2025-01-20,2025-01-01,2025-12-31,Regulado,DEPG,DEP,Depi,10.8,465.0,100.0,True,CURVA,2024-01-12,1,1.0
CP-CEOC2025-001,2025-07-16,2025-07-03,2026-01-01,2026-08-31,Regulado,CEOG,CEO,Ceog,6.3,363.0,100.0,True,CURVA,2025-04-01,1,1.0
CP-CEOC2025-001,2025-07-16,2025-07-03,2032-01-01,2032-12-31,Regulado,CEOG,CEO,Ceog,45.9,318.63,100.0,True,CURVA,2025-04-01,4,1.0
CP-CEOC2025-001,2025-07-16,2025-07-03,2033-01-01,2033-12-31,Regulado,CEOG,CEO,Ceog,31.9,310.0,100.0,True,CURVA,2025-04-01,5,1.0
CP-CEOC2025-001,2025-07-16,2025-07-03,2028-01-01,2028-12-31,Regulado,EPMG,EPM,Epm,40.7,375.1499999999999,0.0,False,CURVA,2025-04-01,3,1.0
CP-CEOC2025-001,2025-07-16,2025-07-03,2026-01-01,2026-08-31,Regulado,SCEC,SCE,Sol & Cielo,6.0,389.0,0.0,False,CURVA,2025-04-01,1,1.0
CP-CEOC2025-002,2026-01-23,2026-01-12,2027-01-01,2027-12-31,Regulado,DEPG,DEP,Depi,27.8,405.67,0.0,False,CURVA,2025-11-01,1,1.0
CP-CEOC2025-002,2026-01-23,2026-01-12,2029-01-01,2029-12-31,Regulado,DEPG,DEP,Depi,43.7,390.14000000000004,0.0,False,CURVA,2025-11-01,3,1.0
CP-CEOC2025-002,2026-01-23,2026-01-12,2030-01-01,2030-12-31,Regulado,DEPG,DEP,Depi,43.7,378.42,0.0,False,CURVA,2025-11-01,4,1.0
CP-CEOC2025-002,2026-01-23,2026-01-12,2031-01-01,2031-12-31,Regulado,DEPG,DEP,Depi,43.7,372.73,0.0,False,CURVA,2025-11-01,5,1.0
CP-CEOC2025-002,2026-01-23,2026-01-12,2032-01-01,2032-12-31,Regulado,DEPG,DEP,Depi,98.3,363.96,0.0,False,CURVA,2025-11-01,5,2.0
CP-CEOC2025-002,2026-01-23,2026-01-12,2033-01-01,2033-12-31,Regulado,DEPG,DEP,Depi,43.7,361.32,0.0,False,CURVA,2025-11-01,5,3.0
CP-CEOC2025-002,2026-01-23,2026-01-12,2034-01-01,2034-12-31,Regulado,DEPG,DEP,Depi,43.7,361.32,0.0,False,CURVA,2025-11-01,5,4.0
CP-CEOC2025-002,2026-01-23,2026-01-12,2035-01-01,2035-12-31,Regulado,DEPG,DEP,Depi,43.7,361.32,0.0,False,CURVA,2025-11-01,5,5.0
CP-CEOC2025-002,2026-01-23,2026-01-12,2027-01-01,2027-12-31,Regulado,SPRG,SPR,Esprod,21.0,398.3999999999999,0.0,False,CURVA,2025-11-01,1,1.0
CP-CEOC2025-002,2026-01-23,2026-01-12,2028-01-01,2028-12-31,Regulado,SPRG,SPR,Esprod,22.0,388.7,0.0,False,CURVA,2025-11-01,2,1.0
CP-CEOC2026-001,2026-02-19,2026-02-06,2028-01-01,2028-12-31,Regulado,SPRG,SPR,Esprod,22.0,388.7,100.0,True,CURVA,2025-12-01,1,1.0
CP-CEOC2026-002,2026-03-04,2026-02-19,2027-01-01,2027-12-31,Regulado,DEPG,DEP,Depi,78.6,405.67,0.0,False,CURVA,2025-12-01,1,1.0
CP-CEOC2026-002,2026-03-04,2026-02-19,2027-01-01,2027-12-31,Regulado,EPTG,EPT,Eptg,13.8,390.0,100.0,True,CURVA,2025-12-01,1,1.0
CP-CEOC2026-002,2026-03-04,2026-02-19,2027-01-01,2027-12-31,Regulado,EPTG,EPT,Eptg,13.8,400.0,100.0,True,CURVA,2025-12-01,1,2.0
CP-CEOC2026-002,2026-03-04,2026-02-19,2027-01-01,2027-12-31,Regulado,GASC,GAS,Generarco,118.47,402.5,70.0,True,CURVA,2025-12-01,1,1.0
CP-CEOC2026-002,2026-03-04,2026-02-19,2027-01-01,2027-12-31,Regulado,SPRG,SPR,Esprod,21.0,398.3999999999999,100.0,True,CURVA,2025-12-01,1,1.0
CP-CETC2023-001,2023-06-01,2023-05-19,2027-01-01,2027-12-31,Regulado,ENDG,END,Enel,37.40127,298.66,0.0,False,CURVA,2023-01-03,3,1.0
CP-CETC2023-001,2023-06-01,2023-05-19,2026-01-01,2026-12-31,Regulado,EPMG,EPM,Epm,36.946595,281.97,100.0,True,CURVA,2023-01-03,2,1.0
CP-CETC2023-001,2023-06-01,2023-05-19,2027-01-01,2027-12-31,Regulado,EPMG,EPM,Epm,37.40127,276.42,0.0,False,CURVA,2023-01-03,3,1.0
CP-CETC2023-001,2023-06-01,2023-05-19,2026-01-01,2026-12-31,Regulado,EPSG,EPS,Celsia,36.946595,294.22,0.0,False,CURVA,2023-01-03,2,1.0
CP-CETC2023-001,2023-06-01,2023-05-19,2027-01-01,2027-12-31,Regulado,EPSG,EPS,Celsia,37.40127,284.07,0.0,False,CURVA,2023-01-03,3,1.0
CP-CETC2023-001,2023-06-01,2023-05-19,2026-01-01,2026-12-31,Regulado,ISGG,ISG,Isagen,36.946595,294.38,0.0,False,CURVA,2023-01-03,2,1.0
CP-CETC2023-001,2023-06-01,2023-05-19,2027-01-01,2027-12-31,Regulado,ISGG,ISG,Isagen,37.40127,274.12,100.0,True,CURVA,2023-01-03,3,1.0
CP-CETC2024-001,2024-09-03,2024-08-21,2028-01-01,2028-12-31,Regulado,ENDG,END,Enel,98.462,321.4,0.0,False,CURVA,2024-01-06,3,1.0
CP-CETC2024-001,2024-09-03,2024-08-21,2029-01-01,2029-12-31,Regulado,ENDG,END,Enel,69.842,318.39,0.0,False,CURVA,2024-01-06,4,1.0
CP-CETC2024-001,2024-09-03,2024-08-21,2030-01-01,2030-12-31,Regulado,ENDG,END,Enel,42.411,316.33,0.0,False,CURVA,2024-01-06,5,1.0
CP-CETC2024-001,2024-09-03,2024-08-21,2028-01-01,2028-12-31,Regulado,EPMG,EPM,Epm,39.385,313.5,82.01,True,CURVA,2024-01-06,3,1.0
CP-CETC2024-001,2024-09-03,2024-08-21,2029-01-01,2029-12-31,Regulado,EPMG,EPM,Epm,34.922,307.73,100.0,True,CURVA,2024-01-06,4,1.0
CP-CETC2024-001,2024-09-03,2024-08-21,2030-01-01,2030-12-31,Regulado,EPMG,EPM,Epm,21.208,308.34,100.0,True,CURVA,2024-01-06,5,1.0
CP-CETC2024-001,2024-09-03,2024-08-21,2027-01-01,2027-12-31,Regulado,EPSG,EPS,Celsia,21.002,328.5,95.7,True,CURVA,2024-01-06,2,1.0
CP-CETC2024-001,2024-09-03,2024-08-21,2028-01-01,2028-12-31,Regulado,EPSG,EPS,Celsia,22.005,323.2,0.0,False,CURVA,2024-01-06,3,1.0
CP-CETC2024-001,2024-09-03,2024-08-21,2029-01-01,2029-12-31,Regulado,EPSG,EPS,Celsia,23.0,317.9,0.0,False,CURVA,2024-01-06,4,1.0
CP-CETC2024-001,2024-09-03,2024-08-21,2030-01-01,2030-12-31,Regulado,EPSG,EPS,Celsia,23.002,317.9,0.0,False,CURVA,2024-01-06,5,1.0
CP-CETC2024-001,2024-09-03,2024-08-21,2028-01-01,2028-12-31,Regulado,ISGG,ISG,Isagen,21.96,304.45,100.0,True,PLANO,2024-01-06,3,1.0
CP-CETC2024-001,2024-09-03,2024-08-21,2028-01-01,2028-12-31,Regulado,ISGG,ISG,Isagen,49.233000000000004,312.67,100.0,True,CURVA,2024-01-06,3,2.0
CP-CETC2024-001,2024-09-03,2024-08-21,2029-01-01,2029-12-31,Regulado,ISGG,ISG,Isagen,17.52,300.29,100.0,True,PLANO,2024-01-06,4,1.0
CP-CETC2024-001,2024-09-03,2024-08-21,2029-01-01,2029-12-31,Regulado,ISGG,ISG,Isagen,55.873,309.3,28.320000000000004,True,CURVA,2024-01-06,4,2.0
CP-CETC2024-001,2024-09-03,2024-08-21,2030-01-01,2030-12-31,Regulado,ISGG,ISG,Isagen,42.411,309.32,49.99,True,CURVA,2024-01-06,5,1.0
CP-CETC2024-001,2024-09-03,2024-08-21,2026-01-01,2026-12-31,Regulado,TRMG,TRM,Termotasajero,13.14,359.98,0.0,False,PLANA,2024-01-06,1,1.0
CP-CETC2024-001,2024-09-03,2024-08-21,2026-01-01,2026-12-31,Regulado,TRMG,TRM,Termotasajero,16.858999999999998,364.98,0.0,False,CURVA,2024-01-06,1,2.0
CP-CETC2024-001,2024-09-03,2024-08-21,2027-01-01,2027-12-31,Regulado,TRMG,TRM,Termotasajero,17.52,331.98,100.0,True,PLANO,2024-01-06,2,1.0
CP-CETC2024-001,2024-09-03,2024-08-21,2027-01-01,2027-12-31,Regulado,TRMG,TRM,Termotasajero,22.479,337.98,100.0,True,CURVA,2024-01-06,2,2.0
CP-CETC2024-001,2024-09-03,2024-08-21,2028-01-01,2028-12-31,Regulado,TRMG,TRM,Termotasajero,21.96,320.98,0.0,False,PLANO,2024-01-06,3,1.0
CP-CETC2024-001,2024-09-03,2024-08-21,2028-01-01,2028-12-31,Regulado,TRMG,TRM,Termotasajero,28.04,327.98,0.0,False,CURVA,2024-01-06,3,2.0
CP-CETC2024-001,2024-09-03,2024-08-21,2029-01-01,2029-12-31,Regulado,TRMG,TRM,Termotasajero,17.52,320.98,0.0,False,PLANO,2024-01-06,4,1.0
CP-CETC2024-001,2024-09-03,2024-08-21,2029-01-01,2029-12-31,Regulado,TRMG,TRM,Termotasajero,22.48,327.98,0.0,False,CURVA,2024-01-06,4,2.0
CP-CETC2024-001,2024-09-03,2024-08-21,2030-01-01,2030-12-31,Regulado,TRMG,TRM,Termotasajero,20.0,316.98,0.0,False,PLANO,2024-01-06,5,1.0
CP-CETC2025-001,2025-06-13,2025-05-30,2027-01-01,2027-12-31,Regulado,EPMG,EPM,Epm,12.789,374.51,100.0,True,NONE,2025-04-01,1,2.0
CP-CETC2025-001,2025-06-13,2025-05-30,2028-01-01,2028-12-31,Regulado,EPMG,EPM,Epm,23.885000000000005,378.52,0.0,False,NONE,2025-04-01,1,3.0
CP-CETC2025-001,2025-06-13,2025-05-30,2026-01-01,2026-12-31,Regulado,EPSG,EPS,Celsia,37.564,394.39000000000004,0.0,False,NONE,2025-04-01,1,1.0
CP-CETC2025-001,2025-06-13,2025-05-30,2027-01-01,2027-12-31,Regulado,EPSG,EPS,Celsia,1.0499999999999998,384.37000000000006,0.0,False,NONE,2025-04-01,1,2.0
CP-CETC2025-001,2025-06-13,2025-05-30,2028-01-01,2028-12-31,Regulado,EPSG,EPS,Celsia,21.816,375.25,0.0,False,NONE,2025-04-01,1,3.0
CP-CETC2025-002,2025-12-17,2025-12-03,2026-02-01,2026-12-31,Regulado,EPSG,EPS,Celsia,21.2424,389.0,100.0,True,CURVA,2025-10-01,1,1.0
CP-CETC2025-002,2025-12-17,2025-12-03,2026-02-01,2026-12-31,Regulado,EPSG,EPS,Celsia,8.851,384.9,100.0,True,CURVA,2025-10-01,2,1.0
CP-CETC2025-002,2025-12-17,2025-12-03,2026-02-01,2026-12-31,Regulado,EPTG,EPT,Eptg,8.851,398.0,0.0,False,CURVA,2025-10-01,2,1.0
CP-CHCC2023-001,2023-07-26,2023-07-12,2027-01-01,2028-12-31,Regulado,ENDG,END,Enel,272.5413541275,295.47999999999996,50.0,True,CURVA,2023-01-05,4,1.0
CP-CHCC2023-001,2023-07-26,2023-07-12,2027-01-01,2028-12-31,Regulado,EPSG,EPS,Celsia,84.487819779525,309.95,0.0,False,CURVA,2023-01-05,4,1.0
CP-CHCC2023-001,2023-07-26,2023-07-12,2027-01-01,2028-12-31,Regulado,EPSG,EPS,Celsia,94.563686305839,301.9,0.0,False,CURVA,2023-01-05,4,2.0
CP-CHCC2023-002,2023-11-01,2023-10-19,2027-01-01,2027-12-31,Regulado,ENDG,END,Enel,29.762882000000005,324.64,100.0,True,CURVA,2023-01-09,4,1.0
CP-CHCC2023-002,2023-11-01,2023-10-19,2028-01-01,2028-12-31,Regulado,ENDG,END,Enel,161.361635355,307.55,0.0,False,CURVA,2023-01-09,5,1.0
CP-CHCC2023-002,2023-11-01,2023-10-19,2029-01-01,2029-12-31,Regulado,ENDG,END,Enel,163.28710185,294.54,0.0,False,CURVA,2023-01-09,6,1.0
CP-CHCC2023-002,2023-11-01,2023-10-19,2030-01-01,2030-12-31,Regulado,ENDG,END,Enel,165.21829431,289.6,0.0,False,CURVA,2023-01-09,7,1.0
CP-CHCC2023-002,2023-11-01,2023-10-19,2031-01-01,2031-12-31,Regulado,ENDG,END,Enel,167.15397979,286.42,0.0,False,CURVA,2023-01-09,8,1.0
CP-CHCC2023-002,2023-11-01,2023-10-19,2032-01-01,2032-12-31,Regulado,ENDG,END,Enel,169.09337877000002,285.44,0.0,False,CURVA,2023-01-09,9,1.0
CP-CHCC2023-002,2023-11-01,2023-10-19,2027-01-01,2027-12-31,Regulado,ISGG,ISG,Isagen,47.6206112,295.62,100.0,True,CURVA,2023-01-09,4,1.0
CP-CHCC2023-002,2023-11-01,2023-10-19,2028-01-01,2028-12-31,Regulado,ISGG,ISG,Isagen,48.408490606499996,291.12,0.0,False,CURVA,2023-01-09,5,1.0
CP-CHCC2023-002,2023-11-01,2023-10-19,2028-01-01,2028-12-31,Regulado,ISGG,ISG,Isagen,48.408490606499996,292.62,0.0,False,CURVA,2023-01-09,5,2.0
CP-CHCC2023-002,2023-11-01,2023-10-19,2029-01-01,2029-12-31,Regulado,ISGG,ISG,Isagen,48.986130555,283.45,60.0,True,CURVA,2023-01-09,6,1.0
CP-CHCC2023-002,2023-11-01,2023-10-19,2029-01-01,2029-12-31,Regulado,ISGG,ISG,Isagen,48.986130555,284.36,60.0,True,CURVA,2023-01-09,6,2.0
CP-CHCC2023-002,2023-11-01,2023-10-19,2030-01-01,2030-12-31,Regulado,ISGG,ISG,Isagen,49.565488292999994,283.45,0.0,False,CURVA,2023-01-09,7,1.0
CP-CHCC2023-002,2023-11-01,2023-10-19,2030-01-01,2030-12-31,Regulado,ISGG,ISG,Isagen,49.565488292999994,284.36,0.0,False,CURVA,2023-01-09,7,2.0
CP-CHCC2023-002,2023-11-01,2023-10-19,2031-01-01,2031-12-31,Regulado,ISGG,ISG,Isagen,50.14619393699999,283.45,0.0,False,CURVA,2023-01-09,8,1.0
CP-CHCC2023-002,2023-11-01,2023-10-19,2031-01-01,2031-12-31,Regulado,ISGG,ISG,Isagen,50.14619393699999,284.36,0.0,False,CURVA,2023-01-09,8,2.0
CP-CHCC2023-002,2023-11-01,2023-10-19,2032-01-01,2032-12-31,Regulado,ISGG,ISG,Isagen,169.09337877000002,283.45,0.0,False,CURVA,2023-01-09,9,1.0
CP-CHCC2023-002,2023-11-01,2023-10-19,2032-01-01,2032-12-31,Regulado,ISGG,ISG,Isagen,169.09337877000002,284.36,0.0,False,CURVA,2023-01-09,9,2.0
CP-CHCC2023-002,2023-11-01,2023-10-19,2027-01-01,2027-12-31,Regulado,NTCG,NTC,Nitroenergy,44.644323,321.5,100.0,True,CURVA,2023-01-09,4,1.0
CP-CHCC2023-002,2023-11-01,2023-10-19,2028-01-01,2028-12-31,Regulado,NTCG,NTC,Nitroenergy,43.56764154585,312.32,0.0,False,CURVA,2023-01-09,5,1.0
CP-CHCC2023-002,2023-11-01,2023-10-19,2029-01-01,2029-12-31,Regulado,NTCG,NTC,Nitroenergy,40.8217754625,307.03,0.0,False,CURVA,2023-01-09,6,1.0
CP-CHCC2023-002,2023-11-01,2023-10-19,2030-01-01,2030-12-31,Regulado,NTCG,NTC,Nitroenergy,41.3045735775,301.05,0.0,False,CURVA,2023-01-09,7,1.0
CP-CHCC2023-002,2023-11-01,2023-10-19,2031-01-01,2031-12-31,Regulado,NTCG,NTC,Nitroenergy,43.4600347454,296.06,0.0,False,CURVA,2023-01-09,8,1.0
CP-CHCC2023-002,2023-11-01,2023-10-19,2032-01-01,2032-12-31,Regulado,NTCG,NTC,Nitroenergy,45.6552122679,296.06,0.0,False,CURVA,2023-01-09,9,1.0
CP-CHCC2023-002,2023-11-01,2023-10-19,2025-01-01,2025-12-31,Regulado,TRMG,TRM,Termotasajero,49.5780274,398.0,0.0,False,CURVA,2023-01-09,2,1.0
CP-CHCC2023-002,2023-11-01,2023-10-19,2026-01-01,2026-12-31,Regulado,TRMG,TRM,Termotasajero,50.1780292051,395.0,0.0,False,CURVA,2023-01-09,3,1.0
CP-CHCC2023-002,2023-11-01,2023-10-19,2027-01-01,2027-12-31,Regulado,TRMG,TRM,Termotasajero,23.8103056,375.0,0.0,False,CURVA,2023-01-09,4,1.0
CP-CHCC2023-003,2024-02-28,2024-02-15,2026-01-01,2026-12-31,Regulado,ENDG,END,Enel,25.53,354.28,0.0,False,CURVA,2023-01-12,3,1.0
CP-CHCC2023-003,2024-02-28,2024-02-15,2027-01-01,2027-12-31,Regulado,ENDG,END,Enel,120.42,324.3,14.01,True,CURVA,2023-01-12,4,1.0
CP-CHCC2023-003,2024-02-28,2024-02-15,2027-01-01,2027-12-31,Regulado,ENDG,END,Enel,96.32,325.33,0.0,False,CURVA,2023-01-12,4,2.0
CP-CHCC2023-003,2024-02-28,2024-02-15,2028-01-01,2028-12-31,Regulado,ENDG,END,Enel,144.58964,302.49,0.0,False,CURVA,2023-01-12,5,1.0
CP-CHCC2023-003,2024-02-28,2024-02-15,2028-01-01,2028-12-31,Regulado,ENDG,END,Enel,115.671712,303.51,0.0,False,CURVA,2023-01-12,5,2.0
CP-CHCC2023-003,2024-02-28,2024-02-15,2029-01-01,2029-12-31,Regulado,ENDG,END,Enel,129.77579500000002,306.35,0.0,False,CURVA,2023-01-12,6,1.0
CP-CHCC2023-003,2024-02-28,2024-02-15,2029-01-01,2029-12-31,Regulado,ENDG,END,Enel,103.82063600000001,307.38,0.0,False,CURVA,2023-01-12,6,2.0
CP-CHCC2023-003,2024-02-28,2024-02-15,2030-01-01,2030-12-31,Regulado,ENDG,END,Enel,164.30888,311.33,0.0,False,CURVA,2023-01-12,7,1.0
CP-CHCC2023-003,2024-02-28,2024-02-15,2030-01-01,2030-12-31,Regulado,ENDG,END,Enel,164.30888,312.39,0.0,False,CURVA,2023-01-12,7,2.0
CP-CHCC2023-003,2024-02-28,2024-02-15,2025-01-01,2025-12-31,Regulado,EPMG,EPM,Epm,99.99000000000001,374.98,30.399999999999995,True,CURVA,2023-01-12,2,1.0
CP-CHCC2023-003,2024-02-28,2024-02-15,2026-01-01,2026-12-31,Regulado,EPMG,EPM,Epm,120.01,315.97,100.0,True,CURVA,2023-01-12,3,1.0
CP-CHCC2023-003,2024-02-28,2024-02-15,2027-01-01,2027-12-31,Regulado,EPMG,EPM,Epm,85.0,312.95,100.0,True,CURVA,2023-01-12,4,1.0
CP-CHCC2023-003,2024-02-28,2024-02-15,2028-01-01,2028-12-31,Regulado,EPMG,EPM,Epm,83.86199119999999,301.48,0.0,False,CURVA,2023-01-12,5,1.0
CP-CHCC2023-003,2024-02-28,2024-02-15,2029-01-01,2029-12-31,Regulado,EPMG,EPM,Epm,85.65202470000001,301.48,0.0,False,CURVA,2023-01-12,6,1.0
CP-CHCC2023-003,2024-02-28,2024-02-15,2030-01-01,2030-12-31,Regulado,EPMG,EPM,Epm,85.44061760000001,301.48,0.0,False,CURVA,2023-01-12,7,1.0
CP-CHCC2023-003,2024-02-28,2024-02-15,2028-01-01,2028-12-31,Regulado,ISGG,ISG,Isagen,49.16047760000001,301.52,0.0,False,CURVA,2023-01-12,5,1.0
CP-CHCC2023-003,2024-02-28,2024-02-15,2028-01-01,2028-12-31,Regulado,ISGG,ISG,Isagen,49.16047760000001,306.52,0.0,False,CURVA,2023-01-12,5,2.0
CP-CHCC2023-003,2024-02-28,2024-02-15,2029-01-01,2029-12-31,Regulado,ISGG,ISG,Isagen,38.9327385,304.94,0.0,False,CURVA,2023-01-12,6,1.0
CP-CHCC2023-003,2024-02-28,2024-02-15,2029-01-01,2029-12-31,Regulado,ISGG,ISG,Isagen,38.9327385,309.94,0.0,False,CURVA,2023-01-12,6,2.0
CP-CHCC2023-003,2024-02-28,2024-02-15,2030-01-01,2030-12-31,Regulado,ISGG,ISG,Isagen,115.016216,310.55,0.0,False,CURVA,2023-01-12,7,1.0
CP-CHCC2023-003,2024-02-28,2024-02-15,2025-01-01,2025-12-31,Regulado,NTCG,NTC,Nitroenergy,87.6,359.96,100.0,True,CURVA,2023-01-12,2,1.0
CP-CHCC2023-003,2024-02-28,2024-02-15,2025-01-01,2025-12-31,Regulado,NTCG,NTC,Nitroenergy,87.6,378.95,0.0,False,CURVA,2023-01-12,2,2.0
CP-CHCC2023-003,2024-02-28,2024-02-15,2026-01-01,2026-12-31,Regulado,NTCG,NTC,Nitroenergy,87.6,353.98,0.0,False,CURVA,2023-01-12,3,1.0
CP-CHCC2023-003,2024-02-28,2024-02-15,2027-01-01,2027-12-31,Regulado,NTCG,NTC,Nitroenergy,87.56,333.89,0.0,False,CURVA,2023-01-12,4,1.0
CP-CHCC2023-003,2024-02-28,2024-02-15,2028-01-01,2028-12-31,Regulado,NTCG,NTC,Nitroenergy,133.0224688,315.89,0.0,False,CURVA,2023-01-12,5,1.0
CP-CHCC2023-003,2024-02-28,2024-02-15,2029-01-01,2029-12-31,Regulado,NTCG,NTC,Nitroenergy,44.123770300000004,319.85,0.0,False,CURVA,2023-01-12,6,1.0
CP-CHCC2023-003,2024-02-28,2024-02-15,2024-01-01,2024-12-31,Regulado,SPRG,SPR,Esprod,14.5,419.0,0.0,False,CURVA,2023-01-12,1,1.0
CP-CHCC2023-003,2024-02-28,2024-02-15,2025-01-01,2025-12-31,Regulado,TRMG,TRM,Termotasajero,36.52,393.9800000000001,0.0,False,CURVA,2023-01-12,2,1.0
CP-CHCC2023-003,2024-02-28,2024-02-15,2025-01-01,2025-12-31,Regulado,TRMG,TRM,Termotasajero,43.52,396.74923076923073,0.0,False,CURVA,2023-01-12,2,2.0
CP-CHCC2023-003,2024-02-28,2024-02-15,2026-01-01,2026-12-31,Regulado,TRMG,TRM,Termotasajero,100.0,338.98,100.0,True,CURVA,2023-01-12,3,1.0
CP-CHCC2023-003,2024-02-28,2024-02-15,2026-01-01,2026-12-31,Regulado,TRMG,TRM,Termotasajero,100.0,348.98,83.0,True,CURVA,2023-01-12,3,2.0
CP-CHCC2023-003,2024-02-28,2024-02-15,2027-01-01,2027-12-31,Regulado,TRMG,TRM,Termotasajero,74.99,330.98,0.0,False,CURVA,2023-01-12,4,1.0
CP-CHCC2023-003,2024-02-28,2024-02-15,2027-01-01,2027-12-31,Regulado,TRMG,TRM,Termotasajero,74.99,330.98,0.0,False,CURVA,2023-01-12,4,2.0
CP-CHCC2024-001,2024-05-16,2024-05-02,2024-01-07,2024-12-31,Regulado,CHVG,CHV,Aes,21.54674037,359.29,0.0,False,CURVA,2024-01-03,1,1.0
CP-CHCC2024-001,2024-05-16,2024-05-02,2024-01-07,2024-12-31,Regulado,CHVG,CHV,Aes,21.54674037,364.29,0.0,False,CURVA,2024-01-03,1,2.0
CP-CHCC2024-001,2024-05-16,2024-05-02,2028-01-01,2028-12-31,Regulado,ENDG,END,Enel,150.14286441,310.38,90.0,True,CURVA,2024-01-03,4,1.0
CP-CHCC2024-001,2024-05-16,2024-05-02,2029-01-01,2029-12-31,Regulado,ENDG,END,Enel,85.25649795,309.87,100.0,True,CURVA,2024-01-03,5,1.0
CP-CHCC2024-001,2024-05-16,2024-05-02,2030-01-01,2030-12-31,Regulado,ENDG,END,Enel,106.64844750045016,308.62,100.0,True,CURVA,2024-01-03,6,1.0
CP-CHCC2024-001,2024-05-16,2024-05-02,2028-01-01,2028-12-31,Regulado,EPSG,EPS,Celsia,40.568601963582,320.0,0.0,False,CURVA,2024-01-03,4,1.0
CP-CHCC2024-001,2024-05-16,2024-05-02,2029-01-01,2029-12-31,Regulado,EPSG,EPS,Celsia,92.7590697696,312.0,18.0,True,CURVA,2024-01-03,5,1.0
CP-CHCC2024-001,2024-05-16,2024-05-02,2030-01-01,2030-12-31,Regulado,EPSG,EPS,Celsia,97.0349395764186,310.0,0.0,False,CURVA,2024-01-03,6,1.0
CP-CHCC2024-001,2024-05-16,2024-05-02,2030-01-01,2030-12-31,Regulado,EPSG,EPS,Celsia,97.0349395764186,315.0,0.0,False,CURVA,2024-01-03,6,2.0
CP-CHCC2024-001,2024-05-16,2024-05-02,2024-01-07,2024-12-31,Regulado,ISGG,ISG,Isagen,52.127002499999996,345.52,100.0,True,CURVA,2024-01-03,1,1.0
CP-CHCC2024-001,2024-05-16,2024-05-02,2028-01-01,2028-12-31,Regulado,ISGG,ISG,Isagen,165.157150851,306.79,100.0,True,CURVA,2024-01-03,4,1.0
CP-CHCC2024-001,2024-05-16,2024-05-02,2029-01-01,2029-12-31,Regulado,ISGG,ISG,Isagen,68.20519836,308.88,100.0,True,CURVA,2024-01-03,5,1.0
CP-CHCC2024-001,2024-05-16,2024-05-02,2030-01-01,2030-12-31,Regulado,ISGG,ISG,Isagen,170.64351506962765,309.48,54.0,True,CURVA,2024-01-03,6,1.0
CP-CHCC2024-001,2024-05-16,2024-05-02,2025-01-01,2025-12-31,Regulado,TRMG,TRM,Termotasajero,49.520651505000004,359.8999999999999,100.0,True,CURVA,2024-01-03,2,1.0
CP-CHCC2024-001,2024-05-16,2024-05-02,2025-01-01,2025-12-31,Regulado,TRMG,TRM,Termotasajero,49.520651505000004,363.8999999999999,100.0,True,CURVA,2024-01-03,2,2.0
CP-CHCC2024-001,2024-05-16,2024-05-02,2027-01-01,2027-12-31,Regulado,TRMG,TRM,Termotasajero,34.99824474375,327.6,100.0,True,CURVA,2024-01-03,3,1.0
CP-CHCC2024-001,2024-05-16,2024-05-02,2027-01-01,2027-12-31,Regulado,TRMG,TRM,Termotasajero,34.99824474375,331.6,100.0,True,CURVA,2024-01-03,3,2.0
CP-CHCC2024-001,2024-05-16,2024-05-02,2028-01-01,2028-12-31,Regulado,TRMG,TRM,Termotasajero,25.013801210706,315.9,0.0,False,CURVA,2024-01-03,4,1.0
CP-CHCC2024-001,2024-05-16,2024-05-02,2028-01-01,2028-12-31,Regulado,TRMG,TRM,Termotasajero,25.013801210706,319.9,0.0,False,CURVA,2024-01-03,4,2.0
CP-CHCC2024-001,2024-05-16,2024-05-02,2029-01-01,2029-12-31,Regulado,TRMG,TRM,Termotasajero,15.0051436392,314.7,0.0,False,CURVA,2024-01-03,5,1.0
CP-CHCC2024-001,2024-05-16,2024-05-02,2029-01-01,2029-12-31,Regulado,TRMG,TRM,Termotasajero,15.0051436392,318.7,0.0,False,CURVA,2024-01-03,5,2.0
CP-CHCC2024-001,2024-05-16,2024-05-02,2030-01-01,2030-12-31,Regulado,TRMG,TRM,Termotasajero,29.99534453676,307.9,50.0,True,CURVA,2024-01-03,6,1.0
CP-CHCC2024-002,2024-08-29,2024-08-15,2025-01-01,2025-12-31,Regulado,CMXC,CMX,Cemex Energy,12.3658962072,395.0,0.0,False,CURVA,2024-01-07,1,1.0
CP-CHCC2024-002,2024-08-29,2024-08-15,2025-01-01,2025-12-31,Regulado,DEPC,DEP,Depi,26.7927751156,410.0,0.0,False,CURVA,2024-01-07,1,1.0
CP-CHCC2024-002,2024-08-29,2024-08-15,2028-01-01,2028-12-31,Regulado,ENDG,END,Enel,120.10481864,318.19,0.0,False,CURVA,2024-01-07,3,1.0
CP-CHCC2024-002,2024-08-29,2024-08-15,2029-01-01,2029-12-31,Regulado,ENDG,END,Enel,153.84795623,315.17,0.0,False,CURVA,2024-01-07,4,1.0
CP-CHCC2024-002,2024-08-29,2024-08-15,2030-01-01,2030-12-31,Regulado,ENDG,END,Enel,190.00560497,313.11,0.0,False,CURVA,2024-01-07,5,1.0
CP-CHCC2024-002,2024-08-29,2024-08-15,2027-01-01,2027-12-31,Regulado,EPMG,EPM,Epm,8.82585057936722,320.02,0.0,False,CURVA,2024-01-07,2,1.0
CP-CHCC2024-002,2024-08-29,2024-08-15,2028-01-01,2028-12-31,Regulado,EPMG,EPM,Epm,97.28490309840001,310.1,0.0,False,CURVA,2024-01-07,3,1.0
CP-CHCC2024-002,2024-08-29,2024-08-15,2029-01-01,2029-12-31,Regulado,EPMG,EPM,Epm,101.53965111180001,306.26,0.0,False,CURVA,2024-01-07,4,1.0
CP-CHCC2024-002,2024-08-29,2024-08-15,2030-01-01,2030-12-31,Regulado,EPMG,EPM,Epm,106.4031387832,305.32,0.0,False,CURVA,2024-01-07,5,1.0
CP-CHCC2024-002,2024-08-29,2024-08-15,2025-01-01,2025-12-31,Regulado,EPTC,EPT,Eptc,12.3658962072,370.0,0.0,False,CURVA,2024-01-07,1,1.0
CP-CHCC2024-002,2024-08-29,2024-08-15,2027-01-01,2027-12-31,Regulado,EPTC,EPT,Eptc,11.9553354461548,340.0,0.0,False,CURVA,2024-01-07,2,1.0
CP-CHCC2024-002,2024-08-29,2024-08-15,2028-01-01,2028-12-31,Regulado,EPTC,EPT,Eptc,14.4125782368,330.0,0.0,False,CURVA,2024-01-07,3,1.0
CP-CHCC2024-002,2024-08-29,2024-08-15,2029-01-01,2029-12-31,Regulado,ISGG,ISG,Isagen,46.154386869,308.72,0.0,False,CURVA,2024-01-07,4,1.0
CP-CHCC2024-002,2024-08-29,2024-08-15,2030-01-01,2030-12-31,Regulado,ISGG,ISG,Isagen,95.002802485,306.35,0.0,False,CURVA,2024-01-07,5,1.0
CP-CHCC2024-003,2024-11-05,2024-10-22,2027-01-01,2036-12-31,Regulado,TRMC,TRM,Termotasajero,0.0424,399.0,0.0,False,CURVA,2024-01-09,2,1.0
CP-CHCC2024-003,2024-11-05,2024-10-22,2027-01-01,2036-12-31,Regulado,TRMC,TRM,Termotasajero,0.0424,408.0,0.0,False,CURVA,2024-01-09,2,2.0
CP-CHCC2024-003,2024-11-05,2024-10-22,2027-01-01,2036-12-31,Regulado,TRMC,TRM,Termotasajero,0.0424,419.0,0.0,False,CURVA,2024-01-09,2,3.0
CP-CHCC2024-004,2024-12-06,2024-11-25,2025-01-01,2025-12-31,Regulado,BTGC,BTG,Btg,2.232,390.0,0.0,False,CURVA,2024-09-01,1,1.0
CP-CHCC2024-004,2024-12-06,2024-11-25,2025-01-01,2025-12-31,Regulado,BTGC,BTG,Btg,3.72,395.0,0.0,False,CURVA,2024-09-01,1,2.0
CP-CHCC2024-004,2024-12-06,2024-11-25,2025-01-01,2025-12-31,Regulado,BTGC,BTG,Btg,14.687999999999999,410.0,0.0,False,CURVA,2024-09-01,1,3.0
CP-CHCC2024-004,2024-12-06,2024-11-25,2025-01-01,2025-12-31,Regulado,BTGC,BTG,Btg,11.016000000000002,420.0,0.0,False,CURVA,2024-09-01,1,4.0
CP-CHCC2024-004,2024-12-06,2024-11-25,2025-01-01,2025-12-31,Regulado,ENDG,END,Enel,39.831,375.0,0.0,False,CURVA,2024-09-01,1,1.0
CP-CHCC2024-004,2024-12-06,2024-11-25,2029-01-01,2029-12-31,Regulado,ENDG,END,Enel,168.795,320.48,48.0,True,CURVA,2024-09-01,4,1.0
CP-CHCC2024-004,2024-12-06,2024-11-25,2030-01-01,2030-12-31,Regulado,ENDG,END,Enel,190.007,318.53,0.0,False,PLANO,2024-09-01,5,2.0
CP-CHCC2024-004,2024-12-06,2024-11-25,2032-01-01,2036-12-31,Regulado,ENDG,END,Enel,489.67809,306.7875,100.0,True,CURVA,2024-09-01,6,1.0
CP-CHCC2024-004,2024-12-06,2024-11-25,2035-01-01,2035-12-31,Regulado,ENDG,END,Enel,124.53219999999996,305.47,100.0,True,CURVA,2024-09-01,6,2.0
CP-CHCC2024-004,2024-12-06,2024-11-25,2027-01-01,2027-12-31,Regulado,EPMG,EPM,Epm,36.671,333.48,100.0,True,CURVA,2024-09-01,2,1.0
CP-CHCC2024-004,2024-12-06,2024-11-25,2028-01-01,2028-12-31,Regulado,EPMG,EPM,Epm,125.69,327.42,100.0,True,PLANO,2024-09-01,3,1.0
CP-CHCC2024-004,2024-12-06,2024-11-25,2029-01-01,2029-12-31,Regulado,EPMG,EPM,Epm,129.801,319.33,100.0,True,PLANO,2024-09-01,4,1.0
CP-CHCC2024-004,2024-12-06,2024-11-25,2030-01-01,2030-12-31,Regulado,EPMG,EPM,Epm,93.842,316.94,95.0,True,PLANO,2024-09-01,5,1.0
CP-CHCC2024-004,2024-12-06,2024-11-25,2031-01-01,2036-12-31,Regulado,EPMG,EPM,Epm,424.80155,315.38,0.0,False,CURVA,2024-09-01,6,1.0
CP-CHCC2024-004,2024-12-06,2024-11-25,2035-01-01,2035-12-31,Regulado,EPMG,EPM,Epm,87.17254,315.38,0.0,False,CURVA,2024-09-01,6,2.0
CP-CHCC2024-004,2024-12-06,2024-11-25,2025-01-01,2025-12-31,Regulado,GNCG,GNC,Vatia,19.158,415.0,0.0,False,CURVA,2024-09-01,1,1.0
CP-CHCC2024-004,2024-12-06,2024-11-25,2030-01-01,2030-12-31,Regulado,ISGG,ISG,Isagen,76.002,314.68,100.0,True,CURVA,2024-09-01,5,1.0
CP-CHCC2024-004,2024-12-06,2024-11-25,2031-01-01,2036-12-31,Regulado,ISGG,ISG,Isagen,606.86064,310.81,20.0,True,CURVA,2024-09-01,6,1.0
CP-CHCC2024-004,2024-12-06,2024-11-25,2035-01-01,2035-12-31,Regulado,ISGG,ISG,Isagen,124.53219999999996,310.38,0.0,False,CURVA,2024-09-01,6,2.0
CP-CHCC2025-002,2025-09-08,2025-08-26,2027-01-01,2027-12-31,Regulado,EPMG,EPM,Epm,4.62,368.84,0.0,False,PLANA,2025-07-01,1,1.0
CP-CHCC2025-002,2025-09-08,2025-08-26,2027-01-01,2027-12-31,Regulado,EPSG,EPS,Celsia,66.02,378.71,0.0,False,CURVA,2025-07-01,1,1.0
CP-CHCC2025-002,2025-09-08,2025-08-26,2027-01-01,2037-12-31,Regulado,EPTC,EPT,Eptc,111.012,359.45454545454544,0.0,False,PLANA,2025-07-01,2,1.0
CP-CHCC2025-002,2025-09-08,2025-08-26,2029-01-01,2030-12-31,Regulado,SFEG,SFE,Santa Fe,15.911999999999999,361.0,0.0,False,PLANA,2025-07-01,1,1.0
CP-CHCC2025-002,2025-09-08,2025-08-26,2027-01-01,2027-12-31,Regulado,TERG,TER,Termotasajero Dos,21.9,419.0,0.0,False,PLANA,2025-07-01,1,1.0
CP-CHCC2025-002,2025-09-08,2025-08-26,2027-01-01,2027-12-31,Regulado,TERG,TER,Termotasajero Dos,21.9,428.0,0.0,False,PLANA,2025-07-01,1,2.0
CP-CHCC2025-002,2025-09-08,2025-08-26,2027-01-01,2027-12-31,Regulado,TERG,TER,Termotasajero Dos,10.5,432.0,0.0,False,CURVA,2025-07-01,1,3.0
CP-CHCC2025-002,2025-09-08,2025-08-26,2027-01-01,2027-12-31,Regulado,TERG,TER,Termotasajero Dos,10.5,441.0,0.0,False,CURVA,2025-07-01,1,4.0
CP-CHCC2025-003,2025-11-06,2025-10-23,2027-01-01,2027-12-31,Regulado,CHVG,CHV,Aes,47.0,357.15,100.0,True,CURVA,2025-08-01,1,1.0
CP-CHCC2025-003,2025-11-06,2025-10-23,2027-01-01,2027-12-31,Regulado,ENDG,END,Enel,23.9,377.67,22.555555555555557,True,CURVA,2025-08-01,1,1.0
CP-CHCC2025-003,2025-11-06,2025-10-23,2027-01-01,2027-12-31,Regulado,ENDG,END,Enel,63.599999999999994,389.67,0.0,False,CURVA,2025-08-01,1,2.0
CP-CHCC2025-003,2025-11-06,2025-10-23,2027-01-01,2027-12-31,Regulado,EPSG,EPS,Celsia,86.5,393.2,0.0,False,CURVA,2025-08-01,1,1.0
CP-CHCC2025-003,2025-11-06,2025-10-23,2028-01-01,2028-12-31,Regulado,EPSG,EPS,Celsia,33.385,381.89000000000004,63.685708014752954,True,CURVA,2025-08-01,2,1.0
CP-CHCC2025-003,2025-11-06,2025-10-23,2027-01-01,2027-12-31,Regulado,EPTC,EPT,Eptc,5.6,375.0,66.66666666666667,True,CURVA,2025-08-01,1,1.0
CP-CHCC2025-003,2025-11-06,2025-10-23,2028-01-01,2028-12-31,Regulado,EPTC,EPT,Eptc,11.9,370.0,100.0,True,CURVA,2025-08-01,2,1.0
CP-CHCC2025-003,2025-11-06,2025-10-23,2029-01-01,2029-12-31,Regulado,EPTC,EPT,Eptc,12.1,360.0,100.0,True,CURVA,2025-08-01,3,1.0
CP-CHCC2025-003,2025-11-06,2025-10-23,2030-01-01,2030-12-31,Regulado,EPTC,EPT,Eptc,12.0,355.0,100.0,True,CURVA,2025-08-01,4,1.0
CP-CHCC2025-003,2025-11-06,2025-10-23,2027-01-01,2027-12-31,Regulado,ISGG,ISG,Isagen,40.5,375.71,14.666666666666666,True,CURVA,2025-08-01,1,1.0
CP-CHCC2026-001,2026-04-21,2026-04-08,2027-01-01,2031-12-31,Regulado,ENDG,END,Enel,175.20000000000002,387.0425,4.365,True,CURVA,2026-02-01,6,1.0
CP-CHCC2026-001,2026-04-21,2026-04-08,2031-01-01,2031-12-31,Regulado,EPSG,EPS,Celsia,57.262,365.0,0.0,False,PLANO,2026-02-01,5,1.0
CP-CHCC2026-001,2026-04-21,2026-04-08,2031-01-01,2031-12-31,Regulado,EPSG,EPS,Celsia,57.262,370.0,0.0,False,PLANO,2026-02-01,5,2.0
CP-CHCC2026-001,2026-04-21,2026-04-08,2031-01-01,2031-12-31,Regulado,EPSG,EPS,Celsia,57.262,375.0,0.0,False,PLANO,2026-02-01,5,3.0
CP-CHCC2026-001,2026-04-21,2026-04-08,2027-01-01,2031-12-31,Regulado,EPTC,EPT,Eptc,36.168,382.0,0.0,False,CURVA,2026-02-01,6,1.0
CP-CHCC2026-001,2026-04-21,2026-04-08,2027-01-01,2031-12-31,Regulado,IAEC,IAE,Ia Energía,31.974,386.0,20.0,True,CURVA,2026-02-01,6,1.0
CP-CHCC2026-001,2026-04-21,2026-04-08,2027-01-01,2027-12-31,Regulado,TERG,TER,Termotasajero Dos,60.002,441.8999999999999,0.0,False,CURVA,2026-02-01,1,1.0
CP-CHCC2026-001,2026-04-21,2026-04-08,2028-01-01,2028-12-31,Regulado,TERG,TER,Termotasajero Dos,20.002,436.3999999999999,0.0,False,CURVA,2026-02-01,2,1.0
CP-CHCC2026-001,2026-04-21,2026-04-08,2029-01-01,2029-12-31,Regulado,TERG,TER,Termotasajero Dos,29.799,415.8999999999999,0.0,False,CURVA,2026-02-01,3,1.0
CP-CHCC2026-001,2026-04-21,2026-04-08,2030-01-01,2030-12-31,Regulado,TERG,TER,Termotasajero Dos,29.8,411.5,0.0,False,CURVA,2026-02-01,4,1.0
CP-CMMC2023-001,2023-05-05,2023-04-21,2026-01-01,2037-12-31,Regulado,ENDC,END,Enel,630.15,253.035,100.0,True,CURVA,2022-01-02,3,1.0
CP-CMMC2023-001,2023-05-05,2023-04-21,2026-01-01,2037-12-31,Regulado,ENDC,END,Enel,630.15,255.24583333333334,100.0,True,CURVA,2022-01-02,3,2.0
CP-CMMC2023-001,2023-05-05,2023-04-21,2026-01-01,2037-12-31,Regulado,ENDC,END,Enel,630.15,257.46,100.0,True,CURVA,2022-01-02,3,3.0
CP-CMMC2023-001,2023-05-05,2023-04-21,2026-01-01,2037-12-31,Regulado,NMRC,NMR,Enermás,1954.0266666666666,276.88770833333336,100.0,True,CURVA,2022-01-02,3,1.0
CP-CMMC2023-001,2023-05-05,2023-04-21,2026-01-01,2037-12-31,Regulado,NMRC,NMR,Enermás,3068.1,296.50333333333333,100.0,True,PLANO,2022-01-02,4,1.0
CP-CMMC2023-001,2023-05-05,2023-04-21,2023-01-01,2037-12-31,Regulado,NTCG,NTC,Nitroenergy,9106.20000003,281.9196932515337,100.0,True,CURVA,2022-01-02,2,1.0
CP-CMMC2023-001,2023-05-05,2023-04-21,2023-01-01,2024-12-31,Regulado,SPRG,SPR,Esprod,549.5104530006332,365.05263157894734,0.0,False,CURVA,2022-01-02,1,1.0
CP-CMMC2023-002,2023-11-06,2023-10-26,2027-01-01,2037-12-31,Regulado,ENDG,END,Enel,1212.95,310.3945454545455,0.0,False,CURVA,2023-01-08,4,1.0
CP-CMMC2023-002,2023-11-06,2023-10-26,2027-01-01,2037-12-31,Regulado,ISGG,ISG,Isagen,574.615676572,281.7809090909091,0.0,False,CURVA,2023-01-08,4,1.0
CP-CMMC2023-002,2023-11-06,2023-10-26,2023-01-12,2024-12-31,Regulado,SPRG,SPR,Esprod,5.0,390.0,0.0,False,CURVA,2023-01-08,1,1.0
CP-CMMC2023-002,2023-11-06,2023-10-26,2023-01-12,2024-12-31,Regulado,SPRG,SPR,Esprod,5.0,490.0,0.0,False,CURVA,2023-01-08,1,2.0
CP-CMMC2023-002,2023-11-06,2023-10-26,2023-01-12,2037-12-31,Regulado,SPRG,SPR,Esprod,2321.863184,302.0726627218935,100.0,True,CURVA,2023-01-08,2,1.0
CP-CMMC2024-001,2024-07-12,2024-06-28,2026-01-01,2026-12-31,Regulado,BTGC,BTG,Btg,90.03999999999999,379.1666666666667,0.0,False,CURVA,2024-01-04,1,1.0
CP-CMMC2024-001,2024-07-12,2024-06-28,2026-01-01,2026-12-31,Regulado,BTGC,BTG,Btg,90.03999999999999,370.0,0.0,False,CURVA,2024-01-04,1,2.0
CP-CMMC2024-001,2024-07-12,2024-06-28,2027-01-01,2027-12-31,Regulado,BTGC,BTG,Btg,82.98,365.0,0.0,False,CURVA,2024-01-04,2,1.0
CP-CMMC2024-001,2024-07-12,2024-06-28,2027-01-01,2027-12-31,Regulado,BTGC,BTG,Btg,82.98,355.0,0.0,False,CURVA,2024-01-04,2,2.0
CP-CMMC2024-001,2024-07-12,2024-06-28,2028-01-01,2028-12-31,Regulado,BTGC,BTG,Btg,85.14,350.0,80.0,True,CURVA,2024-01-04,3,1.0
CP-CMMC2024-001,2024-07-12,2024-06-28,2028-01-01,2028-12-31,Regulado,BTGC,BTG,Btg,85.14,340.0,100.0,True,CURVA,2024-01-04,3,2.0
CP-CMMC2024-001,2024-07-12,2024-06-28,2026-01-01,2037-12-31,Regulado,ELIC,ELI,Elic,1567.0499998799999,325.0,100.0,True,PLANO,2024-01-04,4,1.0
CP-CMMC2024-001,2024-07-12,2024-06-28,2026-01-01,2037-12-31,Regulado,ENDG,END,Enel,1103.000000004,269.92083333333335,100.0,True,CURVA,2024-01-04,6,1.0
CP-CMMC2024-001,2024-07-12,2024-06-28,2026-01-01,2037-12-31,Regulado,EPMG,EPM,Epm,2974.2999999999997,300.14166666666665,100.0,True,PLANO,2024-01-04,4,1.0
CP-CMMC2024-001,2024-07-12,2024-06-28,2026-01-01,2037-12-31,Regulado,EPMG,EPM,Epm,2974.4000000399997,301.3416666666667,10.08,True,PLANO,2024-01-04,4,2.0
CP-CMMC2024-001,2024-07-12,2024-06-28,2026-01-01,2037-12-31,Regulado,EYCG,EYC,Eycg,1104.000000012,330.5,0.0,False,CURVA,2024-01-04,6,1.0
CP-CMMC2024-001,2024-07-12,2024-06-28,2026-01-01,2037-12-31,Regulado,GASC,GAS,Generarco,584.00000004,290.6666666666667,100.0,True,CURVA,2024-01-04,6,1.0
CP-CMMC2024-001,2024-07-12,2024-06-28,2028-01-01,2028-12-31,Regulado,ISGG,ISG,Isagen,147.0316886,306.24,100.0,True,CURVA,2024-01-04,3,1.0
CP-CMMC2024-001,2024-07-12,2024-06-28,2028-01-01,2028-12-31,Regulado,ISGG,ISG,Isagen,147.0316886,310.02,100.0,True,CURVA,2024-01-04,3,2.0
CP-CMMC2024-001,2024-07-12,2024-06-28,2026-01-01,2037-12-31,Regulado,NESC,NES,Nova Energy,26.3999999988,345.0,100.0,True,PLANO,2024-01-04,4,1.0
CP-CMMC2024-001,2024-07-12,2024-06-28,2026-01-01,2037-12-31,Regulado,NMRG,NMR,Nmrg,939.200000008,339.31416666666667,0.0,False,PLANO,2024-01-04,4,2.0
CP-CMMC2024-001,2024-07-12,2024-06-28,2026-01-01,2037-12-31,Regulado,NMRG,NMR,Nmrg,1575.39999984,275.9875,100.0,True,CURVA,2024-01-04,7,1.0
CP-CMMC2024-001,2024-07-12,2024-06-28,2026-01-01,2037-12-31,Regulado,NTCG,NTC,Nitroenergy,525.899999988,319.5,100.0,True,PLANO,2024-01-04,4,1.0
CP-CMMC2024-001,2024-07-12,2024-06-28,2026-01-01,2037-12-31,Regulado,NTCG,NTC,Nitroenergy,734.400000012,324.5,100.0,True,PLANO,2024-01-04,4,2.0
CP-CMMC2024-001,2024-07-12,2024-06-28,2026-01-01,2037-12-31,Regulado,NTCG,NTC,Nitroenergy,2501.00000028,278.2475,100.0,True,CURVA,2024-01-04,6,1.0
CP-CMMC2024-001,2024-07-12,2024-06-28,2026-01-01,2037-12-31,Regulado,NTCG,NTC,Nitroenergy,3674.19999996,269.9708333333333,100.0,True,CURVA,2024-01-04,7,1.0
CP-CMMC2024-001,2024-07-12,2024-06-28,2026-01-01,2026-12-31,Regulado,SPRG,SPR,Esprod,56.870000000000005,341.78,100.0,True,CURVA,2024-01-04,1,1.0
CP-CMMC2024-001,2024-07-12,2024-06-28,2026-01-01,2037-12-31,Regulado,SPRG,SPR,Esprod,552.600000008,335.0833333333333,0.0,False,PLANO,2024-01-04,4,1.0
CP-CMMC2024-001,2024-07-12,2024-06-28,2026-01-01,2037-12-31,Regulado,SPRG,SPR,Esprod,552.600000008,319.8333333333333,0.0,False,PLANO,2024-01-04,4,2.0
CP-CMMC2025-001,2025-07-16,2025-07-03,2027-01-01,2027-12-31,Regulado,EPMG,EPM,Epm,49.96,368.38,100.0,True,CURVA,2025-05-01,2,1.0
CP-CMMC2025-001,2025-07-16,2025-07-03,2028-01-01,2028-12-31,Regulado,EPMG,EPM,Epm,149.32,367.85,0.0,False,CURVA,2025-05-01,3,1.0
CP-CMMC2025-001,2025-07-16,2025-07-03,2026-01-01,2026-12-31,Regulado,EPTC,EPT,Eptc,6.07,430.0,0.0,False,CURVA,2025-05-01,1,1.0
CP-CMMC2025-001,2025-07-16,2025-07-03,2027-01-01,2027-12-31,Regulado,EPTC,EPT,Eptc,6.66,400.0,0.0,False,CURVA,2025-05-01,2,1.0
CP-CMMC2025-001,2025-07-16,2025-07-03,2028-01-01,2028-12-31,Regulado,EPTC,EPT,Eptc,7.7,390.0,0.0,False,CURVA,2025-05-01,3,1.0
CP-CMMC2025-001,2025-07-16,2025-07-03,2026-01-01,2026-12-31,Regulado,ISGG,ISG,Isagen,238.36,369.78,100.0,True,CURVA,2025-05-01,1,1.0
CP-CMMC2025-001,2025-07-16,2025-07-03,2026-01-01,2026-12-31,Regulado,ISGG,ISG,Isagen,4.41,382.16,1.85,True,CURVA,2025-05-01,1,2.0
CP-CMMC2025-002,2025-07-16,2025-07-03,2026-01-01,2040-12-31,Regulado,CNRC,CNR,Coenersa,326.7900006,348.0,0.0,False,CURVA,2025-05-01,2,2.0
CP-CMMC2025-002,2025-07-16,2025-07-03,2026-01-01,2040-12-31,Regulado,SCEC,SCE,Sol & Cielo,50.13999972,375.0,0.0,False,CURVA,2025-05-01,1,1.0
CP-CMMC2025-002,2025-07-16,2025-07-03,2026-01-01,2040-12-31,Regulado,SCEC,SCE,Sol & Cielo,250.54999956,345.0,0.0,False,CURVA,2025-05-01,2,1.0
CP-CMMC2025-003,2025-10-16,2025-10-02,2026-01-01,2026-12-31,Regulado,BEAC,BEA,Beam,56.4,395.0,0.0,False,CURVA,2025-08-01,1,1.0
CP-CMMC2025-003,2025-10-16,2025-10-02,2026-01-01,2040-12-31,Regulado,BEAC,BEA,Beam,351.99999999999994,335.31,98.0,True,CURVA,2025-08-01,5,1.0
CP-CMMC2025-003,2025-10-16,2025-10-02,2026-01-01,2026-12-31,Regulado,EPMG,EPM,Epm,499.6,387.12000000000006,100.0,True,CURVA,2025-08-01,1,1.0
CP-CMMC2025-003,2025-10-16,2025-10-02,2026-01-01,2040-12-31,Regulado,EXIC,EXI,Enerxia,465.99999999999994,355.3946666666667,3.3333333333333335,True,CURVA,2025-08-01,4,1.0
CP-CMMC2025-003,2025-10-16,2025-10-02,2026-01-01,2026-12-31,Regulado,EXIG,EXI,Exig,21.04,409.98,100.0,True,CURVA,2025-08-01,1,1.0
CP-CMMC2025-003,2025-10-16,2025-10-02,2026-01-01,2026-12-31,Regulado,FERG,FER,Furesas,137.0,379.23,100.0,True,CURVA,2025-08-01,1,1.0
CP-CMMC2025-003,2025-10-16,2025-10-02,2026-01-01,2026-12-31,Regulado,IAEC,IAE,Ia Energía,14.98,399.8999999999999,0.0,False,CURVA,2025-08-01,1,1.0
CP-CMMC2025-003,2025-10-16,2025-10-02,2026-01-01,2026-12-31,Regulado,IAEC,IAE,Ia Energía,11.879999999999999,403.0,0.0,False,CURVA,2025-08-01,1,2.0
CP-CMMC2025-003,2025-10-16,2025-10-02,2026-01-01,2040-12-31,Regulado,IAEC,IAE,Ia Energía,352.0,356.06666666666666,3.3333333333333335,True,CURVA,2025-08-01,4,1.0
CP-CMMC2025-003,2025-10-16,2025-10-02,2026-01-01,2026-12-31,Regulado,NTCG,NTC,Nitroenergy,2251.2,414.8999999999999,75.0,True,CURVA,2025-08-01,1,1.0
CP-CMMC2025-003,2025-10-16,2025-10-02,2026-01-01,2026-12-31,Regulado,NTCG,NTC,Nitroenergy,749.0,414.8999999999999,0.0,False,CURVA,2025-08-01,1,2.0
CP-CMMC2025-003,2025-10-16,2025-10-02,2027-01-01,2027-12-31,Regulado,NTCG,NTC,Nitroenergy,418.44,389.9,100.0,True,CURVA,2025-08-01,2,1.0
CP-CMMC2025-003,2025-10-16,2025-10-02,2028-01-01,2028-12-31,Regulado,NTCG,NTC,Nitroenergy,480.0,379.9,100.0,True,CURVA,2025-08-01,3,1.0
CP-CMMC2025-003,2025-10-16,2025-10-02,2026-01-01,2040-12-31,Regulado,NTCG,NTC,Nitroenergy,13141.6,357.12666666666667,100.0,True,CURVA,2025-08-01,4,1.0
CP-CMMC2025-003,2025-10-16,2025-10-02,2026-01-01,2040-12-31,Regulado,NTCG,NTC,Nitroenergy,15769.999999999998,349.30615384615385,100.0,True,CURVA,2025-08-01,5,1.0
CP-CMMC2025-003,2025-10-16,2025-10-02,2026-01-01,2040-12-31,Regulado,NTCG,NTC,Nitroenergy,40.8,337.81,0.0,False,CURVA,2025-08-01,5,2.0
CP-CMMC2025-003,2025-10-16,2025-10-02,2026-01-01,2026-12-31,Regulado,SFEG,SFE,Santa Fe,23.8,370.0,0.0,False,CURVA,2025-08-01,1,1.0
CP-CMMC2025-003,2025-10-16,2025-10-02,2026-01-01,2026-12-31,Regulado,SPRG,SPR,Esprod,47.0,396.8,100.0,True,CURVA,2025-08-01,1,1.0
CP-CMMC2025-003,2025-10-16,2025-10-02,2026-01-01,2026-12-31,Regulado,SPRG,SPR,Esprod,46.8,405.5,0.0,False,CURVA,2025-08-01,1,2.0
CP-CMMC2025-003,2025-10-16,2025-10-02,2026-01-01,2026-12-31,Regulado,SPRG,SPR,Esprod,24.6,426.5,0.0,False,CURVA,2025-08-01,1,3.0
CP-CMMC2025-003,2025-10-16,2025-10-02,2028-01-01,2040-12-31,Regulado,SPRG,SPR,Esprod,1228.0,335.19615384615383,100.0,True,CURVA,2025-08-01,7,1.0
CP-CMMC2025-003,2025-10-16,2025-10-02,2028-01-01,2040-12-31,Regulado,SPRG,SPR,Esprod,1228.0,336.19615384615383,100.0,True,CURVA,2025-08-01,7,2.0
CP-CMMC2025-004,2025-10-16,2025-10-02,2026-01-01,2040-12-31,Regulado,EPTC,EPT,Eptc,345.00000000000006,350.0,0.0,False,PLANO,2025-08-01,2,1.0
CP-CMMC2025-004,2025-10-16,2025-10-02,2026-01-01,2040-12-31,Regulado,NTCC,NTC,Nitroenergy,1369.0,344.98,100.0,True,PLANO,2025-08-01,1,1.0
CP-CMMC2026-001,2026-05-06,2026-04-22,2027-01-01,2027-12-31,Regulado,FERC,FER,Furesas,43.800000000000004,419.62000000000006,0.0,False,PLANO,2026-02-01,1,1.0
CP-CMMC2026-001,2026-05-06,2026-04-22,2027-01-01,2027-12-31,Regulado,FERC,FER,Furesas,43.800000000000004,422.75,0.0,False,PLANO,2026-02-01,1,2.0
CP-CMMC2026-001,2026-05-06,2026-04-22,2027-01-01,2027-12-31,Regulado,FERC,FER,Furesas,43.800000000000004,424.09,0.0,False,PLANO,2026-02-01,1,3.0
CP-CMMC2026-001,2026-05-06,2026-04-22,2028-01-01,2028-12-31,Regulado,FERC,FER,Furesas,43.92,412.12000000000006,0.0,False,PLANO,2026-02-01,3,1.0
CP-CMMC2026-001,2026-05-06,2026-04-22,2028-01-01,2028-12-31,Regulado,FERC,FER,Furesas,43.92,415.12000000000006,0.0,False,PLANO,2026-02-01,3,2.0
CP-CMMC2026-001,2026-05-06,2026-04-22,2028-01-01,2028-12-31,Regulado,FERC,FER,Furesas,43.92,418.3500000000001,0.0,False,PLANO,2026-02-01,3,3.0
CP-CMMC2026-001,2026-05-06,2026-04-22,2029-01-01,2029-12-31,Regulado,FERC,FER,Furesas,43.800000000000004,387.22,0.0,False,PLANO,2026-02-01,5,1.0
CP-CMMC2026-001,2026-05-06,2026-04-22,2029-01-01,2029-12-31,Regulado,FERC,FER,Furesas,43.800000000000004,390.22,0.0,False,PLANO,2026-02-01,5,2.0
CP-CMMC2026-001,2026-05-06,2026-04-22,2029-01-01,2029-12-31,Regulado,FERC,FER,Furesas,43.800000000000004,395.0,0.0,False,PLANO,2026-02-01,5,3.0
CP-CMMC2026-001,2026-05-06,2026-04-22,2027-01-01,2027-12-31,Regulado,NTCC,NTC,Nitroenergy,117.60000000000001,399.96,0.0,False,PLANO,2026-02-01,1,1.0
CP-CMMC2026-001,2026-05-06,2026-04-22,2027-01-01,2027-12-31,Regulado,NTCC,NTC,Nitroenergy,58.800000000000004,409.96,0.0,False,PLANO,2026-02-01,1,2.0
CP-CMMC2026-001,2026-05-06,2026-04-22,2027-01-01,2041-12-31,Regulado,NTCC,NTC,Nitroenergy,3288.84,371.20666666666665,0.0,False,PLANO,2026-02-01,7,1.0
CP-CMMC2026-001,2026-05-06,2026-04-22,2029-01-01,2029-12-31,Regulado,SOUC,SOU,Soul Energy,29.28,393.7,0.0,False,PLANO,2026-02-01,5,1.0
CP-CMMC2026-001,2026-05-06,2026-04-22,2029-01-01,2029-12-31,Regulado,SOUC,SOU,Soul Energy,29.28,403.7,0.0,False,PLANO,2026-02-01,5,2.0
CP-CMMC2026-001,2026-05-06,2026-04-22,2029-01-01,2029-12-31,Regulado,SOUC,SOU,Soul Energy,29.28,407.7,0.0,False,PLANO,2026-02-01,5,3.0
CP-CMMC2026-001,2026-05-06,2026-04-22,2027-01-01,2027-12-31,Regulado,SPRG,SPR,Esprod,13.53,430.0,0.0,False,PLANO,2026-02-01,1,1.0
CP-CMMC2026-001,2026-05-06,2026-04-22,2027-01-01,2027-12-31,Regulado,SPRG,SPR,Esprod,13.53,437.0,0.0,False,PLANO,2026-02-01,1,2.0
CP-CMMC2026-001,2026-05-06,2026-04-22,2027-01-01,2027-12-31,Regulado,SPRG,SPR,Esprod,13.53,449.0,0.0,False,PLANO,2026-02-01,1,3.0
CP-CMMC2026-001,2026-05-06,2026-04-22,2028-01-01,2028-12-31,Regulado,SPRG,SPR,Esprod,14.700000000000001,409.9,0.0,False,PLANO,2026-02-01,3,1.0
CP-CMMC2026-001,2026-05-06,2026-04-22,2028-01-01,2028-12-31,Regulado,SPRG,SPR,Esprod,14.700000000000001,415.0,0.0,False,PLANO,2026-02-01,3,2.0
CP-CMMC2026-002,2026-05-06,2026-04-22,2027-01-01,2041-12-31,Regulado,ISGC,ISG,Isagen,1307.76,342.23,0.0,False,PLANO,2026-02-01,1,1.0
CP-CMMC2026-002,2026-05-06,2026-04-22,2027-01-01,2041-12-31,Regulado,NTCC,NTC,Nitroenergy,1739.83,334.89,100.0,True,PLANO,2026-02-01,1,1.0
CP-CMMC2026-002,2026-05-06,2026-04-22,2027-01-01,2041-12-31,Regulado,NTCC,NTC,Nitroenergy,436.52000000000004,339.89,0.0,False,PLANO,2026-02-01,1,2.0
CP-CMMC2026-002,2026-05-06,2026-04-22,2027-01-01,2041-12-31,Regulado,UNGC,UNG,Unergy,180.26,345.0,0.0,False,PLANO,2026-02-01,1,1.0
CP-CMMC2026-002,2026-05-06,2026-04-22,2027-01-01,2041-12-31,Regulado,UNGC,UNG,Unergy,180.26,335.0,100.0,True,PLANO,2026-02-01,1,2.0
CP-CMXC2023-003,2023-09-22,2023-09-12,2023-01-11,2033-12-31,No Regulado,CERC,CER,Cerc,157.776,262.22222222222223,0.0,False,PLANA,2023-01-08,3,1.0
CP-CNSC2022-002,2022-09-21,2022-09-08,2025-01-01,2025-12-31,Regulado,BTGC,BTG,Btg,87.59991600000001,274.99,0.0,False,CURVA,2022-01-07,4,1.0
CP-CNSC2022-002,2022-09-21,2022-09-08,2026-01-01,2027-12-31,Regulado,BTGC,BTG,Btg,73.131794004,255.99,0.0,False,CURVA,2022-01-07,5,1.0
CP-CNSC2022-002,2022-09-21,2022-09-08,2026-01-01,2027-12-31,Regulado,BTGC,BTG,Btg,73.131794004,251.99,0.0,False,CURVA,2022-01-07,5,2.0
CP-CNSC2022-002,2022-09-21,2022-09-08,2026-01-01,2027-12-31,Regulado,ENDG,END,Enel,272.69363904,253.37,0.0,False,CURVA,2022-01-07,5,1.0
CP-CNSC2022-002,2022-09-21,2022-09-08,2026-01-01,2027-12-31,Regulado,ENDG,END,Enel,272.69363904,254.39999999999998,0.0,False,CURVA,2022-01-07,5,2.0
CP-CNSC2022-002,2022-09-21,2022-09-08,2026-01-01,2027-12-31,Regulado,EPSG,EPS,Celsia,188.832118992,246.545,100.0,True,CURVA,2022-01-07,5,1.0
CP-CNSC2022-002,2022-09-21,2022-09-08,2026-01-01,2027-12-31,Regulado,EPSG,EPS,Celsia,181.77758000400001,248.045,100.0,True,CURVA,2022-01-07,5,2.0
CP-CNSC2022-002,2022-09-21,2022-09-08,2026-01-01,2027-12-31,Regulado,EPSG,EPS,Celsia,181.77758000400001,249.545,100.0,True,CURVA,2022-01-07,5,3.0
CP-CNSC2022-002,2022-09-21,2022-09-08,2024-01-01,2024-12-31,Regulado,HIMG,HIM,Gensa,15.28416,286.34,0.0,False,CURVA,2022-01-07,3,1.0
CP-CNSC2022-002,2022-09-21,2022-09-08,2024-01-01,2024-12-31,Regulado,IAEC,IAE,Ia Energía,4.3919999999999995,297.9,0.0,False,CURVA,2022-01-07,3,1.0
CP-CNSC2022-002,2022-09-21,2022-09-08,2026-01-01,2027-12-31,Regulado,ISGG,ISG,Isagen,250.87831296000002,252.865,0.0,False,CURVA,2022-01-07,5,1.0
CP-CNSC2022-002,2022-09-21,2022-09-08,2026-01-01,2027-12-31,Regulado,ISGG,ISG,Isagen,250.87831296000002,255.365,0.0,False,CURVA,2022-01-07,5,2.0
CP-CNSC2022-002,2022-09-21,2022-09-08,2023-01-01,2032-12-31,Regulado,NTCG,NTC,Nitroenergy,291.555477,259.97,0.0,False,CURVA,2022-01-07,1,1.0
CP-CNSC2022-002,2022-09-21,2022-09-08,2026-01-01,2027-12-31,Regulado,RTQC,RTQ,Ruitoque,272.69363904,270.27500000000003,0.0,False,CURVA,2022-01-07,5,1.0
CP-CNSC2022-002,2022-09-21,2022-09-08,2024-01-01,2024-12-31,Regulado,TRMG,TRM,Termotasajero,23.743602,302.98,0.0,False,CURVA,2022-01-07,3,1.0
CP-CNSC2022-002,2022-09-21,2022-09-08,2024-01-01,2024-12-31,Regulado,TRMG,TRM,Termotasajero,23.743602,309.98,0.0,False,CURVA,2022-01-07,3,2.0
CP-CNSC2022-002,2022-09-21,2022-09-08,2025-01-01,2025-12-31,Regulado,TRMG,TRM,Termotasajero,59.999999,319.98,0.0,False,CURVA,2022-01-07,4,1.0
CP-CNSC2022-002,2022-09-21,2022-09-08,2025-01-01,2025-12-31,Regulado,TRMG,TRM,Termotasajero,59.999999,325.98,0.0,False,CURVA,2022-01-07,4,2.0
CP-CNSC2022-002,2022-09-21,2022-09-08,2026-01-01,2027-12-31,Regulado,TRMG,TRM,Termotasajero,120.0,327.98,0.0,False,CURVA,2022-01-07,5,1.0
CP-CNSC2022-002,2022-09-21,2022-09-08,2024-01-01,2024-12-31,Regulado,TYPG,TYP,Termoyopal,47.4336,294.8,0.0,False,CURVA,2022-01-07,3,1.0
CP-CNSC2023-002,2023-06-16,2023-06-02,2027-01-01,2027-12-31,Regulado,ENDG,END,Enel,36.403,294.08,0.0,False,NONE,2023-01-04,4,1.0
CP-CNSC2023-002,2023-06-16,2023-06-02,2028-01-01,2028-12-31,Regulado,ENDG,END,Enel,79.734,286.55,0.0,False,NONE,2023-01-04,5,1.0
CP-CNSC2023-002,2023-06-16,2023-06-02,2026-01-01,2026-12-31,Regulado,EPMG,EPM,Epm,155.974692,282.9,100.0,True,CURVA,2023-01-04,3,1.0
CP-CNSC2023-002,2023-06-16,2023-06-02,2027-01-01,2027-12-31,Regulado,EPMG,EPM,Epm,34.949,271.49,0.0,False,NONE,2023-01-04,4,1.0
CP-CNSC2023-002,2023-06-16,2023-06-02,2028-01-01,2028-12-31,Regulado,EPMG,EPM,Epm,35.079,268.19,0.0,False,NONE,2023-01-04,5,1.0
CP-CNSC2023-002,2023-06-16,2023-06-02,2028-01-01,2028-12-31,Regulado,EPSG,EPS,Celsia,79.734,275.0,0.0,False,NONE,2023-01-04,5,1.0
CP-CNSC2023-002,2023-06-16,2023-06-02,2024-01-01,2024-12-31,Regulado,GASC,GAS,Generarco,17.74456362,432.0,0.0,False,CURVA,2023-01-04,1,1.0
CP-CNSC2023-002,2023-06-16,2023-06-02,2026-01-01,2026-12-31,Regulado,ISGG,ISG,Isagen,93.5848152,293.06,0.0,False,CURVA,2023-01-04,3,1.0
CP-CNSC2023-002,2023-06-16,2023-06-02,2027-01-01,2027-12-31,Regulado,ISGG,ISG,Isagen,72.80799999999999,270.03,100.0,True,NONE,2023-01-04,4,1.0
CP-CNSC2023-002,2023-06-16,2023-06-02,2028-01-01,2028-12-31,Regulado,ISGG,ISG,Isagen,79.744,259.55,100.0,True,NONE,2023-01-04,5,1.0
CP-CNSC2023-002,2023-06-16,2023-06-02,2025-01-01,2037-01-01,Regulado,SPRG,SPR,Esprod,576.5308611,280.9230769230769,0.0,False,CURVA,2023-01-04,2,1.0
CP-CNSC2023-003,2023-10-19,2023-10-05,2027-01-01,2027-12-31,Regulado,ENDG,END,Enel,30.66,315.1,0.0,False,PLANO,2023-01-08,5,1.0
CP-CNSC2023-003,2023-10-19,2023-10-05,2028-01-01,2028-12-31,Regulado,ENDG,END,Enel,131.76,297.3,0.0,False,PLANO,2023-01-08,6,1.0
CP-CNSC2023-003,2023-10-19,2023-10-05,2028-01-01,2028-12-31,Regulado,ENDG,END,Enel,131.76,298.8,0.0,False,PLANO,2023-01-08,6,2.0
CP-CNSC2023-003,2023-10-19,2023-10-05,2029-01-01,2029-12-31,Regulado,ENDG,END,Enel,131.4,285.38,0.0,False,PLANO,2023-01-08,7,1.0
CP-CNSC2023-003,2023-10-19,2023-10-05,2029-01-01,2029-12-31,Regulado,ENDG,END,Enel,131.4,286.88,0.0,False,PLANO,2023-01-08,7,2.0
CP-CNSC2023-003,2023-10-19,2023-10-05,2029-01-01,2029-12-31,Regulado,EPSG,EPS,Celsia,100.97318,304.97,0.0,False,CURVA,2023-01-08,7,1.0
CP-CNSC2023-003,2023-10-19,2023-10-05,2025-01-01,2025-12-31,Regulado,GASC,GAS,Generarco,26.28,340.0,100.0,True,CURVA,2023-01-08,2,1.0
CP-CNSC2023-003,2023-10-19,2023-10-05,2026-01-01,2026-12-31,Regulado,GASC,GAS,Generarco,26.28,320.0,0.0,False,PLANO,2023-01-08,4,1.0
CP-CNSC2023-003,2023-10-19,2023-10-05,2027-01-01,2027-12-31,Regulado,GASC,GAS,Generarco,26.28,310.0,0.0,False,PLANO,2023-01-08,5,1.0
CP-CNSC2023-003,2023-10-19,2023-10-05,2028-01-01,2028-12-31,Regulado,GASC,GAS,Generarco,26.342000000000002,300.0,0.0,False,PLANO,2023-01-08,6,1.0
CP-CNSC2023-003,2023-10-19,2023-10-05,2029-01-01,2029-12-31,Regulado,GASC,GAS,Generarco,26.28,290.0,0.0,False,PLANO,2023-01-08,7,1.0
CP-CNSC2023-003,2023-10-19,2023-10-05,2027-01-01,2027-12-31,Regulado,ISGG,ISG,Isagen,66.619855,287.33,0.0,False,CURVA,2023-01-08,5,1.0
CP-CNSC2023-003,2023-10-19,2023-10-05,2028-01-01,2028-12-31,Regulado,ISGG,ISG,Isagen,67.406567,287.33,0.0,False,CURVA,2023-01-08,6,1.0
CP-CNSC2023-003,2023-10-19,2023-10-05,2029-01-01,2029-12-31,Regulado,ISGG,ISG,Isagen,136.358073,287.33,0.0,False,CURVA,2023-01-08,7,1.0
CP-CNSC2023-004,2024-02-14,2024-02-01,2030-01-01,2030-12-31,Regulado,EPSG,EPS,Celsia,100.262382,313.0,0.0,False,CURVA,2023-01-12,6,1.0
CP-CNSC2023-004,2024-02-14,2024-02-01,2030-01-01,2030-12-31,Regulado,EPSG,EPS,Celsia,100.262382,318.0,0.0,False,CURVA,2023-01-12,6,2.0
CP-CNSC2023-004,2024-02-14,2024-02-01,2030-01-01,2030-12-31,Regulado,EPSG,EPS,Celsia,77.981851,320.0,0.0,False,CURVA,2023-01-12,6,3.0
CP-CNSC2023-004,2024-02-14,2024-02-01,2031-01-01,2031-12-31,Regulado,EPSG,EPS,Celsia,100.351482,313.0,0.0,False,CURVA,2023-01-12,7,1.0
CP-CNSC2023-004,2024-02-14,2024-02-01,2031-01-01,2031-12-31,Regulado,EPSG,EPS,Celsia,100.351482,318.0,0.0,False,CURVA,2023-01-12,7,2.0
CP-CNSC2023-004,2024-02-14,2024-02-01,2031-01-01,2031-12-31,Regulado,EPSG,EPS,Celsia,86.015555,320.0,0.0,False,CURVA,2023-01-12,7,3.0
CP-CNSC2023-004,2024-02-14,2024-02-01,2025-01-01,2025-12-31,Regulado,GASC,GAS,Generarco,52.56,389.0,0.0,False,PLANA,2023-01-12,1,1.0
CP-CNSC2023-004,2024-02-14,2024-02-01,2026-01-01,2026-12-31,Regulado,GASC,GAS,Generarco,87.60000000000001,330.0,0.0,False,PLANA,2023-01-12,2,1.0
CP-CNSC2023-004,2024-02-14,2024-02-01,2027-01-01,2027-12-31,Regulado,GASC,GAS,Generarco,78.84,318.0,0.0,False,PLANA,2023-01-12,3,1.0
CP-CNSC2023-004,2024-02-14,2024-02-01,2028-01-01,2028-12-31,Regulado,GASC,GAS,Generarco,87.84,302.0,100.0,True,PLANA,2023-01-12,4,1.0
CP-CNSC2023-004,2024-02-14,2024-02-01,2029-01-01,2029-12-31,Regulado,GASC,GAS,Generarco,87.60000000000001,300.0,100.0,True,PLANA,2023-01-12,5,1.0
CP-CNSC2023-004,2024-02-14,2024-02-01,2030-01-01,2030-12-31,Regulado,GASC,GAS,Generarco,87.60000000000001,299.0,0.0,False,CURVA,2023-01-12,6,1.0
CP-CNSC2023-004,2024-02-14,2024-02-01,2031-01-01,2031-12-31,Regulado,GASC,GAS,Generarco,87.60000000000001,297.0,0.0,False,PLANA,2023-01-12,7,1.0
CP-CNSC2023-004,2024-02-14,2024-02-01,2029-01-01,2029-12-31,Regulado,ISGG,ISG,Isagen,115.277345,298.75,100.0,True,CURVA,2023-01-12,5,1.0
CP-CNSC2023-004,2024-02-14,2024-02-01,2030-01-01,2030-12-31,Regulado,ISGG,ISG,Isagen,111.402585,300.52,0.0,False,CURVA,2023-01-12,6,1.0
CP-CNSC2023-004,2024-02-14,2024-02-01,2031-01-01,2031-12-31,Regulado,ISGG,ISG,Isagen,114.68592000000001,294.92,0.0,False,CURVA,2023-01-12,7,1.0
CP-CNSC2023-004,2024-02-14,2024-02-01,2025-01-01,2039-12-31,Regulado,ISGG,ISG,Isagen,928.004833,291.926,100.0,True,PLANO,2023-01-12,8,1.0
CP-CNSC2023-004,2024-02-14,2024-02-01,2025-01-01,2025-12-31,Regulado,NTCG,NTC,Nitroenergy,43.800000000000004,389.85999999999996,0.0,False,PLANA,2023-01-12,1,1.0
CP-CNSC2023-004,2024-02-14,2024-02-01,2025-01-01,2039-12-31,Regulado,NTCG,NTC,Nitroenergy,1200.251988,289.99,40.53333333333333,True,PLANO,2023-01-12,8,1.0
CP-CNSC2023-004,2024-02-14,2024-02-01,2025-01-01,2025-12-31,Regulado,SFEG,SFE,Santa Fe,10.595755,379.99,0.0,False,PLANA,2023-01-12,1,1.0
CP-CNSC2023-004,2024-02-14,2024-02-01,2026-01-01,2026-12-31,Regulado,SFEG,SFE,Santa Fe,24.40685,349.99,0.0,False,PLANA,2023-01-12,2,1.0
CP-CNSC2023-004,2024-02-14,2024-02-01,2027-01-01,2027-12-31,Regulado,SFEG,SFE,Santa Fe,33.620838,334.99,0.0,False,PLANA,2023-01-12,3,1.0
CP-CNSC2023-004,2024-02-14,2024-02-01,2028-01-01,2028-12-31,Regulado,SFEG,SFE,Santa Fe,34.119,327.99,0.0,False,PLANA,2023-01-12,4,1.0
CP-CNSC2023-004,2024-02-14,2024-02-01,2029-01-01,2029-12-31,Regulado,SFEG,SFE,Santa Fe,34.583193,326.99,0.0,False,PLANA,2023-01-12,5,1.0
CP-CNSC2023-004,2024-02-14,2024-02-01,2028-01-01,2028-12-31,Regulado,SPRG,SPR,Esprod,24.053894,316.0,0.0,False,CURVA,2023-01-12,4,1.0
CP-CNSC2023-004,2024-02-14,2024-02-01,2025-01-01,2025-12-31,Regulado,TRMG,TRM,Termotasajero,39.999997,382.0,0.0,False,PLANA,2023-01-12,1,1.0
CP-CNSC2023-004,2024-02-14,2024-02-01,2025-01-01,2025-12-31,Regulado,TRMG,TRM,Termotasajero,39.999997,385.0,0.0,False,PLANA,2023-01-12,1,2.0
CP-CNSC2023-004,2024-02-14,2024-02-01,2026-01-01,2026-12-31,Regulado,TRMG,TRM,Termotasajero,100.000002,329.0,0.0,False,PLANA,2023-01-12,2,1.0
CP-CNSC2023-004,2024-02-14,2024-02-01,2026-01-01,2026-12-31,Regulado,TRMG,TRM,Termotasajero,100.000002,339.0,0.0,False,PLANA,2023-01-12,2,2.0
CP-CNSC2023-004,2024-02-14,2024-02-01,2027-01-01,2027-12-31,Regulado,TRMG,TRM,Termotasajero,75.000002,324.0,0.0,False,PLANA,2023-01-12,3,1.0
CP-CNSC2023-004,2024-02-14,2024-02-01,2027-01-01,2027-12-31,Regulado,TRMG,TRM,Termotasajero,75.000002,339.0,0.0,False,PLANA,2023-01-12,3,2.0
CP-CNSC2024-001,2024-06-04,2024-05-21,2028-01-01,2028-12-31,Regulado,ENDG,END,Enel,140.52,304.24,100.0,True,PLANO,2024-01-02,4,1.0
CP-CNSC2024-001,2024-06-04,2024-05-21,2028-01-01,2028-12-31,Regulado,ENDG,END,Enel,140.52,305.74,100.0,True,PLANO,2024-01-02,4,2.0
CP-CNSC2024-001,2024-06-04,2024-05-21,2026-01-01,2026-12-31,Regulado,EPMG,EPM,Epm,66.91,318.25,100.0,True,CURVA,2024-01-02,2,1.0
CP-CNSC2024-001,2024-06-04,2024-05-21,2027-01-01,2027-12-31,Regulado,EPMG,EPM,Epm,57.04,316.22,100.0,True,CURVA,2024-01-02,3,1.0
CP-CNSC2024-001,2024-06-04,2024-05-21,2028-01-01,2028-12-31,Regulado,EPMG,EPM,Epm,60.85,306.39,100.0,True,CURVA,2024-01-02,4,1.0
CP-CNSC2024-001,2024-06-04,2024-05-21,2028-01-01,2028-12-31,Regulado,EPSG,EPS,Celsia,29.02,328.9,0.0,False,CURVA,2024-01-02,4,1.0
CP-CNSC2024-001,2024-06-04,2024-05-21,2025-01-01,2025-12-31,Regulado,EPTC,EPT,Eptc,16.86,369.8,0.0,False,PLANO,2024-01-02,1,1.0
CP-CNSC2024-001,2024-06-04,2024-05-21,2026-01-01,2026-12-31,Regulado,EPTC,EPT,Eptc,12.56,360.0,0.0,False,PLANO,2024-01-02,2,1.0
CP-CNSC2024-001,2024-06-04,2024-05-21,2027-01-01,2027-12-31,Regulado,EPTC,EPT,Eptc,11.51,344.0,0.0,False,PLANO,2024-01-02,3,1.0
CP-CNSC2024-001,2024-06-04,2024-05-21,2028-01-01,2028-12-31,Regulado,EPTC,EPT,Eptc,11.94,329.8,0.0,False,PLANO,2024-01-02,4,1.0
CP-CNSC2024-001,2024-06-04,2024-05-21,2025-01-01,2025-12-31,Regulado,GASC,GAS,Generarco,17.53,363.0,0.0,False,PLANO,2024-01-02,1,1.0
CP-CNSC2024-001,2024-06-04,2024-05-21,2026-01-01,2026-12-31,Regulado,GASC,GAS,Generarco,43.800000000000004,339.2,100.0,True,PLANO,2024-01-02,2,1.0
CP-CNSC2024-001,2024-06-04,2024-05-21,2027-01-01,2027-12-31,Regulado,GASC,GAS,Generarco,4.37,328.0,100.0,True,PLANO,2024-01-02,3,1.0
CP-CNSC2024-001,2024-06-04,2024-05-21,2025-01-01,2025-12-31,Regulado,NTCG,NTC,Nitroenergy,86.68,355.89000000000004,100.0,True,CURVA,2024-01-02,1,1.0
CP-CNSC2024-001,2024-06-04,2024-05-21,2025-01-01,2025-12-31,Regulado,SPRG,SPR,Esprod,33.7,367.3,0.0,False,CURVA,2024-01-02,1,1.0
CP-CNSC2024-001,2024-06-04,2024-05-21,2025-01-01,2025-12-31,Regulado,SPRG,SPR,Esprod,40.94,369.7,0.0,False,CURVA,2024-01-02,1,2.0
CP-CNSC2024-001,2024-06-04,2024-05-21,2025-01-01,2025-12-31,Regulado,SPRG,SPR,Esprod,40.94,372.97,0.0,False,CURVA,2024-01-02,1,3.0
CP-CNSC2024-001,2024-06-04,2024-05-21,2025-01-01,2025-12-31,Regulado,SPRG,SPR,Esprod,40.94,375.95,0.0,False,CURVA,2024-01-02,1,4.0
CP-CNSC2024-001,2024-06-04,2024-05-21,2025-01-01,2025-12-31,Regulado,SPRG,SPR,Esprod,28.89,379.99,0.0,False,CURVA,2024-01-02,1,5.0
CP-CNSC2024-001,2024-06-04,2024-05-21,2025-01-01,2025-12-31,Regulado,SPRG,SPR,Esprod,12.04,337.7,100.0,True,CURVA,2024-01-02,1,6.0
CP-CNSC2024-001,2024-06-04,2024-05-21,2027-01-01,2027-12-31,Regulado,SPRG,SPR,Esprod,35.66,336.1,0.0,False,CURVA,2024-01-02,3,1.0
CP-CNSC2024-001,2024-06-04,2024-05-21,2028-01-01,2028-12-31,Regulado,SPRG,SPR,Esprod,37.54,323.9,0.0,False,CURVA,2024-01-02,4,1.0
CP-CNSC2024-001,2024-06-04,2024-05-21,2025-01-01,2025-12-31,Regulado,TRMG,TRM,Termotasajero,74.98,351.0,100.0,True,PLANO,2024-01-02,1,1.0
CP-CNSC2024-001,2024-06-04,2024-05-21,2025-01-01,2025-12-31,Regulado,TRMG,TRM,Termotasajero,74.98,355.0,89.0,True,PLANO,2024-01-02,1,2.0
CP-CNSC2024-001,2024-06-04,2024-05-21,2026-01-01,2026-12-31,Regulado,TRMG,TRM,Termotasajero,50.03,329.8,100.0,True,PLANO,2024-01-02,2,1.0
CP-CNSC2024-001,2024-06-04,2024-05-21,2026-01-01,2026-12-31,Regulado,TRMG,TRM,Termotasajero,50.03,334.8,100.0,True,PLANO,2024-01-02,2,2.0
CP-CNSC2024-001,2024-06-04,2024-05-21,2027-01-01,2027-12-31,Regulado,TRMG,TRM,Termotasajero,46.02,319.98,100.0,True,PLANO,2024-01-02,3,1.0
CP-CNSC2024-001,2024-06-04,2024-05-21,2027-01-01,2027-12-31,Regulado,TRMG,TRM,Termotasajero,46.02,324.98,100.0,True,PLANO,2024-01-02,3,2.0
CP-CNSC2024-001,2024-06-04,2024-05-21,2028-01-01,2028-12-31,Regulado,TRMG,TRM,Termotasajero,44.519999999999996,308.99,100.0,True,PLANO,2024-01-02,4,1.0
CP-CNSC2024-001,2024-06-04,2024-05-21,2028-01-01,2028-12-31,Regulado,TRMG,TRM,Termotasajero,44.519999999999996,318.99,0.0,False,PLANO,2024-01-02,4,2.0
CP-CNSC2024-002,2024-10-08,2024-09-25,2028-01-01,2028-12-31,Regulado,ENDC,END,Enel,164.54,324.7,100.0,True,CURVA,2024-01-08,4,2.0
CP-CNSC2024-002,2024-10-08,2024-09-25,2028-01-01,2028-12-31,Regulado,ENDC,END,Enel,159.43,326.2,100.0,True,CURVA,2024-01-08,4,3.0
CP-CNSC2024-002,2024-10-08,2024-09-25,2029-01-01,2029-12-31,Regulado,ENDC,END,Enel,221.99,321.28,0.0,False,CURVA,2024-01-08,5,2.0
CP-CNSC2024-002,2024-10-08,2024-09-25,2029-01-01,2029-12-31,Regulado,ENDC,END,Enel,221.99,322.78,0.0,False,CURVA,2024-01-08,5,3.0
CP-CNSC2024-002,2024-10-08,2024-09-25,2029-01-01,2029-12-31,Regulado,ENDC,END,Enel,221.99,324.28,0.0,False,CURVA,2024-01-08,5,4.0
CP-CNSC2024-002,2024-10-08,2024-09-25,2026-01-01,2026-12-31,Regulado,EPMC,EPM,Epm,5.78,328.5,100.0,True,CURVA,2024-01-08,2,1.0
CP-CNSC2024-002,2024-10-08,2024-09-25,2027-01-01,2027-12-31,Regulado,EPMC,EPM,Epm,4.48,323.07,100.0,True,CURVA,2024-01-08,3,1.0
CP-CNSC2024-002,2024-10-08,2024-09-25,2028-01-01,2028-12-31,Regulado,EPMC,EPM,Epm,5.12,318.35,100.0,True,CURVA,2024-01-08,4,1.0
CP-CNSC2024-002,2024-10-08,2024-09-25,2029-01-01,2029-12-31,Regulado,EPMC,EPM,Epm,60.72,314.95,100.0,True,CURVA,2024-01-08,5,1.0
CP-CNSC2024-003,2024-12-26,2024-12-12,2026-01-01,2026-12-31,Regulado,TERG,TER,Termotasajero Dos,38.01,442.0,0.0,False,CURVA,2024-01-11,2,1.0
CP-CNSC2024-003,2024-12-26,2024-12-12,2027-01-01,2027-12-31,Regulado,TERG,TER,Termotasajero Dos,38.01,429.0,0.0,False,CURVA,2024-01-11,3,1.0
CP-CNSC2024-003,2024-12-26,2024-12-12,2029-01-01,2029-12-31,Regulado,TERG,TER,Termotasajero Dos,28.009999999999998,435.0,0.0,False,CURVA,2024-01-11,4,1.0
CP-CNSC2024-003,2024-12-26,2024-12-12,2026-01-01,2026-12-31,Regulado,TRMG,TRM,Termotasajero,38.01,432.0,0.0,False,CURVA,2024-01-11,2,1.0
CP-CNSC2024-003,2024-12-26,2024-12-12,2027-01-01,2027-12-31,Regulado,TRMG,TRM,Termotasajero,38.01,424.0,0.0,False,CURVA,2024-01-11,3,1.0
CP-CNSC2024-003,2024-12-26,2024-12-12,2029-01-01,2029-12-31,Regulado,TRMG,TRM,Termotasajero,28.009999999999998,428.0,0.0,False,CURVA,2024-01-11,4,1.0
CP-CNSC2025-001,2025-03-25,2025-03-11,2025-01-01,2025-12-31,Regulado,SFEG,SFE,Santa Fe,7.720000000000001,395.0,0.0,False,PLANO,2025-01-02,1,1.0
CP-CNSC2025-001,2025-03-25,2025-03-11,2026-01-01,2026-12-31,Regulado,SFEG,SFE,Santa Fe,13.170000000000002,388.0,100.0,True,PLANO,2025-01-02,2,1.0
CP-CNSC2025-001,2025-03-25,2025-03-11,2027-01-01,2027-12-31,Regulado,SFEG,SFE,Santa Fe,13.170000000000002,380.0,0.0,False,PLANO,2025-01-02,3,1.0
CP-CNSC2025-001,2025-03-25,2025-03-11,2028-01-01,2028-12-31,Regulado,SFEG,SFE,Santa Fe,13.200000000000001,360.0,0.0,False,PLANO,2025-01-02,4,1.0
CP-CNSC2025-002,2025-07-04,2025-06-19,2026-01-01,2026-12-31,Regulado,CHVG,CHV,Aes,141.38,375.0,66.85,True,CURVA,2025-04-01,1,1.0
CP-CNSC2025-002,2025-07-04,2025-06-19,2027-01-01,2027-12-31,Regulado,CHVG,CHV,Aes,64.79,370.0,2.0,True,CURVA,2025-04-01,2,1.0
CP-CNSC2025-002,2025-07-04,2025-06-19,2026-01-01,2026-12-31,Regulado,CNRC,CNR,Coenersa,40.58,390.0,1.6,True,CURVA,2025-04-01,1,1.0
CP-CNSC2025-002,2025-07-04,2025-06-19,2026-01-01,2026-12-31,Regulado,CNRC,CNR,Coenersa,14.760000000000002,410.0,0.0,False,CURVA,2025-04-01,1,2.0
CP-CNSC2025-002,2025-07-04,2025-06-19,2027-01-01,2027-12-31,Regulado,CNRC,CNR,Coenersa,47.5,376.06,41.666666666666664,True,CURVA,2025-04-01,2,1.0
CP-CNSC2025-002,2025-07-04,2025-06-19,2027-01-01,2027-12-31,Regulado,CNRC,CNR,Coenersa,25.68,400.0,0.0,False,CURVA,2025-04-01,2,2.0
CP-CNSC2025-002,2025-07-04,2025-06-19,2027-01-01,2040-12-31,Regulado,CNRC,CNR,Coenersa,743.52,344.95,0.0,False,CURVA,2025-04-01,8,1.0
CP-CNSC2025-002,2025-07-04,2025-06-19,2026-01-01,2026-12-31,Regulado,ENDG,END,Enel,59.040000000000006,372.85999999999996,100.0,True,CURVA,2025-04-01,1,1.0
CP-CNSC2025-002,2025-07-04,2025-06-19,2027-01-01,2027-12-31,Regulado,ENDG,END,Enel,86.04,365.8500000000001,100.0,True,CURVA,2025-04-01,2,1.0
CP-CNSC2025-002,2025-07-04,2025-06-19,2028-01-01,2028-12-31,Regulado,ENDG,END,Enel,39.8,348.83,100.0,True,CURVA,2025-04-01,3,1.0
CP-CNSC2025-002,2025-07-04,2025-06-19,2027-01-01,2027-12-31,Regulado,EPMG,EPM,Epm,9.31,373.93,70.0,True,CURVA,2025-04-01,2,1.0
CP-CNSC2025-002,2025-07-04,2025-06-19,2028-01-01,2028-12-31,Regulado,EPMG,EPM,Epm,11.05,376.62999999999994,100.0,True,CURVA,2025-04-01,3,1.0
CP-CNSC2025-002,2025-07-04,2025-06-19,2027-01-01,2027-12-31,Regulado,EPSG,EPS,Celsia,34.71,454.8999999999999,0.0,False,CURVA,2025-04-01,2,1.0
CP-CNSC2025-002,2025-07-04,2025-06-19,2027-01-01,2027-12-31,Regulado,EPSG,EPS,Celsia,26.34,362.6000000000001,100.0,True,CURVA,2025-04-01,2,2.0
CP-CNSC2025-002,2025-07-04,2025-06-19,2028-01-01,2028-12-31,Regulado,EPSG,EPS,Celsia,53.64,452.8999999999999,0.0,False,CURVA,2025-04-01,3,1.0
CP-CNSC2025-002,2025-07-04,2025-06-19,2028-01-01,2028-12-31,Regulado,EPSG,EPS,Celsia,43.35,362.6000000000001,100.0,True,CURVA,2025-04-01,3,2.0
CP-CNSC2025-002,2025-07-04,2025-06-19,2027-01-01,2027-12-31,Regulado,EPTC,EPT,Eptc,6.44,370.0,100.0,True,CURVA,2025-04-01,2,1.0
CP-CNSC2025-002,2025-07-04,2025-06-19,2030-01-01,2030-12-31,Regulado,EPTC,EPT,Eptc,13.13,350.0,100.0,True,CURVA,2025-04-01,5,1.0
CP-CNSC2025-002,2025-07-04,2025-06-19,2031-01-01,2031-12-31,Regulado,EPTC,EPT,Eptc,13.13,340.0,100.0,True,CURVA,2025-04-01,6,1.0
CP-CNSC2025-002,2025-07-04,2025-06-19,2027-01-01,2040-12-31,Regulado,EPTC,EPT,Eptc,202.159999944,348.66785714285714,0.0,False,CURVA,2025-04-01,8,1.0
CP-CNSC2025-002,2025-07-04,2025-06-19,2027-01-01,2040-12-31,Regulado,EPTC,EPT,Eptc,306.59999999999997,349.9142857142857,0.0,False,CURVA,2025-04-01,8,2.0
CP-CNSC2025-002,2025-07-04,2025-06-19,2026-01-01,2026-12-31,Regulado,SFEG,SFE,Santa Fe,9.5,385.0,86.08333333333333,True,CURVA,2025-04-01,1,1.0
CP-CNSC2025-002,2025-07-04,2025-06-19,2027-01-01,2027-12-31,Regulado,SFEG,SFE,Santa Fe,22.46,366.0,100.0,True,CURVA,2025-04-01,2,1.0
CP-CNSC2025-002,2025-07-04,2025-06-19,2028-01-01,2028-12-31,Regulado,SPRG,SPR,Esprod,6.02,352.8,100.0,True,CURVA,2025-04-01,3,1.0
CP-CNSC2025-002,2025-07-04,2025-06-19,2026-01-01,2026-12-31,Regulado,TERG,TER,Termotasajero Dos,40.03,391.5,0.0,False,CURVA,2025-04-01,1,1.0
CP-CNSC2025-002,2025-07-04,2025-06-19,2026-01-01,2026-12-31,Regulado,TERG,TER,Termotasajero Dos,99.98,423.5,0.0,False,CURVA,2025-04-01,1,2.0
CP-CNSC2025-002,2025-07-04,2025-06-19,2027-01-01,2027-12-31,Regulado,TERG,TER,Termotasajero Dos,99.98,419.8999999999999,0.0,False,CURVA,2025-04-01,2,1.0
CP-CNSC2025-002,2025-07-04,2025-06-19,2027-01-01,2027-12-31,Regulado,TERG,TER,Termotasajero Dos,152.88,429.8999999999999,0.0,False,CURVA,2025-04-01,2,2.0
CP-CNSC2025-002,2025-07-04,2025-06-19,2028-01-01,2028-12-31,Regulado,TERG,TER,Termotasajero Dos,60.17,438.8999999999999,0.0,False,CURVA,2025-04-01,3,1.0
CP-CNSC2025-003,2025-09-24,2025-09-11,2026-01-01,2040-12-31,Regulado,CNRC,CNR,Coenersa,352.49999999999994,345.00666666666666,0.0,False,CURVA,2025-07-01,4,1.0
CP-CNSC2025-003,2025-09-24,2025-09-11,2026-01-01,2026-12-31,Regulado,ENDC,END,Enel,99.97,379.8,100.0,True,CURVA,2025-07-01,1,1.0
CP-CNSC2025-003,2025-09-24,2025-09-11,2026-01-01,2026-12-31,Regulado,ENDC,END,Enel,101.03,383.3,100.0,True,CURVA,2025-07-01,1,2.0
CP-CNSC2025-003,2025-09-24,2025-09-11,2026-01-01,2026-12-31,Regulado,ENDC,END,Enel,89.36,386.8,100.0,True,CURVA,2025-07-01,1,3.0
CP-CNSC2025-003,2025-09-24,2025-09-11,2027-01-01,2027-12-31,Regulado,EPSG,EPS,Celsia,27.6,388.3,0.0,False,CURVA,2025-07-01,2,1.0
CP-CNSC2025-003,2025-09-24,2025-09-11,2026-01-01,2040-12-31,Regulado,EPTC,EPT,Eptc,187.50000000000006,341.93333333333334,0.0,False,CURVA,2025-07-01,4,1.0
CP-CNSC2025-003,2025-09-24,2025-09-11,2026-01-01,2026-12-31,Regulado,FERG,FER,Furesas,14.780000000000003,395.17,0.0,False,CURVA,2025-07-01,1,3.0
CP-CNSC2025-003,2025-09-24,2025-09-11,2026-01-01,2026-12-31,Regulado,TERG,TER,Termotasajero Dos,100.00999999999999,415.18,0.0,False,CURVA,2025-07-01,1,1.0
CP-CNSC2025-003,2025-09-24,2025-09-11,2026-01-01,2026-12-31,Regulado,TERG,TER,Termotasajero Dos,100.00999999999999,424.18,0.0,False,CURVA,2025-07-01,1,2.0
CP-CNSC2025-003,2025-09-24,2025-09-11,2027-01-01,2027-12-31,Regulado,TERG,TER,Termotasajero Dos,150.0,428.98,0.0,False,CURVA,2025-07-01,2,1.0
CP-CNSC2025-003,2025-09-24,2025-09-11,2027-01-01,2027-12-31,Regulado,TERG,TER,Termotasajero Dos,150.0,435.96,0.0,False,CURVA,2025-07-01,2,2.0
CP-CNSC2025-004,2025-12-15,2025-12-01,2027-01-01,2040-12-31,Regulado,BTGC,BTG,Btg,700.0,331.14,100.0,True,CURVA,2025-10-01,4,1.0
CP-CNSC2025-004,2025-12-15,2025-12-01,2027-01-01,2027-12-31,Regulado,CMXG,CMX,Cemex Energy,60.0,383.8999999999999,100.0,True,PLANO,2025-10-01,2,1.0
CP-CNSC2025-004,2025-12-15,2025-12-01,2027-01-01,2040-12-31,Regulado,CNRC,CNR,Coenersa,699.3000000000002,339.93,0.0,False,CURVA,2025-10-01,4,1.0
CP-CNSC2025-004,2025-12-15,2025-12-01,2027-01-01,2040-12-31,Regulado,EPTC,EPT,Eptc,147.56,343.5,0.0,False,CURVA,2025-10-01,4,1.0
CP-CNSC2025-004,2025-12-15,2025-12-01,2027-01-01,2040-12-31,Regulado,EPTC,EPT,Eptc,63.70000000000001,343.89,0.0,False,CURVA,2025-10-01,4,2.0
CP-CNSC2026-001,2026-03-18,2026-03-05,2027-01-01,2027-12-31,Regulado,DEPG,DEP,Depi,43.800000000000004,415.37999999999994,0.0,False,PLANO,2026-01-01,2,1.0
CP-CNSC2026-001,2026-03-18,2026-03-05,2029-01-01,2029-12-31,Regulado,DEPG,DEP,Depi,43.800000000000004,399.98,0.0,False,PLANO,2026-01-01,4,1.0
CP-CNSC2026-001,2026-03-18,2026-03-05,2030-01-01,2030-12-31,Regulado,DEPG,DEP,Depi,43.800000000000004,394.55,0.0,False,PLANO,2026-01-01,6,1.0
CP-CNSC2026-001,2026-03-18,2026-03-05,2031-01-01,2031-12-31,Regulado,DEPG,DEP,Depi,43.800000000000004,390.22,0.0,False,PLANO,2026-01-01,8,1.0
CP-CNSC2026-001,2026-03-18,2026-03-05,2029-01-01,2029-12-31,Regulado,EPTG,EPT,Eptg,11.9,375.0,100.0,True,PLANO,2026-01-01,4,1.0
CP-CNSC2026-001,2026-03-18,2026-03-05,2030-01-01,2030-12-31,Regulado,EPTG,EPT,Eptg,11.98,370.0,100.0,True,PLANO,2026-01-01,6,1.0
CP-CNSC2026-001,2026-03-18,2026-03-05,2031-01-01,2031-12-31,Regulado,EPTG,EPT,Eptg,11.98,365.0,0.0,False,PLANO,2026-01-01,8,1.0
CP-CNSC2026-001,2026-03-18,2026-03-05,2027-01-01,2027-12-31,Regulado,SPRG,SPR,Esprod,28.96,399.96,0.0,False,PLANO,2026-01-01,2,1.0
CP-CNSC2026-001,2026-03-18,2026-03-05,2027-01-01,2027-12-31,Regulado,SPRG,SPR,Esprod,28.96,404.8999999999999,0.0,False,PLANO,2026-01-01,2,2.0
CP-CNSC2026-001,2026-03-18,2026-03-05,2027-01-01,2027-12-31,Regulado,TERG,TER,Termotasajero Dos,30.03,417.48,0.0,False,PLANO,2026-01-01,2,1.0
CP-CNSC2026-001,2026-03-18,2026-03-05,2027-01-01,2027-12-31,Regulado,TERG,TER,Termotasajero Dos,30.03,420.48,0.0,False,PLANO,2026-01-01,2,2.0
CP-CNSC2026-001,2026-03-18,2026-03-05,2029-01-01,2029-12-31,Regulado,TERG,TER,Termotasajero Dos,19.99,404.48,0.0,False,PLANO,2026-01-01,4,1.0
CP-CNSC2026-001,2026-03-18,2026-03-05,2029-01-01,2029-12-31,Regulado,TERG,TER,Termotasajero Dos,19.99,409.48,0.0,False,PLANO,2026-01-01,4,2.0
CP-CNSC2026-001,2026-03-18,2026-03-05,2030-01-01,2030-12-31,Regulado,TERG,TER,Termotasajero Dos,14.96,403.48,0.0,False,PLANO,2026-01-01,6,1.0
CP-CNSC2026-001,2026-03-18,2026-03-05,2030-01-01,2030-12-31,Regulado,TERG,TER,Termotasajero Dos,14.96,408.48,0.0,False,PLANO,2026-01-01,6,2.0
CP-CNSC2026-001,2026-03-18,2026-03-05,2027-01-01,2027-12-31,Regulado,TYPG,TYP,Termoyopal,87.60000000000001,397.0,0.0,False,PLANO,2026-01-01,2,1.0
CP-CNSC2026-001,2026-03-18,2026-03-05,2027-01-01,2027-12-31,Regulado,TYPG,TYP,Termoyopal,87.60000000000001,425.0,0.0,False,PLANO,2026-01-01,2,2.0
CP-CNSC2026-001,2026-03-18,2026-03-05,2027-01-01,2027-12-31,Regulado,TYPG,TYP,Termoyopal,76.17,450.0,0.0,False,PLANO,2026-01-01,2,3.0
CP-CQTC2022-004,2023-02-08,2023-01-26,2027-01-01,2027-12-31,Regulado,ENDG,END,Enel,29.982,267.37,0.0,False,CURVA,2022-01-12,5,1.0
CP-CQTC2022-004,2023-02-08,2023-01-26,2028-01-01,2028-12-31,Regulado,ENDG,END,Enel,30.418,257.95,0.0,False,CURVA,2022-01-12,6,1.0
CP-CQTC2022-004,2023-02-08,2023-01-26,2029-01-01,2029-12-31,Regulado,ENDG,END,Enel,27.658,257.5,0.0,False,CURVA,2022-01-12,7,1.0
CP-CQTC2022-004,2023-02-08,2023-01-26,2030-01-01,2030-12-31,Regulado,ENDG,END,Enel,29.201,254.34,0.0,False,CURVA,2022-01-12,8,1.0
CP-CQTC2022-004,2023-02-08,2023-01-26,2031-01-01,2031-12-31,Regulado,ENDG,END,Enel,104.866,249.61,0.0,False,CURVA,2022-01-12,9,1.0
CP-CQTC2022-004,2023-02-08,2023-01-26,2032-01-01,2032-12-31,Regulado,ENDG,END,Enel,103.493,248.52,0.0,False,CURVA,2022-01-12,10,1.0
CP-CQTC2022-004,2023-02-08,2023-01-26,2033-01-01,2033-12-31,Regulado,ENDG,END,Enel,102.753,247.83,0.0,False,CURVA,2022-01-12,11,1.0
CP-CQTC2022-004,2023-02-08,2023-01-26,2034-01-01,2034-12-31,Regulado,ENDG,END,Enel,102.339,247.33,0.0,False,CURVA,2022-01-12,12,1.0
CP-CQTC2022-004,2023-02-08,2023-01-26,2035-01-01,2035-12-31,Regulado,ENDG,END,Enel,101.916,246.84,0.0,False,CURVA,2022-01-12,13,1.0
CP-CQTC2022-004,2023-02-08,2023-01-26,2036-01-01,2036-12-31,Regulado,ENDG,END,Enel,101.92,246.55000000000004,0.0,False,CURVA,2022-01-12,14,1.0
CP-CQTC2022-004,2023-02-08,2023-01-26,2037-01-01,2037-12-31,Regulado,ENDG,END,Enel,101.44200000000001,245.92,0.0,False,CURVA,2022-01-12,15,1.0
CP-CQTC2022-004,2023-02-08,2023-01-26,2038-01-01,2038-12-31,Regulado,ENDG,END,Enel,102.123,245.42,0.0,False,CURVA,2022-01-12,16,1.0
CP-CQTC2022-004,2023-02-08,2023-01-26,2039-01-01,2039-12-31,Regulado,ENDG,END,Enel,102.167,244.92,0.0,False,CURVA,2022-01-12,17,1.0
CP-CQTC2022-004,2023-02-08,2023-01-26,2040-01-01,2040-12-31,Regulado,ENDG,END,Enel,102.799,244.53,0.0,False,CURVA,2022-01-12,18,1.0
CP-CQTC2022-004,2023-02-08,2023-01-26,2027-01-01,2027-12-31,Regulado,EPSG,EPS,Celsia,29.982,264.46,0.0,False,CURVA,2022-01-12,5,1.0
CP-CQTC2022-004,2023-02-08,2023-01-26,2028-01-01,2028-12-31,Regulado,EPSG,EPS,Celsia,30.418,267.37,0.0,False,CURVA,2022-01-12,6,1.0
CP-CQTC2022-004,2023-02-08,2023-01-26,2029-01-01,2029-12-31,Regulado,EPSG,EPS,Celsia,27.658,266.52,0.0,False,CURVA,2022-01-12,7,1.0
CP-CQTC2022-004,2023-02-08,2023-01-26,2030-01-01,2030-12-31,Regulado,EPSG,EPS,Celsia,29.201,265.98,0.0,False,CURVA,2022-01-12,8,1.0
CP-CQTC2022-004,2023-02-08,2023-01-26,2031-01-01,2031-12-31,Regulado,EPSG,EPS,Celsia,52.434,255.47,0.0,False,CURVA,2022-01-12,9,1.0
CP-CQTC2022-004,2023-02-08,2023-01-26,2031-01-01,2031-12-31,Regulado,EPSG,EPS,Celsia,52.434,257.47,0.0,False,CURVA,2022-01-12,9,2.0
CP-CQTC2022-004,2023-02-08,2023-01-26,2032-01-01,2032-12-31,Regulado,EPSG,EPS,Celsia,51.748,254.27,0.0,False,CURVA,2022-01-12,10,1.0
CP-CQTC2022-004,2023-02-08,2023-01-26,2032-01-01,2032-12-31,Regulado,EPSG,EPS,Celsia,51.748,256.27,0.0,False,CURVA,2022-01-12,10,2.0
CP-CQTC2022-004,2023-02-08,2023-01-26,2033-01-01,2033-12-31,Regulado,EPSG,EPS,Celsia,51.375,254.27,0.0,False,CURVA,2022-01-12,11,1.0
CP-CQTC2022-004,2023-02-08,2023-01-26,2033-01-01,2033-12-31,Regulado,EPSG,EPS,Celsia,51.375,256.27,0.0,False,CURVA,2022-01-12,11,2.0
CP-CQTC2022-004,2023-02-08,2023-01-26,2034-01-01,2034-12-31,Regulado,EPSG,EPS,Celsia,51.172,254.27,0.0,False,CURVA,2022-01-12,12,1.0
CP-CQTC2022-004,2023-02-08,2023-01-26,2034-01-01,2034-12-31,Regulado,EPSG,EPS,Celsia,51.172,256.27,0.0,False,CURVA,2022-01-12,12,2.0
CP-CQTC2022-004,2023-02-08,2023-01-26,2035-01-01,2035-12-31,Regulado,EPSG,EPS,Celsia,50.957,254.27,0.0,False,CURVA,2022-01-12,13,1.0
CP-CQTC2022-004,2023-02-08,2023-01-26,2035-01-01,2035-12-31,Regulado,EPSG,EPS,Celsia,50.957,256.27,0.0,False,CURVA,2022-01-12,13,2.0
CP-CQTC2022-004,2023-02-08,2023-01-26,2036-01-01,2036-12-31,Regulado,EPSG,EPS,Celsia,50.959,254.27,0.0,False,CURVA,2022-01-12,14,1.0
CP-CQTC2022-004,2023-02-08,2023-01-26,2036-01-01,2036-12-31,Regulado,EPSG,EPS,Celsia,50.959,256.27,0.0,False,CURVA,2022-01-12,14,2.0
CP-CQTC2022-004,2023-02-08,2023-01-26,2037-01-01,2037-12-31,Regulado,EPSG,EPS,Celsia,50.72,254.27,0.0,False,CURVA,2022-01-12,15,1.0
CP-CQTC2022-004,2023-02-08,2023-01-26,2037-01-01,2037-12-31,Regulado,EPSG,EPS,Celsia,50.72,256.27,0.0,False,CURVA,2022-01-12,15,2.0
CP-CQTC2022-004,2023-02-08,2023-01-26,2038-01-01,2038-12-31,Regulado,EPSG,EPS,Celsia,51.062,254.27,0.0,False,CURVA,2022-01-12,16,1.0
CP-CQTC2022-004,2023-02-08,2023-01-26,2038-01-01,2038-12-31,Regulado,EPSG,EPS,Celsia,51.062,256.27,0.0,False,CURVA,2022-01-12,16,2.0
CP-CQTC2022-004,2023-02-08,2023-01-26,2039-01-01,2039-12-31,Regulado,EPSG,EPS,Celsia,51.084,254.27,0.0,False,CURVA,2022-01-12,17,1.0
CP-CQTC2022-004,2023-02-08,2023-01-26,2039-01-01,2039-12-31,Regulado,EPSG,EPS,Celsia,51.084,256.27,0.0,False,CURVA,2022-01-12,17,2.0
CP-CQTC2022-004,2023-02-08,2023-01-26,2040-01-01,2040-12-31,Regulado,EPSG,EPS,Celsia,51.398,254.27,0.0,False,CURVA,2022-01-12,18,1.0
CP-CQTC2022-004,2023-02-08,2023-01-26,2040-01-01,2040-12-31,Regulado,EPSG,EPS,Celsia,51.398,256.27,0.0,False,CURVA,2022-01-12,18,2.0
CP-CQTC2022-004,2023-02-08,2023-01-26,2041-01-01,2041-12-31,Regulado,EPSG,EPS,Celsia,51.353,254.27,0.0,False,CURVA,2022-01-12,19,1.0
CP-CQTC2022-004,2023-02-08,2023-01-26,2041-01-01,2041-12-31,Regulado,EPSG,EPS,Celsia,51.353,256.27,0.0,False,CURVA,2022-01-12,19,2.0
CP-CQTC2022-004,2023-02-08,2023-01-26,2026-01-01,2041-12-31,Regulado,EPSG,EPS,Celsia,1252.1090000000002,269.16375,0.0,False,PLANO,2022-01-12,20,1.0
CP-CQTC2022-004,2023-02-08,2023-01-26,2024-01-01,2024-12-31,Regulado,SPRG,SPR,Esprod,20.786,309.0,0.0,False,CURVA,2022-01-12,2,1.0
CP-CQTC2022-004,2023-02-08,2023-01-26,2025-01-01,2025-12-31,Regulado,SPRG,SPR,Esprod,20.982,300.0,0.0,False,CURVA,2022-01-12,3,1.0
CP-CQTC2023-001,2023-06-09,2023-05-29,2027-01-01,2027-12-31,Regulado,EPMG,EPM,Epm,29.98197719921182,275.91,0.0,False,CURVA,2023-01-04,5,1.0
CP-CQTC2023-001,2023-06-09,2023-05-29,2028-01-01,2028-12-31,Regulado,EPMG,EPM,Epm,30.41554804045069,270.96,100.0,True,CURVA,2023-01-04,6,1.0
CP-CQTC2023-001,2023-06-09,2023-05-29,2029-01-01,2029-12-31,Regulado,EPMG,EPM,Epm,27.657132264582746,270.51,0.0,False,CURVA,2023-01-04,7,1.0
CP-CQTC2023-001,2023-06-09,2023-05-29,2030-01-01,2030-12-31,Regulado,EPMG,EPM,Epm,29.198910886910006,269.92,0.0,False,CURVA,2023-01-04,8,1.0
CP-CQTC2023-001,2023-06-09,2023-05-29,2031-01-01,2031-12-31,Regulado,EPMG,EPM,Epm,31.46012426325978,264.48,100.0,True,CURVA,2023-01-04,9,1.0
CP-CQTC2023-001,2023-06-09,2023-05-29,2032-01-01,2032-12-31,Regulado,EPMG,EPM,Epm,31.04803566461475,264.33,100.0,True,CURVA,2023-01-04,10,1.0
CP-CQTC2023-001,2023-06-09,2023-05-29,2033-01-01,2033-12-31,Regulado,GASC,GAS,Generarco,30.825944357055384,298.0,0.0,False,CURVA,2023-01-04,11,1.0
CP-CQTC2023-001,2023-06-09,2023-05-29,2034-01-01,2034-12-31,Regulado,GASC,GAS,Generarco,30.702023126820936,298.0,0.0,False,CURVA,2023-01-04,12,1.0
CP-CQTC2023-001,2023-06-09,2023-05-29,2035-01-01,2035-12-31,Regulado,GASC,GAS,Generarco,30.574549796054068,295.0,0.0,False,CURVA,2023-01-04,13,1.0
CP-CQTC2023-001,2023-06-09,2023-05-29,2036-01-01,2036-12-31,Regulado,GASC,GAS,Generarco,30.57591395030308,295.0,0.0,False,CURVA,2023-01-04,14,1.0
CP-CQTC2023-001,2023-06-09,2023-05-29,2037-01-01,2037-12-31,Regulado,GASC,GAS,Generarco,30.432229376049836,295.0,0.0,False,CURVA,2023-01-04,15,1.0
CP-CQTC2023-001,2023-06-09,2023-05-29,2038-01-01,2038-12-31,Regulado,GASC,GAS,Generarco,30.637084067380837,295.0,0.0,False,CURVA,2023-01-04,16,1.0
CP-CQTC2023-001,2023-06-09,2023-05-29,2039-01-01,2039-12-31,Regulado,GASC,GAS,Generarco,30.650262386068807,295.0,0.0,False,CURVA,2023-01-04,17,1.0
CP-CQTC2023-001,2023-06-09,2023-05-29,2040-01-01,2040-12-31,Regulado,GASC,GAS,Generarco,30.83916874561422,295.0,0.0,False,CURVA,2023-01-04,18,1.0
CP-CQTC2023-001,2023-06-09,2023-05-29,2041-01-01,2041-12-31,Regulado,GASC,GAS,Generarco,30.811771479119653,295.0,0.0,False,CURVA,2023-01-04,19,1.0
CP-CQTC2023-001,2023-06-09,2023-05-29,2026-01-01,2026-12-31,Regulado,ISGG,ISG,Isagen,28.06912362533837,299.21,0.0,False,CURVA,2023-01-04,4,1.0
CP-CQTC2023-001,2023-06-09,2023-05-29,2027-01-01,2027-12-31,Regulado,ISGG,ISG,Isagen,29.98197719921182,272.12,100.0,True,CURVA,2023-01-04,5,1.0
CP-CQTC2023-001,2023-06-09,2023-05-29,2029-01-01,2029-12-31,Regulado,ISGG,ISG,Isagen,27.657132264582746,260.86,100.0,True,CURVA,2023-01-04,7,1.0
CP-CQTC2023-001,2023-06-09,2023-05-29,2030-01-01,2030-12-31,Regulado,ISGG,ISG,Isagen,29.198910886910006,258.88,100.0,True,CURVA,2023-01-04,8,1.0
CP-CQTC2023-001,2023-06-09,2023-05-29,2031-01-01,2031-12-31,Regulado,ISGG,ISG,Isagen,52.4335404387663,253.68999999999997,100.0,True,CURVA,2023-01-04,9,1.0
CP-CQTC2023-001,2023-06-09,2023-05-29,2032-01-01,2032-12-31,Regulado,ISGG,ISG,Isagen,49.99460419336081,251.06000000000003,100.0,True,CURVA,2023-01-04,10,1.0
CP-CQTC2023-001,2023-06-09,2023-05-29,2024-01-01,2024-12-31,Regulado,NTCG,NTC,Nitroenergy,20.77985116479703,399.96,0.0,False,CURVA,2023-01-04,2,1.0
CP-CQTC2023-001,2023-06-09,2023-05-29,2025-01-01,2025-12-31,Regulado,NTCG,NTC,Nitroenergy,20.99325798864543,399.96,0.0,False,CURVA,2023-01-04,3,1.0
CP-CQTC2023-001,2023-06-09,2023-05-29,2026-01-01,2026-12-31,Regulado,NTCG,NTC,Nitroenergy,28.06912362533837,290.78,100.0,True,CURVA,2023-01-04,4,1.0
CP-CQTC2023-001,2023-06-09,2023-05-29,2027-01-01,2027-12-31,Regulado,NTCG,NTC,Nitroenergy,29.98197719921182,287.2,0.0,False,CURVA,2023-01-04,5,1.0
CP-CQTC2023-001,2023-06-09,2023-05-29,2028-01-01,2028-12-31,Regulado,NTCG,NTC,Nitroenergy,30.41554804045069,284.87,0.0,False,CURVA,2023-01-04,6,1.0
CP-CQTC2023-001,2023-06-09,2023-05-29,2029-01-01,2029-12-31,Regulado,NTCG,NTC,Nitroenergy,27.657132264582746,280.28,0.0,False,CURVA,2023-01-04,7,1.0
CP-CQTC2023-001,2023-06-09,2023-05-29,2030-01-01,2030-12-31,Regulado,NTCG,NTC,Nitroenergy,29.198910886910006,279.37,0.0,False,CURVA,2023-01-04,8,1.0
CP-CQTC2023-001,2023-06-09,2023-05-29,2031-01-01,2031-12-31,Regulado,NTCG,NTC,Nitroenergy,52.4335404387663,278.44,0.0,False,CURVA,2023-01-04,9,1.0
CP-CQTC2023-001,2023-06-09,2023-05-29,2032-01-01,2032-12-31,Regulado,NTCG,NTC,Nitroenergy,51.74672610769126,275.33,0.0,False,CURVA,2023-01-04,10,1.0
CP-CQTC2023-001,2023-06-09,2023-05-29,2033-01-01,2033-12-31,Regulado,NTCG,NTC,Nitroenergy,51.37657392842564,272.85,100.0,True,CURVA,2023-01-04,11,1.0
CP-CQTC2023-001,2023-06-09,2023-05-29,2034-01-01,2034-12-31,Regulado,NTCG,NTC,Nitroenergy,51.17003854470156,270.55,100.0,True,CURVA,2023-01-04,12,1.0
CP-CQTC2023-001,2023-06-09,2023-05-29,2035-01-01,2035-12-31,Regulado,NTCG,NTC,Nitroenergy,50.95758299342345,268.45,100.0,True,CURVA,2023-01-04,13,1.0
CP-CQTC2023-001,2023-06-09,2023-05-29,2036-01-01,2036-12-31,Regulado,NTCG,NTC,Nitroenergy,50.959856583838466,264.14,100.0,True,CURVA,2023-01-04,14,1.0
CP-CQTC2023-001,2023-06-09,2023-05-29,2037-01-01,2037-12-31,Regulado,NTCG,NTC,Nitroenergy,50.72038229341639,262.55,100.0,True,CURVA,2023-01-04,15,1.0
CP-CQTC2023-001,2023-06-09,2023-05-29,2038-01-01,2038-12-31,Regulado,NTCG,NTC,Nitroenergy,51.06180677896806,260.55,100.0,True,CURVA,2023-01-04,16,1.0
CP-CQTC2023-001,2023-06-09,2023-05-29,2039-01-01,2039-12-31,Regulado,NTCG,NTC,Nitroenergy,51.08377064344801,258.65,0.0,False,CURVA,2023-01-04,17,1.0
CP-CQTC2023-001,2023-06-09,2023-05-29,2040-01-01,2040-12-31,Regulado,NTCG,NTC,Nitroenergy,51.39861457602371,253.65,100.0,True,CURVA,2023-01-04,18,1.0
CP-CQTC2023-001,2023-06-09,2023-05-29,2041-01-01,2041-12-31,Regulado,NTCG,NTC,Nitroenergy,51.35295246519942,249.65,100.0,True,CURVA,2023-01-04,19,1.0
CP-CQTC2023-001,2023-06-09,2023-05-29,2026-01-01,2041-12-31,Regulado,NTCG,NTC,Nitroenergy,156.024598359325,271.8,100.0,True,CURVA,2023-01-04,20,1.0
CP-CQTC2023-001,2023-06-09,2023-05-29,2026-01-01,2041-12-31,Regulado,NTCG,NTC,Nitroenergy,156.024598359325,328.8,0.0,False,CURVA,2023-01-04,20,2.0
CP-CQTC2023-001,2023-06-09,2023-05-29,2027-01-01,2027-12-31,Regulado,SPRG,SPR,Esprod,29.98197719921182,286.25,0.0,False,CURVA,2023-01-04,5,1.0
CP-CQTC2023-001,2023-06-09,2023-05-29,2028-01-01,2028-12-31,Regulado,SPRG,SPR,Esprod,30.41554804045069,286.5,0.0,False,CURVA,2023-01-04,6,1.0
CP-CQTC2023-001,2023-06-09,2023-05-29,2029-01-01,2029-12-31,Regulado,SPRG,SPR,Esprod,27.657132264582746,285.89,0.0,False,CURVA,2023-01-04,7,1.0
CP-CQTC2023-001,2023-06-09,2023-05-29,2030-01-01,2030-12-31,Regulado,SPRG,SPR,Esprod,29.198910886910006,283.3,0.0,False,CURVA,2023-01-04,8,1.0
CP-CQTC2023-001,2023-06-09,2023-05-29,2031-01-01,2031-12-31,Regulado,SPRG,SPR,Esprod,35.65480749836109,272.65,59.0,True,CURVA,2023-01-04,9,1.0
CP-CQTC2023-001,2023-06-09,2023-05-29,2032-01-01,2032-12-31,Regulado,SPRG,SPR,Esprod,36.22270827538388,272.6,57.0,True,CURVA,2023-01-04,10,1.0
CP-CQTC2023-001,2023-06-09,2023-05-29,2033-01-01,2033-12-31,Regulado,SPRG,SPR,Esprod,35.96360174989795,271.05,100.0,True,CURVA,2023-01-04,11,1.0
CP-CQTC2023-001,2023-06-09,2023-05-29,2034-01-01,2034-12-31,Regulado,SPRG,SPR,Esprod,35.819026981291096,268.55,100.0,True,CURVA,2023-01-04,12,1.0
CP-CQTC2023-001,2023-06-09,2023-05-29,2035-01-01,2035-12-31,Regulado,SPRG,SPR,Esprod,35.670308095396415,263.23,100.0,True,CURVA,2023-01-04,13,1.0
CP-CQTC2023-001,2023-06-09,2023-05-29,2036-01-01,2036-12-31,Regulado,SPRG,SPR,Esprod,35.67189960868692,259.89,100.0,True,CURVA,2023-01-04,14,1.0
CP-CQTC2023-001,2023-06-09,2023-05-29,2037-01-01,2037-12-31,Regulado,SPRG,SPR,Esprod,35.504267605391476,253.15,100.0,True,CURVA,2023-01-04,15,1.0
CP-CQTC2023-001,2023-06-09,2023-05-29,2038-01-01,2038-12-31,Regulado,SPRG,SPR,Esprod,35.74326474527764,245.80000000000004,100.0,True,CURVA,2023-01-04,16,1.0
CP-CQTC2023-001,2023-06-09,2023-05-29,2039-01-01,2039-12-31,Regulado,SPRG,SPR,Esprod,35.758639450413604,245.6,100.0,True,CURVA,2023-01-04,17,1.0
CP-CQTC2023-001,2023-06-09,2023-05-29,2040-01-01,2040-12-31,Regulado,SPRG,SPR,Esprod,35.979030203216595,245.4,100.0,True,CURVA,2023-01-04,18,1.0
CP-CQTC2023-001,2023-06-09,2023-05-29,2041-01-01,2041-12-31,Regulado,SPRG,SPR,Esprod,35.947066725639594,245.19999999999996,100.0,True,CURVA,2023-01-04,19,1.0
CP-CQTC2023-002,2023-10-04,2023-09-21,2027-01-01,2027-12-31,Regulado,EPMG,EPM,Epm,47.615450212045666,285.5,100.0,True,PLANA,2023-01-08,7,1.0
CP-CQTC2023-002,2023-10-04,2023-09-21,2028-01-01,2028-12-31,Regulado,EPMG,EPM,Epm,13.695028467344821,279.82,100.0,True,PLANA,2023-01-08,9,1.0
CP-CQTC2023-002,2023-10-04,2023-09-21,2029-01-01,2029-12-31,Regulado,EPMG,EPM,Epm,21.915883648952168,275.6,100.0,True,PLANA,2023-01-08,11,1.0
CP-CQTC2023-002,2023-10-04,2023-09-21,2030-01-01,2030-12-31,Regulado,EPMG,EPM,Epm,34.53455432897601,275.2,100.0,True,PLANA,2023-01-08,13,1.0
CP-CQTC2023-002,2023-10-04,2023-09-21,2029-01-01,2029-12-31,Regulado,EPSG,EPS,Celsia,9.270669637679317,307.12,100.0,True,CURVA,2023-01-08,10,1.0
CP-CQTC2023-002,2023-10-04,2023-09-21,2029-01-01,2029-12-31,Regulado,EPSG,EPS,Celsia,3.725700220321868,302.52,0.0,False,PLANA,2023-01-08,11,1.0
CP-CQTC2023-002,2023-10-04,2023-09-21,2030-01-01,2030-12-31,Regulado,EPSG,EPS,Celsia,7.4572160657966,306.02,100.0,True,CURVA,2023-01-08,12,1.0
CP-CQTC2023-002,2023-10-04,2023-09-21,2030-01-01,2030-12-31,Regulado,EPSG,EPS,Celsia,5.525528692636161,301.44,0.0,False,PLANA,2023-01-08,13,1.0
CP-CQTC2023-002,2023-10-04,2023-09-21,2024-01-01,2024-12-31,Regulado,EYCC,EYC,Eycc,55.45,540.0,100.0,True,PLANA,2023-01-08,2,1.0
CP-CQTC2023-002,2023-10-04,2023-09-21,2025-01-01,2025-12-31,Regulado,EYCC,EYC,Eycc,55.258,457.8,58.583333333333336,True,PLANA,2023-01-08,3,1.0
CP-CQTC2023-002,2023-10-04,2023-09-21,2026-01-01,2026-12-31,Regulado,EYCC,EYC,Eycc,34.0,350.0,40.0,True,PLANA,2023-01-08,5,1.0
CP-CQTC2023-002,2023-10-04,2023-09-21,2027-01-01,2027-12-31,Regulado,EYCC,EYC,Eycc,44.282368697202465,325.0,0.0,False,PLANA,2023-01-08,7,1.0
CP-CQTC2023-002,2023-10-04,2023-09-21,2029-01-01,2029-12-31,Regulado,EYCC,EYC,Eycc,17.971024592140775,325.0,0.0,False,PLANA,2023-01-08,11,1.0
CP-CQTC2023-002,2023-10-04,2023-09-21,2030-01-01,2030-12-31,Regulado,EYCC,EYC,Eycc,16.921931621198244,325.0,0.0,False,PLANA,2023-01-08,13,1.0
CP-CQTC2023-002,2023-10-04,2023-09-21,2025-01-01,2025-12-31,Regulado,GASC,GAS,Generarco,43.66,350.0,75.0,True,PLANA,2023-01-08,3,1.0
CP-CQTC2023-002,2023-10-04,2023-09-21,2028-01-01,2028-12-31,Regulado,GASC,GAS,Generarco,13.695028467344821,295.0,0.0,False,PLANA,2023-01-08,9,1.0
CP-CQTC2023-002,2023-10-04,2023-09-21,2029-01-01,2029-12-31,Regulado,GASC,GAS,Generarco,21.915883648952168,276.5,0.0,False,PLANA,2023-01-08,11,1.0
CP-CQTC2023-002,2023-10-04,2023-09-21,2030-01-01,2030-12-31,Regulado,GASC,GAS,Generarco,34.53455432897601,276.5,0.0,False,PLANA,2023-01-08,13,1.0
CP-CQTC2023-002,2023-10-04,2023-09-21,2025-01-01,2025-12-31,Regulado,ISGG,ISG,Isagen,20.41199533287309,319.33,100.0,True,PLANA,2023-01-08,3,1.0
CP-CQTC2023-002,2023-10-04,2023-09-21,2025-01-01,2025-12-31,Regulado,NTCG,NTC,Nitroenergy,40.46,457.9800000000001,0.0,False,PLANA,2023-01-08,3,1.0
CP-CQTC2023-002,2023-10-04,2023-09-21,2025-01-01,2025-12-31,Regulado,NTCG,NTC,Nitroenergy,40.46,526.68,0.0,False,PLANA,2023-01-08,3,2.0
CP-CQTC2023-002,2023-10-04,2023-09-21,2026-01-01,2026-12-31,Regulado,NTCG,NTC,Nitroenergy,37.41,349.95,100.0,True,CURVA,2023-01-08,4,1.0
CP-CQTC2023-002,2023-10-04,2023-09-21,2026-01-01,2026-12-31,Regulado,NTCG,NTC,Nitroenergy,16.0,402.44,100.0,True,CURVA,2023-01-08,4,2.0
CP-CQTC2023-002,2023-10-04,2023-09-21,2026-01-01,2026-12-31,Regulado,NTCG,NTC,Nitroenergy,32.2,349.95,100.0,True,PLANA,2023-01-08,5,1.0
CP-CQTC2023-002,2023-10-04,2023-09-21,2026-01-01,2026-12-31,Regulado,NTCG,NTC,Nitroenergy,13.100000000000001,402.44,0.0,False,PLANA,2023-01-08,5,2.0
CP-CQTC2023-002,2023-10-04,2023-09-21,2027-01-01,2027-12-31,Regulado,NTCG,NTC,Nitroenergy,41.63547,322.4,100.0,True,CURVA,2023-01-08,6,1.0
CP-CQTC2023-002,2023-10-04,2023-09-21,2027-01-01,2027-12-31,Regulado,NTCG,NTC,Nitroenergy,17.84376,370.76,100.0,True,CURVA,2023-01-08,6,2.0
CP-CQTC2023-002,2023-10-04,2023-09-21,2027-01-01,2027-12-31,Regulado,NTCG,NTC,Nitroenergy,33.33081514843197,322.4,0.0,False,PLANA,2023-01-08,7,1.0
CP-CQTC2023-002,2023-10-04,2023-09-21,2027-01-01,2027-12-31,Regulado,NTCG,NTC,Nitroenergy,14.284635063613697,370.76,0.0,False,PLANA,2023-01-08,7,2.0
CP-CQTC2023-002,2023-10-04,2023-09-21,2028-01-01,2028-12-31,Regulado,NTCG,NTC,Nitroenergy,38.4352212831476,316.98,100.0,True,CURVA,2023-01-08,8,1.0
CP-CQTC2023-002,2023-10-04,2023-09-21,2028-01-01,2028-12-31,Regulado,NTCG,NTC,Nitroenergy,16.472237692777544,364.53,100.0,True,CURVA,2023-01-08,8,2.0
CP-CQTC2023-002,2023-10-04,2023-09-21,2028-01-01,2028-12-31,Regulado,NTCG,NTC,Nitroenergy,4.108508540203447,364.53,0.0,False,PLANA,2023-01-08,9,1.0
CP-CQTC2023-002,2023-10-04,2023-09-21,2029-01-01,2029-12-31,Regulado,NTCG,NTC,Nitroenergy,38.17334556691483,316.98,100.0,True,CURVA,2023-01-08,10,1.0
CP-CQTC2023-002,2023-10-04,2023-09-21,2029-01-01,2029-12-31,Regulado,NTCG,NTC,Nitroenergy,16.3600052429635,364.53,43.0,True,CURVA,2023-01-08,10,2.0
CP-CQTC2023-002,2023-10-04,2023-09-21,2029-01-01,2029-12-31,Regulado,NTCG,NTC,Nitroenergy,15.341118554266515,316.98,0.0,False,PLANA,2023-01-08,11,1.0
CP-CQTC2023-002,2023-10-04,2023-09-21,2029-01-01,2029-12-31,Regulado,NTCG,NTC,Nitroenergy,6.57476509468565,364.53,0.0,False,PLANA,2023-01-08,11,2.0
CP-CQTC2023-002,2023-10-04,2023-09-21,2030-01-01,2030-12-31,Regulado,NTCG,NTC,Nitroenergy,32.62532028786012,316.98,100.0,True,CURVA,2023-01-08,12,1.0
CP-CQTC2023-002,2023-10-04,2023-09-21,2030-01-01,2030-12-31,Regulado,NTCG,NTC,Nitroenergy,13.982280123368623,364.53,47.0,True,CURVA,2023-01-08,12,2.0
CP-CQTC2023-002,2023-10-04,2023-09-21,2030-01-01,2030-12-31,Regulado,NTCG,NTC,Nitroenergy,24.174188030283208,316.98,0.0,False,PLANA,2023-01-08,13,1.0
CP-CQTC2023-002,2023-10-04,2023-09-21,2030-01-01,2030-12-31,Regulado,NTCG,NTC,Nitroenergy,10.360366298692803,364.53,0.0,False,PLANA,2023-01-08,13,2.0
CP-CQTC2023-002,2023-10-04,2023-09-21,2024-01-01,2024-12-31,Regulado,VCHC,VCH,Vchc,2.0,550.0,100.0,True,PLANA,2023-01-08,2,1.0
CP-CQTC2023-002,2023-10-04,2023-09-21,2025-01-01,2025-12-31,Regulado,VCHC,VCH,Vchc,1.25,495.0,0.0,False,PLANA,2023-01-08,3,1.0
CP-CQTC2023-002,2023-10-04,2023-09-21,2025-01-01,2025-12-31,Regulado,VCHC,VCH,Vchc,1.25,500.0,0.0,False,PLANA,2023-01-08,3,2.0
CP-CQTC2023-002,2023-10-04,2023-09-21,2026-01-01,2026-12-31,Regulado,VCHC,VCH,Vchc,4.626,390.0,0.0,False,PLANA,2023-01-08,5,1.0
CP-CQTC2023-002,2023-10-04,2023-09-21,2027-01-01,2027-12-31,Regulado,VCHC,VCH,Vchc,4.761545021204567,350.0,0.0,False,PLANA,2023-01-08,7,1.0
CP-CQTC2023-002,2023-10-04,2023-09-21,2028-01-01,2028-12-31,Regulado,VCHC,VCH,Vchc,1.369502846734482,335.0,0.0,False,PLANA,2023-01-08,9,1.0
CP-CQTC2023-002,2023-10-04,2023-09-21,2029-01-01,2029-12-31,Regulado,VCHC,VCH,Vchc,2.1915883648952166,330.0,0.0,False,PLANA,2023-01-08,11,1.0
CP-CQTC2023-002,2023-10-04,2023-09-21,2030-01-01,2030-12-31,Regulado,VCHC,VCH,Vchc,3.4534554328976013,330.0,0.0,False,PLANA,2023-01-08,13,1.0
CP-CQTC2023-003,2024-01-17,2024-01-03,2026-01-01,2026-12-31,Regulado,EMUG,EMU,Urrá,4.799,320.0,100.0,True,CURVA,2023-01-11,3,1.0
CP-CQTC2023-003,2024-01-17,2024-01-03,2027-01-01,2027-12-31,Regulado,EMUG,EMU,Urrá,4.62549841061426,320.0,100.0,True,CURVA,2023-01-11,4,1.0
CP-CQTC2023-003,2024-01-17,2024-01-03,2027-01-01,2027-12-31,Regulado,ENDG,END,Enel,15.418328035380867,324.26,20.0,True,CURVA,2023-01-11,4,1.0
CP-CQTC2023-003,2024-01-17,2024-01-03,2028-01-01,2028-12-31,Regulado,ENDG,END,Enel,29.892816367461908,307.5,50.0,True,CURVA,2023-01-11,5,1.0
CP-CQTC2023-003,2024-01-17,2024-01-03,2029-01-01,2029-12-31,Regulado,ENDG,END,Enel,29.727729881546047,304.27,50.0,True,CURVA,2023-01-11,6,1.0
CP-CQTC2023-003,2024-01-17,2024-01-03,2030-01-01,2030-12-31,Regulado,ENDG,END,Enel,30.12135606000001,305.66,0.0,False,CURVA,2023-01-11,7,1.0
CP-CQTC2023-003,2024-01-17,2024-01-03,2031-01-01,2031-12-31,Regulado,ENDG,END,Enel,44.227587076043875,304.47,0.0,False,CURVA,2023-01-11,8,1.0
CP-CQTC2023-003,2024-01-17,2024-01-03,2032-01-01,2032-12-31,Regulado,ENDG,END,Enel,45.34519242988499,304.3,0.0,False,CURVA,2023-01-11,9,1.0
CP-CQTC2023-003,2024-01-17,2024-01-03,2033-01-01,2033-12-31,Regulado,ENDG,END,Enel,54.477106122971776,303.71,0.0,False,CURVA,2023-01-11,10,1.0
CP-CQTC2023-003,2024-01-17,2024-01-03,2034-01-01,2034-12-31,Regulado,ENDG,END,Enel,55.70090550965004,303.2,0.0,False,CURVA,2023-01-11,11,1.0
CP-CQTC2023-003,2024-01-17,2024-01-03,2035-01-01,2035-12-31,Regulado,ENDG,END,Enel,56.947709133429456,302.59,0.0,False,CURVA,2023-01-11,12,1.0
CP-CQTC2023-003,2024-01-17,2024-01-03,2036-01-01,2036-12-31,Regulado,ENDG,END,Enel,58.116,302.23,0.0,False,CURVA,2023-01-11,13,1.0
CP-CQTC2023-003,2024-01-17,2024-01-03,2037-01-01,2037-12-31,Regulado,ENDG,END,Enel,54.830772046060375,300.97,0.0,False,CURVA,2023-01-11,14,1.0
CP-CQTC2023-003,2024-01-17,2024-01-03,2038-01-01,2038-12-31,Regulado,ENDG,END,Enel,66.3901602939087,300.48,0.0,False,CURVA,2023-01-11,15,1.0
CP-CQTC2023-003,2024-01-17,2024-01-03,2039-01-01,2039-12-31,Regulado,ENDG,END,Enel,67.596,300.15,0.0,False,CURVA,2023-01-11,16,1.0
CP-CQTC2023-003,2024-01-17,2024-01-03,2040-01-01,2040-12-31,Regulado,ENDG,END,Enel,57.662,299.63,0.0,False,CURVA,2023-01-11,17,1.0
CP-CQTC2023-003,2024-01-17,2024-01-03,2026-01-01,2026-12-31,Regulado,EPMG,EPM,Epm,5.332186978820294,315.6,100.0,True,CURVA,2023-01-11,3,1.0
CP-CQTC2023-003,2024-01-17,2024-01-03,2027-01-01,2027-12-31,Regulado,EPMG,EPM,Epm,7.7091640176904335,311.8,100.0,True,CURVA,2023-01-11,4,1.0
CP-CQTC2023-003,2024-01-17,2024-01-03,2028-01-01,2028-12-31,Regulado,EPMG,EPM,Epm,14.946408183730954,301.23,100.0,True,CURVA,2023-01-11,5,1.0
CP-CQTC2023-003,2024-01-17,2024-01-03,2029-01-01,2029-12-31,Regulado,EPMG,EPM,Epm,14.863864940773025,301.23,100.0,True,CURVA,2023-01-11,6,1.0
CP-CQTC2023-003,2024-01-17,2024-01-03,2030-01-01,2030-12-31,Regulado,EPMG,EPM,Epm,15.060678030000005,301.23,0.0,False,CURVA,2023-01-11,7,1.0
CP-CQTC2023-003,2024-01-17,2024-01-03,2031-01-01,2031-12-31,Regulado,EPMG,EPM,Epm,44.227587076043875,297.17,0.0,False,CURVA,2023-01-11,8,1.0
CP-CQTC2023-003,2024-01-17,2024-01-03,2032-01-01,2032-12-31,Regulado,EPMG,EPM,Epm,45.34519242988499,297.17,0.0,False,CURVA,2023-01-11,9,1.0
CP-CQTC2023-003,2024-01-17,2024-01-03,2033-01-01,2033-12-31,Regulado,EPMG,EPM,Epm,54.477106122971776,297.17,0.0,False,CURVA,2023-01-11,10,1.0
CP-CQTC2023-003,2024-01-17,2024-01-03,2034-01-01,2034-12-31,Regulado,EPMG,EPM,Epm,55.70090550965004,297.17,0.0,False,CURVA,2023-01-11,11,1.0
CP-CQTC2023-003,2024-01-17,2024-01-03,2035-01-01,2035-12-31,Regulado,EPMG,EPM,Epm,56.947709133429456,297.17,0.0,False,CURVA,2023-01-11,12,1.0
CP-CQTC2023-003,2024-01-17,2024-01-03,2036-01-01,2036-12-31,Regulado,EPMG,EPM,Epm,58.116,297.17,0.0,False,CURVA,2023-01-11,13,1.0
CP-CQTC2023-003,2024-01-17,2024-01-03,2037-01-01,2037-12-31,Regulado,EPMG,EPM,Epm,54.830772046060375,297.17,0.0,False,CURVA,2023-01-11,14,1.0
CP-CQTC2023-003,2024-01-17,2024-01-03,2031-01-01,2031-12-31,Regulado,EPSG,EPS,Celsia,9.730069156729652,318.34,0.0,False,CURVA,2023-01-11,8,1.0
CP-CQTC2023-003,2024-01-17,2024-01-03,2032-01-01,2032-12-31,Regulado,EPSG,EPS,Celsia,9.069038485976998,318.34,0.0,False,CURVA,2023-01-11,9,1.0
CP-CQTC2023-003,2024-01-17,2024-01-03,2033-01-01,2033-12-31,Regulado,EPSG,EPS,Celsia,9.805879102134918,298.53,0.0,False,CURVA,2023-01-11,10,1.0
CP-CQTC2023-003,2024-01-17,2024-01-03,2034-01-01,2034-12-31,Regulado,EPSG,EPS,Celsia,8.912144881544007,318.34,0.0,False,CURVA,2023-01-11,11,1.0
CP-CQTC2023-003,2024-01-17,2024-01-03,2035-01-01,2035-12-31,Regulado,EPSG,EPS,Celsia,9.111633461348713,318.34,0.0,False,CURVA,2023-01-11,12,1.0
CP-CQTC2023-003,2024-01-17,2024-01-03,2036-01-01,2036-12-31,Regulado,EPSG,EPS,Celsia,9.298,318.34,0.0,False,CURVA,2023-01-11,13,1.0
CP-CQTC2023-003,2024-01-17,2024-01-03,2037-01-01,2037-12-31,Regulado,EPSG,EPS,Celsia,8.772923527369661,318.34,0.0,False,CURVA,2023-01-11,14,1.0
CP-CQTC2023-003,2024-01-17,2024-01-03,2038-01-01,2038-12-31,Regulado,EPSG,EPS,Celsia,10.622425647025393,318.34,0.0,False,CURVA,2023-01-11,15,1.0
CP-CQTC2023-003,2024-01-17,2024-01-03,2039-01-01,2039-12-31,Regulado,EPSG,EPS,Celsia,9.301,318.34,0.0,False,CURVA,2023-01-11,16,1.0
CP-CQTC2023-003,2024-01-17,2024-01-03,2040-01-01,2040-12-31,Regulado,EPSG,EPS,Celsia,9.302,318.34,0.0,False,CURVA,2023-01-11,17,1.0
CP-CQTC2023-003,2024-01-17,2024-01-03,2041-01-01,2041-12-31,Regulado,EPSG,EPS,Celsia,9.40244799967471,318.34,0.0,False,CURVA,2023-01-11,18,1.0
CP-CQTC2023-003,2024-01-17,2024-01-03,2024-01-03,2024-12-31,Regulado,EPTC,EPT,Eptc,14.984078934494939,484.75,0.0,False,PLANA,2023-01-11,1,1.0
CP-CQTC2023-003,2024-01-17,2024-01-03,2025-01-01,2025-12-31,Regulado,EPTC,EPT,Eptc,6.0504295564610615,389.5,0.0,False,CURVA,2023-01-11,2,1.0
CP-CQTC2023-003,2024-01-17,2024-01-03,2026-01-01,2026-12-31,Regulado,EPTC,EPT,Eptc,10.664373957640588,344.0,5.0,True,CURVA,2023-01-11,3,1.0
CP-CQTC2023-003,2024-01-17,2024-01-03,2027-01-01,2027-12-31,Regulado,EPTC,EPT,Eptc,15.418328035380867,338.0,0.0,False,CURVA,2023-01-11,4,1.0
CP-CQTC2023-003,2024-01-17,2024-01-03,2028-01-01,2028-12-31,Regulado,EPTC,EPT,Eptc,18.53354614782638,324.0,0.0,False,CURVA,2023-01-11,5,1.0
CP-CQTC2023-003,2024-01-17,2024-01-03,2029-01-01,2029-12-31,Regulado,EPTC,EPT,Eptc,17.539360630112167,313.9,0.0,False,CURVA,2023-01-11,6,1.0
CP-CQTC2023-003,2024-01-17,2024-01-03,2030-01-01,2030-12-31,Regulado,EPTC,EPT,Eptc,17.771600075400006,285.0,100.0,True,CURVA,2023-01-11,7,1.0
CP-CQTC2023-003,2024-01-17,2024-01-03,2031-01-01,2031-12-31,Regulado,EPTC,EPT,Eptc,6.191862190646143,285.0,0.0,False,CURVA,2023-01-11,8,1.0
CP-CQTC2023-003,2024-01-17,2024-01-03,2032-01-01,2032-12-31,Regulado,EPTC,EPT,Eptc,6.3483269401839,285.0,0.0,False,CURVA,2023-01-11,9,1.0
CP-CQTC2023-003,2024-01-17,2024-01-03,2033-01-01,2033-12-31,Regulado,EPTC,EPT,Eptc,7.626794857216049,285.0,0.0,False,CURVA,2023-01-11,10,1.0
CP-CQTC2023-003,2024-01-17,2024-01-03,2034-01-01,2034-12-31,Regulado,EPTC,EPT,Eptc,7.798126771351007,285.0,0.0,False,CURVA,2023-01-11,11,1.0
CP-CQTC2023-003,2024-01-17,2024-01-03,2035-01-01,2035-12-31,Regulado,EPTC,EPT,Eptc,7.972679278680125,285.0,0.0,False,CURVA,2023-01-11,12,1.0
CP-CQTC2023-003,2024-01-17,2024-01-03,2036-01-01,2036-12-31,Regulado,EPTC,EPT,Eptc,8.137,285.0,0.0,False,CURVA,2023-01-11,13,1.0
CP-CQTC2023-003,2024-01-17,2024-01-03,2037-01-01,2037-12-31,Regulado,EPTC,EPT,Eptc,7.676308086448453,285.0,0.0,False,CURVA,2023-01-11,14,1.0
CP-CQTC2023-003,2024-01-17,2024-01-03,2038-01-01,2038-12-31,Regulado,EPTC,EPT,Eptc,9.294622441147219,285.0,0.0,False,CURVA,2023-01-11,15,1.0
CP-CQTC2023-003,2024-01-17,2024-01-03,2039-01-01,2039-12-31,Regulado,EPTC,EPT,Eptc,9.462,285.0,0.0,False,CURVA,2023-01-11,16,1.0
CP-CQTC2023-003,2024-01-17,2024-01-03,2040-01-01,2040-12-31,Regulado,EPTC,EPT,Eptc,8.055,285.0,0.0,False,CURVA,2023-01-11,17,1.0
CP-CQTC2023-003,2024-01-17,2024-01-03,2041-01-01,2041-12-31,Regulado,EPTC,EPT,Eptc,8.227141999715371,285.0,0.0,False,CURVA,2023-01-11,18,1.0
CP-CQTC2023-003,2024-01-17,2024-01-03,2024-01-03,2024-12-31,Regulado,GASC,GAS,Generarco,29.968157868989877,475.0,0.0,False,PLANA,2023-01-11,1,1.0
CP-CQTC2023-003,2024-01-17,2024-01-03,2026-01-01,2026-12-31,Regulado,NESC,NES,Nova Energy,6.0786931558551345,395.0,0.0,False,CURVA,2023-01-11,3,1.0
CP-CQTC2023-003,2024-01-17,2024-01-03,2027-01-01,2027-12-31,Regulado,NESC,NES,Nova Energy,4.162948569552834,365.0,0.0,False,CURVA,2023-01-11,4,1.0
CP-CQTC2023-003,2024-01-17,2024-01-03,2024-01-03,2024-12-31,Regulado,NTCG,NTC,Nitroenergy,29.968157868989877,474.98,100.0,True,PLANA,2023-01-11,1,1.0
CP-CQTC2023-003,2024-01-17,2024-01-03,2025-01-01,2025-12-31,Regulado,NTCG,NTC,Nitroenergy,6.0504295564610615,387.85999999999996,0.0,False,CURVA,2023-01-11,2,1.0
CP-CQTC2023-003,2024-01-17,2024-01-03,2026-01-01,2026-12-31,Regulado,NTCG,NTC,Nitroenergy,10.664373957640588,344.08,0.0,False,CURVA,2023-01-11,3,1.0
CP-CQTC2023-003,2024-01-17,2024-01-03,2027-01-01,2027-12-31,Regulado,NTCG,NTC,Nitroenergy,15.418328035380867,334.16,0.0,False,CURVA,2023-01-11,4,1.0
CP-CQTC2023-003,2024-01-17,2024-01-03,2028-01-01,2028-12-31,Regulado,NTCG,NTC,Nitroenergy,29.892816367461908,323.28,0.0,False,CURVA,2023-01-11,5,1.0
CP-CQTC2023-003,2024-01-17,2024-01-03,2029-01-01,2029-12-31,Regulado,NTCG,NTC,Nitroenergy,29.727729881546047,309.86,0.0,False,CURVA,2023-01-11,6,1.0
CP-CQTC2023-003,2024-01-17,2024-01-03,2030-01-01,2030-12-31,Regulado,NTCG,NTC,Nitroenergy,30.12135606000001,300.32,0.0,False,CURVA,2023-01-11,7,1.0
CP-CQTC2023-003,2024-01-17,2024-01-03,2031-01-01,2031-12-31,Regulado,NTCG,NTC,Nitroenergy,26.53655224562632,299.73,0.0,False,CURVA,2023-01-11,8,1.0
CP-CQTC2023-003,2024-01-17,2024-01-03,2032-01-01,2032-12-31,Regulado,NTCG,NTC,Nitroenergy,27.207115457930993,299.13,0.0,False,CURVA,2023-01-11,9,1.0
CP-CQTC2023-003,2024-01-17,2024-01-03,2033-01-01,2033-12-31,Regulado,NTCG,NTC,Nitroenergy,32.68626367378306,298.53,0.0,False,CURVA,2023-01-11,10,1.0
CP-CQTC2023-003,2024-01-17,2024-01-03,2034-01-01,2034-12-31,Regulado,NTCG,NTC,Nitroenergy,33.42054330579003,298.53,0.0,False,CURVA,2023-01-11,11,1.0
CP-CQTC2023-003,2024-01-17,2024-01-03,2035-01-01,2035-12-31,Regulado,NTCG,NTC,Nitroenergy,34.16862548005768,299.34,0.0,False,CURVA,2023-01-11,12,1.0
CP-CQTC2023-003,2024-01-17,2024-01-03,2036-01-01,2036-12-31,Regulado,NTCG,NTC,Nitroenergy,34.868,298.53,0.0,False,CURVA,2023-01-11,13,1.0
CP-CQTC2023-003,2024-01-17,2024-01-03,2037-01-01,2037-12-31,Regulado,NTCG,NTC,Nitroenergy,32.89846322763623,299.34,0.0,False,CURVA,2023-01-11,14,1.0
CP-CQTC2023-003,2024-01-17,2024-01-03,2038-01-01,2038-12-31,Regulado,NTCG,NTC,Nitroenergy,39.83409617634522,299.04,0.0,False,CURVA,2023-01-11,15,1.0
CP-CQTC2023-003,2024-01-17,2024-01-03,2039-01-01,2039-12-31,Regulado,NTCG,NTC,Nitroenergy,40.5549,298.74,0.0,False,CURVA,2023-01-11,16,1.0
CP-CQTC2023-003,2024-01-17,2024-01-03,2040-01-01,2040-12-31,Regulado,NTCG,NTC,Nitroenergy,34.6,298.44,0.0,False,CURVA,2023-01-11,17,1.0
CP-CQTC2023-003,2024-01-17,2024-01-03,2041-01-01,2041-12-31,Regulado,NTCG,NTC,Nitroenergy,35.25917999878016,298.14,0.0,False,CURVA,2023-01-11,18,1.0
CP-CQTC2023-003,2024-01-17,2024-01-03,2025-01-01,2025-12-31,Regulado,TRMG,TRM,Termotasajero,6.0504295564610615,512.0,0.0,False,CURVA,2023-01-11,2,1.0
CP-CQTC2023-003,2024-01-17,2024-01-03,2026-01-01,2026-12-31,Regulado,TRMG,TRM,Termotasajero,10.664373957640588,363.0,0.0,False,CURVA,2023-01-11,3,1.0
CP-CQTC2023-003,2024-01-17,2024-01-03,2027-01-01,2027-12-31,Regulado,TRMG,TRM,Termotasajero,15.418328035380867,349.0,0.0,False,CURVA,2023-01-11,4,1.0
CP-CQTC2023-003,2024-01-17,2024-01-03,2024-01-03,2024-12-31,Regulado,VCHC,VCH,Vchc,5.993631573797975,482.0,0.0,False,PLANA,2023-01-11,1,1.0
CP-CQTC2023-003,2024-01-17,2024-01-03,2025-01-01,2025-12-31,Regulado,VCHC,VCH,Vchc,6.0504295564610615,386.0,100.0,True,CURVA,2023-01-11,2,1.0
CP-CQTC2023-003,2024-01-17,2024-01-03,2026-01-01,2026-12-31,Regulado,VCHC,VCH,Vchc,5.332186978820294,350.0,0.0,False,CURVA,2023-01-11,3,1.0
CP-CQTC2023-003,2024-01-17,2024-01-03,2027-01-01,2027-12-31,Regulado,VCHC,VCH,Vchc,7.7091640176904335,345.0,0.0,False,CURVA,2023-01-11,4,1.0
CP-CQTC2023-003,2024-01-17,2024-01-03,2028-01-01,2028-12-31,Regulado,VCHC,VCH,Vchc,8.967844910238572,340.0,0.0,False,CURVA,2023-01-11,5,1.0
CP-CQTC2023-003,2024-01-17,2024-01-03,2029-01-01,2029-12-31,Regulado,VCHC,VCH,Vchc,8.918318964463815,335.0,0.0,False,CURVA,2023-01-11,6,1.0
CP-CQTC2023-003,2024-01-17,2024-01-03,2030-01-01,2030-12-31,Regulado,VCHC,VCH,Vchc,15.060678030000005,330.0,0.0,False,CURVA,2023-01-11,7,1.0
CP-CQTC2023-003,2024-01-17,2024-01-03,2031-01-01,2031-12-31,Regulado,VCHC,VCH,Vchc,8.845517415208775,325.0,0.0,False,CURVA,2023-01-11,8,1.0
CP-CQTC2023-003,2024-01-17,2024-01-03,2032-01-01,2032-12-31,Regulado,VCHC,VCH,Vchc,10.882846183172397,320.0,0.0,False,CURVA,2023-01-11,9,1.0
CP-CQTC2023-003,2024-01-17,2024-01-03,2033-01-01,2033-12-31,Regulado,VCHC,VCH,Vchc,10.895421224594354,315.0,0.0,False,CURVA,2023-01-11,10,1.0
CP-CQTC2023-003,2024-01-17,2024-01-03,2034-01-01,2034-12-31,Regulado,VCHC,VCH,Vchc,11.14018110193001,310.0,0.0,False,CURVA,2023-01-11,11,1.0
CP-CQTC2023-003,2024-01-17,2024-01-03,2035-01-01,2035-12-31,Regulado,VCHC,VCH,Vchc,13.667450192023068,305.0,0.0,False,CURVA,2023-01-11,12,1.0
CP-CQTC2023-003,2024-01-17,2024-01-03,2036-01-01,2036-12-31,Regulado,VCHC,VCH,Vchc,13.949,300.0,0.0,False,CURVA,2023-01-11,13,1.0
CP-CQTC2023-003,2024-01-17,2024-01-03,2037-01-01,2037-12-31,Regulado,VCHC,VCH,Vchc,13.159385291054491,295.0,0.0,False,CURVA,2023-01-11,14,1.0
CP-CQTC2023-003,2024-01-17,2024-01-03,2038-01-01,2038-12-31,Regulado,VCHC,VCH,Vchc,10.622425647025393,290.0,0.0,False,CURVA,2023-01-11,15,1.0
CP-CQTC2023-003,2024-01-17,2024-01-03,2039-01-01,2039-12-31,Regulado,VCHC,VCH,Vchc,12.168,285.0,0.0,False,CURVA,2023-01-11,16,1.0
CP-CQTC2023-003,2024-01-17,2024-01-03,2040-01-01,2040-12-31,Regulado,VCHC,VCH,Vchc,11.533,280.0,0.0,False,CURVA,2023-01-11,17,1.0
CP-CQTC2023-003,2024-01-17,2024-01-03,2041-01-01,2041-12-31,Regulado,VCHC,VCH,Vchc,12.928365999552724,275.0,0.0,False,CURVA,2023-01-11,18,1.0
CP-CSIC2025-001,2025-04-22,2025-04-07,2026-01-01,2026-12-31,Regulado,EPSG,EPS,Celsia,49.95,394.85999999999996,0.0,False,CURVA,2025-01-02,1,1.0
CP-CSIC2025-001,2025-04-22,2025-04-07,2026-01-01,2029-12-31,Regulado,GECG,GEC,Gecelca,1402.56,357.5,100.0,True,CURVA,2025-01-02,1,1.0
CP-CSIC2025-002,2025-05-29,2025-05-16,2026-01-01,2040-12-31,Regulado,CTCG,CTC,Ctcg,11105.988,445.1,0.0,False,CURVA,2025-04-01,2,2.0
CP-CSIC2025-002,2025-05-29,2025-05-16,2026-01-01,2040-12-31,Regulado,EMUG,EMU,Urrá,173.983,345.76733333333334,0.0,False,CURVA,2025-04-01,3,3.0
CP-CSSC2022-003,2022-09-08,2022-08-26,2023-01-01,2034-12-31,Regulado,HIMG,HIM,Gensa,13731.798999999999,255.0,0.0,False,CURVA,2022-01-06,1,1.0
CP-CSSC2023-004,2024-02-14,2024-02-01,2024-01-03,2024-12-31,Regulado,CSSG,CSS,Cssg,827.8545346399999,689.84,100.0,True,CURVA,2023-01-11,1,1.0
CP-CSSC2024-001,2024-03-20,2024-03-07,2025-01-01,2025-12-31,Regulado,EPMG,EPM,Epm,76.17999999999999,365.0,0.0,False,PLANO,2024-01-01,2,1.0
CP-CSSC2024-001,2024-03-20,2024-03-07,2025-01-01,2025-12-31,Regulado,NTCG,NTC,Nitroenergy,87.60000000000001,376.59,100.0,True,PLANO,2024-01-01,2,1.0
CP-CSSC2024-001,2024-03-20,2024-03-07,2025-01-01,2037-12-31,Regulado,NTCG,NTC,Nitroenergy,766.5,324.16615384615386,0.0,False,PLANO,2024-01-01,9,1.0
CP-CSSC2024-001,2024-03-20,2024-03-07,2024-01-04,2037-12-31,Regulado,NTCG,NTC,Nitroenergy,4565.580000000001,307.6363636363636,100.0,True,PLANO,2024-01-01,11,1.0
CP-CSSC2024-001,2024-03-20,2024-03-07,2024-01-04,2024-12-31,Regulado,SPRG,SPR,Esprod,10.0,346.0,100.0,True,PLANO,2024-01-01,1,1.0
CP-CSSC2024-002,2024-05-03,2024-04-19,2024-01-06,2024-12-31,Regulado,CSSG,CSS,Cssg,81.68,374.27,100.0,True,PLANO,2024-01-02,1,1.0
CP-CSSC2024-002,2024-05-03,2024-04-19,2025-01-01,2025-12-31,Regulado,TPLC,TPL,Terpel Energía,87.60000000000001,390.0,0.0,False,PLANO,2024-01-02,2,1.0
CP-CSSC2024-003,2024-05-28,2024-05-15,2024-01-07,2024-12-31,Regulado,NESC,NES,Nova Energy,3.0,375.0,0.0,False,PLANO,2024-01-02,1,1.0
CP-CSSC2024-003,2024-05-28,2024-05-15,2024-01-07,2024-12-31,Regulado,NESC,NES,Nova Energy,3.0,365.0,0.0,False,PLANO,2024-01-02,1,2.0
CP-CSSC2024-003,2024-05-28,2024-05-15,2024-01-07,2024-12-31,Regulado,NESC,NES,Nova Energy,3.0,359.5,0.0,False,PLANO,2024-01-02,1,3.0
CP-CSSC2024-003,2024-05-28,2024-05-15,2024-01-07,2024-12-31,Regulado,NESC,NES,Nova Energy,3.0,355.5,0.0,False,PLANO,2024-01-02,1,4.0
CP-CSSC2024-004,2024-07-05,2024-06-21,2024-01-07,2024-12-31,Regulado,EYCG,EYC,Eycg,60.588,370.0,0.0,False,PLANO,2024-04-01,1,1.0
CP-CSSC2024-004,2024-07-05,2024-06-21,2025-01-01,2025-12-31,Regulado,EYCG,EYC,Eycg,60.54,408.0,0.0,False,PLANO,2024-04-01,2,1.0
CP-CSSC2024-004,2024-07-05,2024-06-21,2026-01-01,2026-12-31,Regulado,EYCG,EYC,Eycg,84.0,373.0,0.0,False,PLANO,2024-04-01,3,1.0
CP-CSSC2024-004,2024-07-05,2024-06-21,2027-01-01,2027-12-31,Regulado,EYCG,EYC,Eycg,84.0,370.0,0.0,False,PLANO,2024-04-01,4,1.0
CP-CSSC2024-004,2024-07-05,2024-06-21,2028-01-01,2028-12-31,Regulado,EYCG,EYC,Eycg,84.0,354.0,0.0,False,PLANO,2024-04-01,5,1.0
CP-CSSC2024-004,2024-07-05,2024-06-21,2029-01-01,2029-12-31,Regulado,EYCG,EYC,Eycg,84.0,350.0,0.0,False,PLANO,2024-04-01,6,1.0
CP-CSSC2024-004,2024-07-05,2024-06-21,2025-01-01,2038-12-31,Regulado,EYCG,EYC,Eycg,419.4,336.0769230769231,0.0,False,PLANO,2024-04-01,13,1.0
CP-CSSC2024-004,2024-07-05,2024-06-21,2024-01-07,2024-12-31,Regulado,NESC,NES,Nova Energy,5.0,315.0,0.0,False,PLANO,2024-04-01,1,1.0
CP-CSSC2024-004,2024-07-05,2024-06-21,2025-01-01,2025-12-31,Regulado,SPRG,SPR,Esprod,17.25,356.0,100.0,True,PLANO,2024-04-01,2,1.0
CP-CSSC2024-005,2024-08-12,2024-07-29,2024-01-08,2024-12-31,Regulado,EYCG,EYC,Eycg,33.82,349.5,0.0,False,PLANO,2024-01-06,1,1.0
CP-CSSC2024-005,2024-08-12,2024-07-29,2024-01-08,2024-12-31,Regulado,NESC,NES,Nova Energy,3.2199999999999998,300.0,100.0,True,PLANO,2024-01-06,1,1.0
CP-CSSC2024-005,2024-08-12,2024-07-29,2024-01-08,2024-12-31,Regulado,PRYC,PRY,Proenergy,7.78,309.98,100.0,True,PLANO,2024-01-06,1,1.0
CP-CSSC2024-005,2024-08-12,2024-07-29,2024-01-08,2024-12-31,Regulado,SCEC,SCE,Sol & Cielo,4.67,345.0,0.0,False,PLANO,2024-01-06,1,1.0
CP-CSSC2024-005,2024-08-12,2024-07-29,2024-01-08,2024-12-31,Regulado,SCEC,SCE,Sol & Cielo,0.9099999999999999,359.0,0.0,False,PLANO,2024-01-06,1,2.0
CP-CSSC2024-005,2024-08-12,2024-07-29,2025-01-01,2025-12-31,Regulado,SPRG,SPR,Esprod,22.51,361.0,100.0,True,PLANO,2024-01-06,2,1.0
CP-EBPC2023-003,2023-08-18,2023-08-09,2025-01-01,2025-12-31,Regulado,SPRG,SPR,Esprod,38.5,360.5,100.0,True,CURVA,2023-01-02,2,1.0
CP-EBPC2023-003,2023-08-18,2023-08-09,2026-01-01,2026-12-31,Regulado,SPRG,SPR,Esprod,45.255416865,339.8,100.0,True,CURVA,2023-01-02,3,1.0
CP-EBPC2023-003,2023-08-18,2023-08-09,2027-01-01,2027-12-31,Regulado,SPRG,SPR,Esprod,47.368485715,336.2,100.0,True,CURVA,2023-01-02,4,1.0
CP-EBPC2023-003,2023-08-18,2023-08-09,2027-01-01,2027-12-31,Regulado,SPRG,SPR,Esprod,50.043132655,333.3,100.0,True,CURVA,2023-01-02,5,1.0
CP-EBPC2023-004,2023-09-22,2023-09-12,2024-01-01,2024-12-31,Regulado,BIGC,BIG,Bioger,25.201350720000015,480.0,100.0,True,CURVA,2023-01-02,3,1.0
CP-EBPC2023-004,2023-09-22,2023-09-12,2025-01-01,2025-12-31,Regulado,BIGC,BIG,Bioger,12.436405521599996,418.8,44.44444444444444,True,CURVA,2023-01-02,4,1.0
CP-EBPC2023-004,2023-09-22,2023-09-12,2024-01-01,2024-12-31,Regulado,EYCC,EYC,Eycc,32.78575722240002,494.8,100.0,True,CURVA,2023-01-02,3,1.0
CP-EBPC2023-004,2023-09-22,2023-09-12,2026-01-01,2026-12-31,Regulado,EYCC,EYC,Eycc,33.670558799999995,378.8,0.0,False,CURVA,2023-01-02,5,1.0
CP-EBPC2023-004,2023-09-22,2023-09-12,2027-01-01,2027-12-31,Regulado,EYCC,EYC,Eycc,26.595958867199997,339.0,0.0,False,CURVA,2023-01-02,6,1.0
CP-EBPC2023-004,2023-09-22,2023-09-12,2028-01-01,2028-12-31,Regulado,EYCC,EYC,Eycc,13.396477824000003,339.0,0.0,False,CURVA,2023-01-02,7,1.0
CP-EBPC2023-004,2023-09-22,2023-09-12,2025-01-01,2025-12-31,Regulado,NTCG,NTC,Nitroenergy,6.342677251199999,399.0,100.0,True,CURVA,2023-01-02,4,1.0
CP-EBPC2023-004,2023-09-22,2023-09-12,2026-01-01,2026-12-31,Regulado,NTCG,NTC,Nitroenergy,44.891591840000004,341.98,100.0,True,CURVA,2023-01-02,5,1.0
CP-EBPC2023-004,2023-09-22,2023-09-12,2027-01-01,2027-12-31,Regulado,NTCG,NTC,Nitroenergy,46.65957696,336.98,100.0,True,CURVA,2023-01-02,6,1.0
CP-EBPC2023-004,2023-09-22,2023-09-12,2028-01-01,2028-12-31,Regulado,NTCG,NTC,Nitroenergy,48.61486608000001,336.98,100.0,True,CURVA,2023-01-02,7,1.0
CP-EBPC2023-004,2023-09-22,2023-09-12,2025-01-01,2025-12-31,Regulado,SPRG,SPR,Esprod,8.48527944,413.3,62.0,True,CURVA,2023-01-02,4,1.0
CP-EBPC2024-002,2024-08-20,2024-08-09,2029-01-01,2033-12-31,Regulado,DUCC,DUC,Ducc,126.78305981,329.45,0.0,False,CURVA,2024-01-05,1,1.0
CP-EBPC2024-002,2024-08-20,2024-08-09,2029-01-01,2033-12-31,Regulado,EPMG,EPM,Epm,126.78305981,300.75399999999996,100.0,True,CURVA,2024-01-05,1,1.0
CP-EBPC2024-003,2024-10-30,2024-10-22,2029-01-01,2029-12-31,Regulado,EPMG,EPM,Epm,23.889731265,314.51,100.0,True,CURVA,2024-01-05,1,1.0
CP-EBPC2024-003,2024-10-30,2024-10-22,2030-01-01,2030-12-31,Regulado,EPMG,EPM,Epm,24.51030966,313.31,100.0,True,CURVA,2024-01-05,2,1.0
CP-EBPC2024-003,2024-10-30,2024-10-22,2031-01-01,2031-12-31,Regulado,EPMG,EPM,Epm,25.49738356,303.65,100.0,True,CURVA,2024-01-05,3,1.0
CP-EBPC2024-003,2024-10-30,2024-10-22,2032-01-01,2032-12-31,Regulado,EPMG,EPM,Epm,26.07761713,303.65,100.0,True,CURVA,2024-01-05,4,1.0
CP-EBPC2024-003,2024-10-30,2024-10-22,2033-01-01,2033-12-31,Regulado,EPMG,EPM,Epm,26.808018195,303.65,100.0,True,CURVA,2024-01-05,5,1.0
CP-EBPC2025-002,2025-07-24,2025-07-11,2029-01-01,2033-12-31,Regulado,NTCG,NTC,Nitroenergy,126.27535999999999,385.4,0.0,False,CURVA,2025-06-01,1,1.0
CP-EBPC2025-002,2025-07-24,2025-07-11,2029-01-01,2033-12-31,Regulado,SCEC,SCE,Sol & Cielo,252.49492139,450.0,0.0,False,CURVA,2025-06-01,1,1.0
CP-EBPC2025-003,2025-10-20,2025-10-07,2029-01-01,2033-12-31,Regulado,DUCC,DUC,Ducc,252.60389981,450.0,0.0,False,CURVA,2025-04-01,1,1.0
CP-EBPC2025-004,2025-11-27,2025-11-14,2029-01-01,2033-12-31,Regulado,BEIC,BEI,Beic,252.6033,419.42,0.0,False,CURVA,2025-04-01,1,1.0
CP-EBPC2025-004,2025-11-27,2025-11-14,2029-01-01,2033-12-31,Regulado,EYCG,EYC,Eycg,252.6033,365.7,100.0,True,CURVA,2025-04-01,1,1.0
CP-EBPC2026-001,2026-03-03,2026-02-19,2029-01-01,2033-12-31,Regulado,EPTC,EPT,Eptc,79.6056,358.4,100.0,True,CURVA,2025-10-01,1,1.0
CP-EBSC2024-001,2024-03-21,2024-03-11,2025-01-01,2035-12-31,Regulado,EPMG,EPM,Epm,836.3829999999999,296.07575757575756,0.0,False,PLANO,2023-01-12,2,1.0
CP-EBSC2024-001,2024-03-21,2024-03-11,2026-01-01,2035-12-31,Regulado,EPMG,EPM,Epm,748.921,295.564,100.0,True,PLANO,2023-01-12,4,1.0
CP-EBSC2024-001,2024-03-21,2024-03-11,2025-01-01,2035-12-31,Regulado,GASC,GAS,Generarco,1231.848,308.09090909090907,0.0,False,PLANO,2023-01-12,2,1.0
CP-EBSC2024-001,2024-03-21,2024-03-11,2025-01-01,2035-12-31,Regulado,ISGG,ISG,Isagen,591.624,303.24454545454546,0.0,False,PLANO,2023-01-12,2,1.0
CP-EBSC2024-001,2024-03-21,2024-03-11,2025-01-01,2035-12-31,Regulado,NESC,NES,Nova Energy,404.5420105451668,308.8181818181818,0.0,False,PLANO,2023-01-12,3,1.0
CP-EBSC2024-002,2024-05-20,2024-05-06,2025-01-01,2035-12-31,Regulado,ENDG,END,Enel,1122.573,307.21299999999997,0.0,False,CURVA,2024-01-02,4,1.0
CP-EBSC2024-002,2024-05-20,2024-05-06,2025-01-01,2035-12-31,Regulado,EPMG,EPM,Epm,567.42,304.54,0.0,False,PLANO,2024-01-02,2,1.0
CP-EBSC2024-002,2024-05-20,2024-05-06,2025-01-01,2035-12-31,Regulado,EPMG,EPM,Epm,1122.573,305.173,0.0,False,CURVA,2024-01-02,4,1.0
CP-EBSC2024-002,2024-05-20,2024-05-06,2025-01-01,2039-12-31,Regulado,EPTC,EPT,Eptc,733.875732522087,309.0,0.0,False,PLANO,2024-01-02,3,1.0
CP-EBSC2024-002,2024-05-20,2024-05-06,2025-01-01,2035-12-31,Regulado,GASC,GAS,Generarco,1114.614,304.38,0.0,False,PLANO,2024-01-02,2,1.0
CP-EBSC2024-003,2024-07-02,2024-06-18,2026-01-01,2035-12-31,Regulado,ENDG,END,Enel,1121.99999994,308.421,100.0,True,PLANO,2024-01-04,4,1.0
CP-EBSC2024-003,2024-07-02,2024-06-18,2025-01-01,2035-12-31,Regulado,EPMG,EPM,Epm,571.92,304.9627272727273,0.0,False,PLANO,2024-01-04,2,1.0
CP-EBSC2024-003,2024-07-02,2024-06-18,2026-01-01,2035-12-31,Regulado,EPMG,EPM,Epm,1121.99999994,305.782,100.0,True,PLANO,2024-01-04,4,1.0
CP-EBSC2024-003,2024-07-02,2024-06-18,2025-01-01,2039-12-31,Regulado,EPTC,EPT,Eptc,366.9378662610435,331.70666666666665,0.0,False,CURVA,2024-01-04,3,1.0
CP-EBSC2024-003,2024-07-02,2024-06-18,2025-01-01,2039-12-31,Regulado,ISGG,ISG,Isagen,733.875732522087,291.64,0.0,False,CURVA,2024-01-04,3,1.0
CP-EBSC2024-003,2024-07-02,2024-06-18,2025-01-01,2035-12-31,Regulado,SPRG,SPR,Esprod,624.600000012,318.7990909090909,0.0,False,PLANO,2024-01-04,2,1.0
CP-EBSC2024-004,2024-09-19,2024-09-06,2025-01-01,2025-12-31,Regulado,NTCG,NTC,Nitroenergy,174.67513543711408,367.99,0.0,False,CURVA,2024-07-01,1,1.0
CP-EBSC2024-004,2024-09-19,2024-09-06,2025-01-01,2025-12-31,Regulado,NTCG,NTC,Nitroenergy,122.64,367.99,0.0,False,CURVA,2024-07-01,2,1.0
CP-EBSC2024-004,2024-09-19,2024-09-06,2025-01-01,2039-12-31,Regulado,NTCG,NTC,Nitroenergy,659.9823628041709,305.32266666666663,100.0,True,CURVA,2024-07-01,3,1.0
CP-EBSC2024-006,2025-02-07,2025-01-27,2025-01-01,2030-12-31,Regulado,IAEC,IAE,Ia Energía,18.919999999999998,405.88235294117646,0.0,False,CURVA,2024-01-11,1,1.0
CP-EBSC2025-001,2025-04-11,2025-03-31,2025-01-01,2026-12-31,Regulado,BTGC,BTG,Btg,29.520000000000003,338.75,85.85375,True,CURVA,2025-01-01,1,1.0
CP-EBSC2025-001,2025-04-11,2025-03-31,2025-01-01,2026-12-31,Regulado,BTGC,BTG,Btg,29.520000000000003,351.25,37.5,True,CURVA,2025-01-01,1,2.0
CP-EBSC2025-001,2025-04-11,2025-03-31,2025-01-01,2026-12-31,Regulado,BTGC,BTG,Btg,29.520000000000003,363.75,12.5,True,CURVA,2025-01-01,1,3.0
CP-EBSC2025-001,2025-04-11,2025-03-31,2025-01-01,2026-12-31,Regulado,BTGC,BTG,Btg,29.520000000000003,374.375,0.0,False,CURVA,2025-01-01,1,4.0
CP-EBSC2025-001,2025-04-11,2025-03-31,2027-01-01,2030-12-31,Regulado,BTGC,BTG,Btg,560.91,339.75,0.0,False,CURVA,2025-01-01,2,1.0
CP-EBSC2025-001,2025-04-11,2025-03-31,2026-01-01,2026-12-31,Regulado,CEOG,CEO,Ceog,36.305,378.73,75.0,True,CURVA,2025-01-01,1,1.0
CP-EBSC2025-001,2025-04-11,2025-03-31,2025-01-01,2026-12-31,Regulado,CHVG,CHV,Aes,50.208000000000006,359.42857142857144,14.285714285714286,True,CURVA,2025-01-01,1,1.0
CP-EBSC2025-001,2025-04-11,2025-03-31,2025-01-01,2026-12-31,Regulado,ENDG,END,Enel,126.98,347.33,48.93,True,CURVA,2025-01-01,1,1.0
CP-EBSC2025-002,2025-09-11,2025-08-29,2026-01-01,2026-12-31,Regulado,BTGC,BTG,Btg,92.101,425.0,0.0,False,CURVA,2025-06-01,1,1.0
CP-EBSC2025-002,2025-09-11,2025-08-29,2026-01-01,2026-12-31,Regulado,BTGC,BTG,Btg,49.097,449.8333333333333,0.0,False,CURVA,2025-06-01,1,2.0
CP-EBSC2025-002,2025-09-11,2025-08-29,2026-01-01,2026-12-31,Regulado,BTGC,BTG,Btg,23.335,466.6666666666667,0.0,False,CURVA,2025-06-01,1,3.0
CP-EBSC2025-002,2025-09-11,2025-08-29,2026-01-01,2026-12-31,Regulado,CEOG,CEO,Ceog,9.334,365.97,0.0,False,CURVA,2025-06-01,1,1.0
CP-EBSC2025-002,2025-09-11,2025-08-29,2026-01-01,2026-12-31,Regulado,CHVG,CHV,Aes,23.907,362.0,0.0,False,CURVA,2025-06-01,1,1.0
CP-EBSC2025-002,2025-09-11,2025-08-29,2026-01-01,2026-12-31,Regulado,DEPG,DEP,Depi,21.828,409.93,0.0,False,CURVA,2025-06-01,1,1.0
CP-EBSC2025-002,2025-09-11,2025-08-29,2026-01-01,2026-12-31,Regulado,ENDG,END,Enel,75.76299999999999,358.29,100.0,True,CURVA,2025-06-01,1,1.0
CP-EBSC2025-002,2025-09-11,2025-08-29,2026-01-01,2026-12-31,Regulado,GASC,GAS,Generarco,33.024,384.38,0.0,False,CURVA,2025-06-01,1,1.0
CP-EBSC2025-002,2025-09-11,2025-08-29,2026-01-01,2026-12-31,Regulado,ISGG,ISG,Isagen,59.555,372.45,0.0,False,CURVA,2025-06-01,1,1.0
CP-EBSC2025-002,2025-09-11,2025-08-29,2027-01-01,2028-12-31,Regulado,ISGG,ISG,Isagen,105.19200000000001,372.73,0.0,False,CURVA,2025-06-01,2,1.0
CP-EBSC2025-002,2025-09-11,2025-08-29,2026-01-01,2026-12-31,Regulado,NTCG,NTC,Nitroenergy,43.349000000000004,373.7,0.0,False,CURVA,2025-06-01,1,1.0
CP-EBSC2026-001,2026-04-23,2026-04-10,2026-10-01,2027-12-31,Regulado,CHVG,CHV,Aes,29.991,370.0,50.0,True,CURVA,2026-02-01,1,1.0
CP-EBSC2026-001,2026-04-23,2026-04-10,2026-10-01,2027-12-31,Regulado,CHVG,CHV,Aes,29.991,380.0,0.0,False,CURVA,2026-02-01,1,2.0
CP-EBSC2026-001,2026-04-23,2026-04-10,2028-01-01,2031-12-31,Regulado,CHVG,CHV,Aes,16.29,345.0,10.0,True,PLANO,2026-02-01,2,1.0
CP-EBSC2026-001,2026-04-23,2026-04-10,2026-10-01,2027-12-31,Regulado,SPRG,SPR,Esprod,14.005,394.9,0.0,False,CURVA,2026-02-01,1,1.0
CP-EBSC2026-001,2026-04-23,2026-04-10,2026-10-01,2027-12-31,Regulado,SPRG,SPR,Esprod,14.005,399.0,0.0,False,CURVA,2026-02-01,1,2.0
CP-EBSC2026-001,2026-04-23,2026-04-10,2026-10-01,2027-12-31,Regulado,SPRG,SPR,Esprod,14.005,402.7,0.0,False,CURVA,2026-02-01,1,3.0
CP-EBSC2026-001,2026-04-23,2026-04-10,2028-01-01,2031-12-31,Regulado,SPRG,SPR,Esprod,3.766,387.3,0.0,False,PLANO,2026-02-01,2,1.0
CP-EBSC2026-001,2026-04-23,2026-04-10,2028-01-01,2031-12-31,Regulado,SPRG,SPR,Esprod,3.766,389.0,0.0,False,PLANO,2026-02-01,2,2.0
CP-EBSC2026-001,2026-04-23,2026-04-10,2028-01-01,2031-12-31,Regulado,SPRG,SPR,Esprod,3.766,392.49,0.0,False,PLANO,2026-02-01,2,3.0
CP-EBSC2026-001,2026-04-23,2026-04-10,2028-01-01,2031-12-31,Regulado,SPRG,SPR,Esprod,3.766,394.99,0.0,False,PLANO,2026-02-01,2,4.0
CP-EDPC2022-004,2022-12-28,2022-12-19,2024-01-01,2024-12-31,Regulado,ENDG,END,Enel,43.92,309.99,0.0,False,PLANA,2022-01-11,3,1.0
CP-EDPC2022-004,2022-12-28,2022-12-19,2025-01-01,2025-12-31,Regulado,ENDG,END,Enel,43.800000000000004,290.22,100.0,True,PLANA,2022-01-11,4,1.0
CP-EDPC2022-004,2022-12-28,2022-12-19,2024-01-01,2024-12-31,Regulado,NESC,NES,Nova Energy,10.98,308.2,0.0,False,PLANA,2022-01-11,3,1.0
CP-EDPC2022-004,2022-12-28,2022-12-19,2024-01-01,2024-12-31,Regulado,NESC,NES,Nova Energy,39.3,309.5,0.0,False,CURVA,2022-01-11,6,1.0
CP-EDPC2022-004,2022-12-28,2022-12-19,2025-01-01,2025-12-31,Regulado,NESC,NES,Nova Energy,36.81,300.0,0.0,False,CURVA,2022-01-11,7,1.0
CP-EDPC2022-004,2022-12-28,2022-12-19,2024-01-01,2024-12-31,Regulado,SPRG,SPR,Esprod,25.68,302.3,100.0,True,PLANA,2022-01-11,3,1.0
CP-EDPC2022-004,2022-12-28,2022-12-19,2024-01-01,2024-12-31,Regulado,SPRG,SPR,Esprod,22.704,304.9,0.0,False,CURVA,2022-01-11,6,1.0
CP-EDPC2023-001,2023-05-25,2023-05-12,2026-01-01,2027-12-31,Regulado,ENDG,END,Enel,116.268,291.06,0.0,False,PLANA,2023-01-03,3,1.0
CP-EDPC2023-001,2023-05-25,2023-05-12,2026-01-01,2027-12-31,Regulado,ISGG,ISG,Isagen,108.336,285.0,100.0,True,PLANA,2023-01-03,3,1.0
CP-EDPC2023-001,2023-05-25,2023-05-12,2024-01-01,2024-12-31,Regulado,SPRG,SPR,Esprod,11.379439999999999,353.3999999999999,100.0,True,CURVA,2023-01-03,5,1.0
CP-EDPC2023-001,2023-05-25,2023-05-12,2025-01-01,2025-12-31,Regulado,SPRG,SPR,Esprod,19.192894000000003,329.4,0.0,False,CURVA,2023-01-03,6,1.0
CP-EDPC2024-001,2024-04-19,2024-04-09,2026-01-01,2033-12-31,Regulado,EPMG,EPM,Epm,474.336,298.4375,0.0,False,PLANO,2024-01-02,1,1.0
CP-EDPC2024-001,2024-04-19,2024-04-09,2026-01-01,2033-12-31,Regulado,ISGG,ISG,Isagen,621.5712,305.94625,0.0,False,PLANO,2024-01-02,1,1.0
CP-EDPC2024-001,2024-04-19,2024-04-09,2026-01-01,2033-12-31,Regulado,ZONC,ZON,Zonc,535.824,314.55,100.0,True,PLANO,2024-01-02,1,1.0
CP-EDPC2025-001,2025-07-08,2025-06-26,2025-08-01,2033-12-31,Regulado,AMPC,AMP,Ampc,2.5,325.0,60.0,True,CURVA,2025-04-01,1,1.0
CP-EDPC2025-001,2025-07-08,2025-06-26,2025-08-01,2033-12-31,Regulado,AMPC,AMP,Ampc,5.699999999999999,407.0,0.0,False,CURVA,2025-04-01,1,2.0
CP-EDPC2025-001,2025-07-08,2025-06-26,2025-08-01,2033-12-31,Regulado,AMPC,AMP,Ampc,5.699999999999999,400.0,0.0,False,CURVA,2025-04-01,1,3.0
CP-EDPC2025-001,2025-07-08,2025-06-26,2025-08-01,2033-12-31,Regulado,AMPC,AMP,Ampc,42.9,360.0,100.0,True,CURVA,2025-04-01,1,4.0
CP-EDPC2025-001,2025-07-08,2025-06-26,2025-08-01,2033-12-31,Regulado,BTGC,BTG,Btg,10.4,365.0,0.0,False,CURVA,2025-04-01,1,1.0
CP-EDPC2025-001,2025-07-08,2025-06-26,2025-08-01,2033-12-31,Regulado,EPTC,EPT,Eptc,12.15,352.64916666666664,83.33333333333333,True,CURVA,2025-04-01,1,1.0
CP-EDPC2025-001,2025-07-08,2025-06-26,2025-08-01,2033-12-31,Regulado,EPTC,EPT,Eptc,7.700000000000001,369.45,100.0,True,CURVA,2025-04-01,1,2.0
CP-EDPC2025-001,2025-07-08,2025-06-26,2025-08-01,2033-12-31,Regulado,EPTC,EPT,Eptc,8.4,367.98,100.0,True,CURVA,2025-04-01,1,3.0
CP-EDPC2025-001,2025-07-08,2025-06-26,2025-08-01,2033-12-31,Regulado,EXIG,EXI,Exig,10.213000000000001,330.0,13.8,True,CURVA,2025-04-01,1,1.0
CP-EDPC2025-001,2025-07-08,2025-06-26,2025-08-01,2033-12-31,Regulado,EXIG,EXI,Exig,17.4,401.0,0.0,False,CURVA,2025-04-01,1,2.0
CP-EDPC2025-001,2025-07-08,2025-06-26,2025-08-01,2033-12-31,Regulado,EXIG,EXI,Exig,17.2,379.8999999999999,0.0,False,CURVA,2025-04-01,1,3.0
CP-EDPC2025-001,2025-07-08,2025-06-26,2025-08-01,2033-12-31,Regulado,EXIG,EXI,Exig,17.5,369.8999999999999,95.0,True,CURVA,2025-04-01,1,4.0
CP-EDPC2025-001,2025-07-08,2025-06-26,2025-08-01,2033-12-31,Regulado,GECG,GEC,Gecelca,34.61,360.0,0.0,False,CURVA,2025-04-01,1,2.0
CP-EDPC2025-001,2025-07-08,2025-06-26,2025-08-01,2033-12-31,Regulado,GECG,GEC,Gecelca,34.61,355.0,0.0,False,CURVA,2025-04-01,1,3.0
CP-EDPC2025-001,2025-07-08,2025-06-26,2025-08-01,2033-12-31,Regulado,PRYC,PRY,Proenergy,4.013,295.0,100.0,True,CURVA,2025-04-01,1,1.0
CP-EDPC2025-001,2025-07-08,2025-06-26,2026-01-01,2035-12-31,Regulado,SCEC,SCE,Sol & Cielo,171.95,345.0,0.0,False,CURVA,2025-04-01,3,1.0
CP-EDPC2025-001,2025-07-08,2025-06-26,2025-08-01,2033-12-31,Regulado,SFEG,SFE,Santa Fe,19.7,393.0,0.0,False,CURVA,2025-04-01,1,1.0
CP-EDPC2025-001,2025-07-08,2025-06-26,2025-08-01,2033-12-31,Regulado,SFEG,SFE,Santa Fe,19.599999999999998,393.0,0.0,False,CURVA,2025-04-01,1,2.0
CP-EDPC2025-001,2025-07-08,2025-06-26,2027-01-01,2035-12-31,Regulado,SFEG,SFE,Santa Fe,165.86999999999995,341.1111111111111,0.0,False,CURVA,2025-04-01,3,3.0
CP-EDPC2025-002,2025-12-04,2025-11-21,2026-01-01,2028-12-31,Regulado,GECG,GEC,Gecelca,82.7832,356.5,0.0,False,PLANO,2025-09-01,1,1.0
CP-EDPC2026-001,2026-05-04,2026-04-20,2026-06-01,2026-12-31,Regulado,ISGG,ISG,Isagen,8.64,320.1,100.0,True,PLANO,2026-03-01,1,1.0
CP-EDPC2026-001,2026-05-04,2026-04-20,2026-06-01,2026-12-31,Regulado,SFEG,SFE,Santa Fe,2.07,390.0,0.0,False,PLANO,2026-03-01,1,1.0
CP-EDQC2022-002,2022-11-17,2022-11-02,2023-01-01,2034-12-31,Regulado,ISGG,ISG,Isagen,33.452037,70.375,19.5,True,PLANO,2022-01-09,1,1.0
CP-EDQC2023-001,2023-06-22,2023-06-07,2027-01-01,2027-12-31,Regulado,ENDG,END,Enel,32.4990635,302.33,0.0,False,CURVA,2023-01-03,6,1.0
CP-EDQC2023-001,2023-06-22,2023-06-07,2028-01-01,2028-12-31,Regulado,ENDG,END,Enel,93.778897,285.31,0.0,False,CURVA,2023-01-03,7,1.0
CP-EDQC2023-001,2023-06-22,2023-06-07,2028-01-01,2028-12-31,Regulado,EPSG,EPS,Celsia,93.778897,278.36,0.0,False,CURVA,2023-01-03,7,1.0
CP-EDQC2023-001,2023-06-22,2023-06-07,2028-01-01,2028-12-31,Regulado,ISGG,ISG,Isagen,93.778897,272.55,100.0,True,CURVA,2023-01-03,7,1.0
CP-EDQC2023-001,2023-06-22,2023-06-07,2027-01-01,2027-12-31,Regulado,SPRG,SPR,Esprod,50.048557790000004,293.4,100.0,True,CURVA,2023-01-03,6,1.0
CP-EDQC2023-001,2023-06-22,2023-06-07,2028-01-01,2028-12-31,Regulado,SPRG,SPR,Esprod,46.8894485,275.9,0.0,False,CURVA,2023-01-03,7,1.0
CP-EDQC2023-002,2023-10-27,2023-10-13,2025-01-01,2025-12-31,Regulado,CNRC,CNR,Coenersa,68.328,350.0,100.0,True,PLANA,2023-01-06,3,1.0
CP-EDQC2023-002,2023-10-27,2023-10-13,2026-01-01,2026-12-31,Regulado,CNRC,CNR,Coenersa,70.08,323.0,0.0,False,PLANA,2023-01-06,4,1.0
CP-EDQC2023-002,2023-10-27,2023-10-13,2027-01-01,2027-12-31,Regulado,CNRC,CNR,Coenersa,70.062570675,313.0,0.0,False,PLANA,2023-01-06,5,1.0
CP-EDQC2023-002,2023-10-27,2023-10-13,2027-01-01,2027-12-31,Regulado,ENDG,END,Enel,30.134439,314.09,0.0,False,PLANA,2023-01-06,5,1.0
CP-EDQC2023-002,2023-10-27,2023-10-13,2025-01-01,2025-12-31,Regulado,TRMG,TRM,Termotasajero,29.959200000000003,393.03,1.22,True,PLANA,2023-01-06,3,1.0
CP-EDQC2023-002,2023-10-27,2023-10-13,2026-01-01,2026-12-31,Regulado,TRMG,TRM,Termotasajero,29.959200000000003,383.16,0.0,False,PLANA,2023-01-06,4,1.0
CP-EDQC2023-002,2023-10-27,2023-10-13,2027-01-01,2027-12-31,Regulado,TRMG,TRM,Termotasajero,14.983512725,363.41,0.0,False,PLANA,2023-01-06,5,1.0
CP-EDQC2024-001,2024-03-14,2024-03-01,2026-01-01,2026-12-31,Regulado,NTCG,NTC,Nitroenergy,34.45016208,334.96,0.0,False,CURVA,2023-01-12,2,1.0
CP-EDQC2024-001,2024-03-14,2024-03-01,2026-01-01,2026-12-31,Regulado,NTCG,NTC,Nitroenergy,34.45016208,348.91,0.0,False,CURVA,2023-01-12,2,2.0
CP-EDQC2024-001,2024-03-14,2024-03-01,2027-01-01,2027-12-31,Regulado,NTCG,NTC,Nitroenergy,33.41863302,314.92,0.0,False,CURVA,2023-01-12,3,1.0
CP-EDQC2024-001,2024-03-14,2024-03-01,2027-01-01,2027-12-31,Regulado,NTCG,NTC,Nitroenergy,33.41863302,322.89,0.0,False,CURVA,2023-01-12,3,2.0
CP-EDQC2024-001,2024-03-14,2024-03-01,2028-01-01,2030-12-31,Regulado,NTCG,NTC,Nitroenergy,171.260832919,319.52666666666664,0.0,False,CURVA,2023-01-12,4,1.0
CP-EDQC2024-001,2024-03-14,2024-03-01,2027-01-01,2027-12-31,Regulado,RTAC,RTA,Spectrum,23.996706,305.0,100.0,True,PLANO,2023-01-12,3,1.0
CP-EDQC2024-001,2024-03-14,2024-03-01,2027-01-01,2027-12-31,Regulado,RTAC,RTA,Spectrum,23.996706,294.0,100.0,True,PLANO,2023-01-12,3,2.0
CP-EDQC2024-001,2024-03-14,2024-03-01,2026-01-01,2026-12-31,Regulado,TRMG,TRM,Termotasajero,39.99999829,337.98,0.0,False,PLANO,2023-01-12,2,1.0
CP-EDQC2024-001,2024-03-14,2024-03-01,2026-01-01,2026-12-31,Regulado,TRMG,TRM,Termotasajero,39.99999829,347.98,0.0,False,PLANO,2023-01-12,2,2.0
CP-EDQC2024-001,2024-03-14,2024-03-01,2027-01-01,2027-12-31,Regulado,TRMG,TRM,Termotasajero,39.9999996,322.96,0.0,False,PLANO,2023-01-12,3,1.0
CP-EDQC2024-001,2024-03-14,2024-03-01,2027-01-01,2027-12-31,Regulado,TRMG,TRM,Termotasajero,39.9999996,329.96,0.0,False,PLANO,2023-01-12,3,2.0
CP-EDQC2024-001,2024-03-14,2024-03-01,2028-01-01,2030-12-31,Regulado,TRMG,TRM,Termotasajero,60.00631488,309.84,0.0,False,CURVA,2023-01-12,4,1.0
CP-EDQC2024-001,2024-03-14,2024-03-01,2028-01-01,2030-12-31,Regulado,TRMG,TRM,Termotasajero,60.00631488,319.84,0.0,False,CURVA,2023-01-12,4,2.0
CP-EDQC2024-001,2024-03-14,2024-03-01,2026-01-01,2026-12-31,Regulado,ZONC,ZON,Zonc,24.53138308,337.75,0.0,False,PLANO,2023-01-12,2,1.0
CP-EDQC2024-001,2024-03-14,2024-03-01,2026-01-01,2026-12-31,Regulado,ZONC,ZON,Zonc,2.88520066,370.5,0.0,False,PLANO,2023-01-12,2,2.0
CP-EDQC2024-001,2024-03-14,2024-03-01,2027-01-01,2027-12-31,Regulado,ZONC,ZON,Zonc,13.927962,331.49,0.0,False,PLANO,2023-01-12,3,1.0
CP-EDQC2024-001,2024-03-14,2024-03-01,2027-01-01,2027-12-31,Regulado,ZONC,ZON,Zonc,33.41863302,366.28,0.0,False,PLANO,2023-01-12,3,2.0
CP-EDQC2024-001,2024-03-14,2024-03-01,2028-01-01,2030-12-31,Regulado,ZONC,ZON,Zonc,50.1771554895,303.8,0.0,False,CURVA,2023-01-12,4,1.0
CP-EDQC2024-001,2024-03-14,2024-03-01,2028-01-01,2030-12-31,Regulado,ZONC,ZON,Zonc,16.720509615,338.8,0.0,False,CURVA,2023-01-12,4,2.0
CP-EDQC2024-002,2024-06-26,2024-06-13,2024-01-09,2039-12-31,Regulado,SPRG,SPR,Esprod,31.53115,341.7096774193548,0.0,False,PLANO,2024-01-03,1,1.0
CP-EDQC2024-003,2024-09-18,2024-09-05,2028-01-01,2028-12-31,Regulado,ENDG,END,Enel,168.442598,306.01,93.8,True,PLANO,2024-01-05,4,1.0
CP-EDQC2024-003,2024-09-18,2024-09-05,2029-01-01,2029-12-31,Regulado,ENDG,END,Enel,144.91612899999998,302.59,22.55,True,PLANO,2024-01-05,5,1.0
CP-EDQC2024-003,2024-09-18,2024-09-05,2030-01-01,2030-12-31,Regulado,ENDG,END,Enel,94.758591,296.5,95.68,True,PLANO,2024-01-05,6,1.0
CP-EDQC2024-003,2024-09-18,2024-09-05,2031-01-01,2031-12-31,Regulado,ENDG,END,Enel,43.849687,293.22,0.0,False,PLANO,2024-01-05,7,1.0
CP-EDQC2024-003,2024-09-18,2024-09-05,2032-01-01,2032-12-31,Regulado,ENDG,END,Enel,46.530654999999996,290.74,92.46999999999998,True,PLANO,2024-01-05,8,1.0
CP-EDQC2024-003,2024-09-18,2024-09-05,2026-01-01,2026-12-31,Regulado,EPMG,EPM,Epm,13.097248,322.95,100.0,True,CURVA,2024-01-05,2,1.0
CP-EDQC2024-003,2024-09-18,2024-09-05,2027-01-01,2027-12-31,Regulado,EPMG,EPM,Epm,5.912674,317.89,100.0,True,CURVA,2024-01-05,3,1.0
CP-EDQC2024-003,2024-09-18,2024-09-05,2028-01-01,2028-12-31,Regulado,EPMG,EPM,Epm,7.731515,308.06,100.0,True,CURVA,2024-01-05,4,1.0
CP-EDQC2024-003,2024-09-18,2024-09-05,2029-01-01,2029-12-31,Regulado,EPMG,EPM,Epm,54.27109,304.04,100.0,True,CURVA,2024-01-05,5,1.0
CP-EDQC2024-003,2024-09-18,2024-09-05,2030-01-01,2030-12-31,Regulado,EPMG,EPM,Epm,56.2487,303.07,6.8,True,CURVA,2024-01-05,6,1.0
CP-EDQC2024-003,2024-09-18,2024-09-05,2031-01-01,2031-12-31,Regulado,EPMG,EPM,Epm,43.849687,298.2,100.0,True,CURVA,2024-01-05,7,1.0
CP-EDQC2024-003,2024-09-18,2024-09-05,2032-01-01,2032-12-31,Regulado,EPMG,EPM,Epm,46.530654999999996,298.2,7.28,True,CURVA,2024-01-05,8,1.0
CP-EDQC2024-003,2024-09-18,2024-09-05,2029-01-01,2029-12-31,Regulado,EPSG,EPS,Celsia,44.083486,327.0,0.0,False,CURVA,2024-01-05,5,1.0
CP-EDQC2024-003,2024-09-18,2024-09-05,2030-01-01,2030-12-31,Regulado,EPSG,EPS,Celsia,47.379298999999996,327.0,0.0,False,CURVA,2024-01-05,6,1.0
CP-EDQC2024-003,2024-09-18,2024-09-05,2031-01-01,2031-12-31,Regulado,EPSG,EPS,Celsia,43.849687,327.0,0.0,False,CURVA,2024-01-05,7,1.0
CP-EDQC2024-003,2024-09-18,2024-09-05,2032-01-01,2032-12-31,Regulado,EPSG,EPS,Celsia,46.530654999999996,327.0,0.0,False,CURVA,2024-01-05,8,1.0
CP-EDQC2024-003,2024-09-18,2024-09-05,2026-01-01,2026-12-31,Regulado,EPTC,EPT,Eptc,7.686178,430.0,0.0,False,CURVA,2024-01-05,2,1.0
CP-EDQC2024-003,2024-09-18,2024-09-05,2027-01-01,2028-12-31,Regulado,EPTC,EPT,Eptc,3.5027690000000002,430.0,0.0,False,CURVA,2024-01-05,3,1.0
CP-EDQC2024-003,2024-09-18,2024-09-05,2028-01-01,2028-12-31,Regulado,EPTC,EPT,Eptc,8.422129,400.0,0.0,False,PLANO,2024-01-05,4,1.0
CP-EDQC2024-003,2024-09-18,2024-09-05,2029-01-01,2029-12-31,Regulado,EPTC,EPT,Eptc,7.245808,400.0,0.0,False,PLANO,2024-01-05,5,1.0
CP-EDQC2024-003,2024-09-18,2024-09-05,2030-01-01,2030-12-31,Regulado,EPTC,EPT,Eptc,4.737929,400.0,0.0,False,PLANO,2024-01-05,6,1.0
CP-EDQC2024-003,2024-09-18,2024-09-05,2031-01-01,2031-12-31,Regulado,EPTC,EPT,Eptc,2.192486,400.0,0.0,False,PLANO,2024-01-05,7,1.0
CP-EDQC2024-003,2024-09-18,2024-09-05,2032-01-01,2032-12-31,Regulado,EPTC,EPT,Eptc,2.326532,400.0,0.0,False,PLANO,2024-01-05,8,1.0
CP-EDQC2024-003,2024-09-18,2024-09-05,2029-01-01,2029-12-31,Regulado,ISGG,ISG,Isagen,57.966404000000004,297.65,100.0,True,PLANO,2024-01-05,5,1.0
CP-EDQC2024-003,2024-09-18,2024-09-05,2030-01-01,2030-12-31,Regulado,ISGG,ISG,Isagen,56.855117,297.65,0.0,False,PLANO,2024-01-05,6,1.0
CP-EDQC2024-003,2024-09-18,2024-09-05,2031-01-01,2031-12-31,Regulado,ISGG,ISG,Isagen,41.657216,297.65,0.0,False,PLANO,2024-01-05,7,1.0
CP-EDQC2024-003,2024-09-18,2024-09-05,2032-01-01,2032-12-31,Regulado,ISGG,ISG,Isagen,43.040892,297.65,0.0,False,PLANO,2024-01-05,8,1.0
CP-EDQC2024-003,2024-09-18,2024-09-05,2025-01-01,2025-12-31,Regulado,NTCG,NTC,Nitroenergy,17.387501,364.49,100.0,True,CURVA,2024-01-05,1,1.0
CP-EDQC2024-003,2024-09-18,2024-09-05,2026-01-01,2026-12-31,Regulado,TRMG,TRM,Termotasajero,34.4,398.98,25.88,True,PLANO,2024-01-05,2,1.0
CP-EDQC2024-003,2024-09-18,2024-09-05,2026-01-01,2026-12-31,Regulado,TRMG,TRM,Termotasajero,34.4,414.98,0.0,False,PLANO,2024-01-05,2,2.0
CP-EDQC2024-003,2024-09-18,2024-09-05,2027-01-01,2027-12-31,Regulado,TRMG,TRM,Termotasajero,21.499996,391.98,14.88,True,PLANO,2024-01-05,3,1.0
CP-EDQC2024-003,2024-09-18,2024-09-05,2027-01-01,2027-12-31,Regulado,TRMG,TRM,Termotasajero,21.499996,401.98,0.0,False,PLANO,2024-01-05,3,2.0
CP-EDQC2024-003,2024-09-18,2024-09-05,2028-01-01,2028-12-31,Regulado,TRMG,TRM,Termotasajero,34.399998,381.98,9.0,True,PLANO,2024-01-05,4,1.0
CP-EDQC2024-003,2024-09-18,2024-09-05,2028-01-01,2028-12-31,Regulado,TRMG,TRM,Termotasajero,34.399998,391.98,0.0,False,PLANO,2024-01-05,4,2.0
CP-EDQC2024-003,2024-09-18,2024-09-05,2029-01-01,2029-12-31,Regulado,TRMG,TRM,Termotasajero,30.099999,368.98,0.0,False,PLANO,2024-01-05,5,1.0
CP-EDQC2024-003,2024-09-18,2024-09-05,2029-01-01,2029-12-31,Regulado,TRMG,TRM,Termotasajero,30.099999,378.98,0.0,False,PLANO,2024-01-05,5,2.0
CP-EDQC2024-003,2024-09-18,2024-09-05,2030-01-01,2030-12-31,Regulado,TRMG,TRM,Termotasajero,17.200002,359.98,0.0,False,PLANO,2024-01-05,6,1.0
CP-EDQC2024-003,2024-09-18,2024-09-05,2030-01-01,2030-12-31,Regulado,TRMG,TRM,Termotasajero,17.200002,369.98,0.0,False,PLANO,2024-01-05,6,2.0
CP-EDQC2024-004,2024-12-20,2024-12-09,2025-01-01,2025-12-31,Regulado,CHVG,CHV,Aes,53.06,331.04,100.0,True,CURVA,2024-01-10,1,1.0
CP-EDQC2024-004,2024-12-20,2024-12-09,2026-01-01,2026-12-31,Regulado,CHVG,CHV,Aes,30.11,323.76,100.0,True,CURVA,2024-01-10,2,1.0
CP-EDQC2025-001,2025-04-10,2025-03-28,2026-01-01,2026-12-31,Regulado,BTGC,BTG,Btg,8.784,385.0,100.0,True,CURVA,2025-01-01,1,1.0
CP-EDQC2025-001,2025-04-10,2025-03-28,2028-01-01,2028-12-31,Regulado,BTGC,BTG,Btg,6.689531000000001,342.0,100.0,True,CURVA,2025-01-01,3,1.0
CP-EDQC2025-001,2025-04-10,2025-03-28,2029-01-01,2029-12-31,Regulado,BTGC,BTG,Btg,17.575347999999998,380.0,0.0,False,CURVA,2025-01-01,4,1.0
CP-EDQC2025-001,2025-04-10,2025-03-28,2030-01-01,2030-12-31,Regulado,BTGC,BTG,Btg,17.597028,375.0,0.0,False,CURVA,2025-01-01,5,1.0
CP-EDQC2025-001,2025-04-10,2025-03-28,2031-01-01,2031-12-31,Regulado,BTGC,BTG,Btg,8.765452999999999,370.0,0.0,False,CURVA,2025-01-01,6,1.0
CP-EDQC2025-001,2025-04-10,2025-03-28,2032-01-01,2032-12-31,Regulado,BTGC,BTG,Btg,8.778415,365.0,0.0,False,CURVA,2025-01-01,7,1.0
CP-EDQC2025-001,2025-04-10,2025-03-28,2033-01-01,2033-12-31,Regulado,BTGC,BTG,Btg,17.557498,360.0,0.0,False,CURVA,2025-01-01,8,1.0
CP-EDQC2025-001,2025-04-10,2025-03-28,2029-01-01,2029-12-31,Regulado,ENDG,END,Enel,77.424447,320.45,100.0,True,CURVA,2025-01-01,4,2.0
CP-EDQC2025-001,2025-04-10,2025-03-28,2030-01-01,2030-12-31,Regulado,ENDG,END,Enel,78.209011,318.42,100.0,True,CURVA,2025-01-01,5,2.0
CP-EDQC2025-001,2025-04-10,2025-03-28,2031-01-01,2031-12-31,Regulado,ENDG,END,Enel,25.774864,317.38,100.0,True,CURVA,2025-01-01,6,2.0
CP-EDQC2025-001,2025-04-10,2025-03-28,2032-01-01,2032-12-31,Regulado,ENDG,END,Enel,25.371144,316.38,100.0,True,CURVA,2025-01-01,7,2.0
CP-EDQC2025-001,2025-04-10,2025-03-28,2033-01-01,2033-12-31,Regulado,ENDG,END,Enel,81.662791,314.88,100.0,True,CURVA,2025-01-01,8,2.0
CP-EDQC2025-002,2025-04-28,2025-04-11,2025-01-01,2035-12-31,Regulado,LMEC,LME,Lúmina,173.38464,383.9047619047619,0.0,False,CURVA,2025-01-01,1,1.0
CP-EDQC2025-002,2025-04-28,2025-04-11,2025-01-01,2035-12-31,Regulado,SFEG,SFE,Santa Fe,225.798857,360.1333333333334,0.0,False,PLANO,2025-01-01,1,1.0
CP-EDQC2025-003,2025-08-12,2025-07-29,2025-10-01,2035-12-31,Regulado,DLRG,DLR,Dlrg,37.4358,360.0,0.0,False,PLANO,2025-05-01,1,1.0
CP-EDQC2025-003,2025-08-12,2025-07-29,2025-10-01,2035-12-31,Regulado,EPSG,EPS,Celsia,225.79919999999998,379.1463414634146,0.0,False,PLANO,2025-05-01,1,1.0
CP-EDQC2025-004,2025-09-02,2025-08-20,2026-01-01,2026-01-31,Regulado,BTGC,BTG,Btg,10.6,430.0,0.0,False,PLANA,2025-05-01,1,1.0
CP-EDQC2025-004,2025-09-02,2025-08-20,2026-02-01,,Regulado,BTGC,BTG,Btg,9.1,430.0,0.0,False,PLANA,2025-05-01,2,1.0
CP-EDQC2025-004,2025-09-02,2025-08-20,2026-03-01,2026-03-31,Regulado,BTGC,BTG,Btg,9.9,430.0,0.0,False,PLANA,2025-05-01,3,1.0
CP-EDQC2025-005,2025-10-01,2025-09-18,2026-01-01,2026-01-31,Regulado,BTGC,BTG,Btg,10.580848,410.0,35.42,True,PLANA,2025-05-01,1,1.0
CP-EDQC2025-005,2025-10-01,2025-09-18,2026-02-01,,Regulado,BTGC,BTG,Btg,9.113012,410.0,68.11,True,PLANA,2025-05-01,2,1.0
CP-EDQC2025-005,2025-10-01,2025-09-18,2026-03-01,2026-03-31,Regulado,BTGC,BTG,Btg,9.947146,410.0,62.3,True,PLANA,2025-05-01,3,1.0
CP-EDQC2025-005,2025-10-01,2025-09-18,2026-11-01,2026-11-30,Regulado,CMXG,CMX,Cemex Energy,5.0,409.98,100.0,True,PLANA,2025-05-01,4,1.0
CP-EDQC2025-005,2025-10-01,2025-09-18,2026-12-01,2026-12-31,Regulado,CMXG,CMX,Cemex Energy,5.299996,409.98,100.0,True,PLANA,2025-05-01,5,1.0
CP-EDQC2025-005,2025-10-01,2025-09-18,2026-01-01,2026-01-31,Regulado,ENDG,END,Enel,8.703806,410.0,35.42,True,PLANA,2025-05-01,1,1.0
CP-EDQC2025-005,2025-10-01,2025-09-18,2026-02-01,,Regulado,ENDG,END,Enel,4.267624,410.0,68.11,True,PLANA,2025-05-01,2,1.0
CP-EDQC2025-005,2025-10-01,2025-09-18,2026-11-01,2026-11-30,Regulado,ENDG,END,Enel,9.542981,410.0,50.56,True,PLANA,2025-05-01,4,1.0
CP-EDQC2025-005,2025-10-01,2025-09-18,2026-12-01,2026-12-31,Regulado,ENDG,END,Enel,2.566683,410.0,100.0,True,PLANA,2025-05-01,5,1.0
CP-EDQC2025-005,2025-10-01,2025-09-18,2026-01-01,2026-01-31,Regulado,EPMG,EPM,Epm,3.750911,400.38,100.0,True,CURVA,2025-05-01,1,1.0
CP-EDQC2025-005,2025-10-01,2025-09-18,2026-03-01,2026-03-31,Regulado,EPMG,EPM,Epm,3.750073,400.38,100.0,True,CURVA,2025-05-01,3,1.0
CP-EDQC2025-005,2025-10-01,2025-09-18,2027-01-01,2027-12-31,Regulado,EPMG,EPM,Epm,4.99,376.35999999999996,100.0,True,PLANA,2025-05-01,6,1.0
CP-EDQC2025-005,2025-10-01,2025-09-18,2027-01-01,2027-12-31,Regulado,TERG,TER,Termotasajero Dos,2.4000000000000004,383.64000000000004,0.0,False,PLANA,2025-05-01,6,1.0
CP-EDQC2025-005,2025-10-01,2025-09-18,2028-01-01,2028-12-31,Regulado,TERG,TER,Termotasajero Dos,3.4799999999999995,377.52,69.21,True,PLANA,2025-05-01,7,1.0
CP-EDQC2025-006,2026-01-28,2026-01-15,2026-04-01,2041-12-31,Regulado,BTGC,BTG,Btg,378.0,340.0825396825397,0.0,False,CURVA,2025-10-01,1,1.0
CP-EDQC2025-006,2026-01-28,2026-01-15,2026-04-01,2041-12-31,Regulado,CNRC,CNR,Coenersa,378.0,328.8911111111111,98.5,True,CURVA,2025-10-01,1,1.0
CP-EDQC2025-006,2026-01-28,2026-01-15,2026-04-01,2041-12-31,Regulado,EPTC,EPT,Eptc,189.0,326.67301587301586,0.0,False,CURVA,2025-10-01,1,1.0
CP-EDQC2025-006,2026-01-28,2026-01-15,2026-04-01,2041-12-31,Regulado,EPTC,EPT,Eptc,189.0,344.6165079365079,0.0,False,CURVA,2025-10-01,1,2.0
CP-EDQC2025-006,2026-01-28,2026-01-15,2026-04-01,2041-12-31,Regulado,ISGG,ISG,Isagen,378.0,341.7546031746032,0.0,False,CURVA,2025-10-01,1,1.0
CP-EDQC2025-006,2026-01-28,2026-01-15,2026-04-01,2041-12-31,Regulado,LMEC,LME,Lúmina,378.0,333.984126984127,0.0,False,CURVA,2025-10-01,1,1.0
CP-EDQC2025-006,2026-01-28,2026-01-15,2026-04-01,2041-12-31,Regulado,UNGG,UNG,Ungg,378.0,339.8095238095238,0.0,False,CURVA,2025-10-01,1,1.0
CP-EDQC2026-001,2026-04-27,2026-04-14,2030-01-01,2030-12-31,Regulado,EPMG,EPM,Epm,33.589926,361.58,100.0,True,PLANA,2026-01-01,4,1.0
CP-EDQC2026-001,2026-04-27,2026-04-14,2031-01-01,2031-12-31,Regulado,EPMG,EPM,Epm,16.266994,349.39000000000004,100.0,True,PLANA,2026-01-01,5,1.0
CP-EDQC2026-001,2026-04-27,2026-04-14,2032-01-01,2032-12-31,Regulado,EPMG,EPM,Epm,16.030134,337.03,100.0,True,PLANA,2026-01-01,6,1.0
CP-EDQC2026-001,2026-04-27,2026-04-14,2028-01-01,2028-12-31,Regulado,EPTC,EPT,Eptc,11.82,400.0,100.0,True,PLANA,2026-01-01,2,1.0
CP-EDQC2026-001,2026-04-27,2026-04-14,2029-01-01,2029-12-31,Regulado,EPTC,EPT,Eptc,11.77344,390.0,100.0,True,PLANA,2026-01-01,3,1.0
CP-EDQC2026-001,2026-04-27,2026-04-14,2030-01-01,2030-12-31,Regulado,EPTC,EPT,Eptc,11.77344,380.0,0.0,False,PLANA,2026-01-01,4,1.0
CP-EDQC2026-001,2026-04-27,2026-04-14,2031-01-01,2031-12-31,Regulado,EPTC,EPT,Eptc,11.77344,370.0,100.0,True,PLANA,2026-01-01,5,1.0
CP-EDQC2026-001,2026-04-27,2026-04-14,2032-01-01,2032-12-31,Regulado,EPTC,EPT,Eptc,11.805696000000001,360.0,100.0,True,PLANA,2026-01-01,6,1.0
CP-EDQC2026-001,2026-04-27,2026-04-14,2028-01-01,2028-12-31,Regulado,IAEC,IAE,Ia Energía,14.52,396.0,100.0,True,PLANA,2026-01-01,2,1.0
CP-EDQC2026-001,2026-04-27,2026-04-14,2031-01-01,2031-12-31,Regulado,IAEC,IAE,Ia Energía,16.644,353.0,100.0,True,PLANA,2026-01-01,5,1.0
CP-EDQC2026-001,2026-04-27,2026-04-14,2032-01-01,2032-12-31,Regulado,IAEC,IAE,Ia Energía,16.6896,345.0,100.0,True,PLANA,2026-01-01,6,1.0
CP-EEPC2022-002,2022-10-21,2022-10-07,2023-01-01,2037-12-31,Regulado,NTCG,NTC,Nitroenergy,414.212,249.39866666666668,100.0,True,CURVA,2022-01-07,3,1.0
CP-EEPC2022-002,2022-10-21,2022-10-07,2023-01-01,2037-12-31,Regulado,SPRG,SPR,Esprod,202.202,253.86666666666667,0.0,False,CURVA,2022-01-07,3,1.0
CP-EEPC2022-003,2022-12-21,2022-12-07,2023-01-01,2023-12-31,Regulado,SPRG,SPR,Esprod,2.3840000000000003,314.63,100.0,True,CURVA,2022-01-10,1,1.0
CP-EEPC2022-003,2022-12-21,2022-12-07,2023-01-01,2023-12-31,Regulado,SPRG,SPR,Esprod,2.3840000000000003,311.49,100.0,True,PLANO,2022-01-10,2,1.0
CP-EEPC2023-002,2023-05-31,2023-05-17,2023-01-06,2023-12-31,Regulado,EGRC,EGR,Egrc,7.2,378.5,100.0,True,CURVA,2023-01-02,1,1.0
CP-EEPC2023-002,2023-05-31,2023-05-17,2024-01-01,2024-12-31,Regulado,EGRC,EGR,Egrc,12.7,344.24,100.0,True,CURVA,2023-01-02,2,1.0
CP-EEPC2023-002,2023-05-31,2023-05-17,2025-01-01,2030-12-31,Regulado,NTCG,NTC,Nitroenergy,195.61,283.34666666666664,100.0,True,CURVA,2023-01-02,3,1.0
CP-EEPC2023-003,2023-08-11,2023-07-28,2024-01-01,2024-12-31,Regulado,EGRC,EGR,Egrc,6.9239999999999995,369.0,100.0,True,CURVA,2023-01-05,2,1.0
CP-EEPC2023-003,2023-08-11,2023-07-28,2025-01-01,2025-12-31,Regulado,EGRC,EGR,Egrc,21.34278982,314.5,100.0,True,CURVA,2023-01-05,3,1.0
CP-EEPC2023-004,2023-10-20,2023-10-06,2025-01-08,2025-12-31,Regulado,NTCG,NTC,Nitroenergy,32.393008538865004,457.98,0.0,False,CURVA,2023-01-08,3,1.0
CP-EEPC2023-004,2023-10-20,2023-10-06,2024-01-01,2037-12-31,Regulado,NTCG,NTC,Nitroenergy,436.5864,318.04999999999995,100.0,True,PLANA,2023-01-08,4,1.0
CP-EEPC2023-005,2023-12-20,2023-12-06,2027-01-01,2027-12-31,Regulado,ENDG,END,Enel,64.91059247,325.62,0.0,False,CURVA,2023-01-09,4,1.0
CP-EEPC2023-005,2023-12-20,2023-12-06,2024-01-01,2024-12-31,Regulado,NTCG,NTC,Nitroenergy,7.728991990000001,609.98,0.0,False,CURVA,2023-01-09,1,1.0
CP-EEPC2023-005,2023-12-20,2023-12-06,2025-01-01,2025-12-31,Regulado,NTCG,NTC,Nitroenergy,32.393008538865004,379.95,100.0,True,CURVA,2023-01-09,2,1.0
CP-EEPC2023-005,2023-12-20,2023-12-06,2025-01-01,2025-12-31,Regulado,SPRG,SPR,Esprod,22.5,383.7,100.0,True,CURVA,2023-01-09,2,1.0
CP-EEPC2023-005,2023-12-20,2023-12-06,2026-01-01,2026-12-31,Regulado,SPRG,SPR,Esprod,10.19,323.9,100.0,True,CURVA,2023-01-09,3,1.0
CP-EEPC2023-005,2023-12-20,2023-12-06,2026-01-01,2026-12-31,Regulado,VCHC,VCH,Vchc,12.9,340.0,0.0,False,CURVA,2023-01-09,3,1.0
CP-EEPC2023-005,2023-12-20,2023-12-06,2027-01-01,2027-12-31,Regulado,VCHC,VCH,Vchc,12.9,330.0,0.0,False,CURVA,2023-01-09,4,1.0
CP-EEPC2024-002,2024-03-08,2024-02-27,2026-01-01,2026-12-31,Regulado,ENDG,END,Enel,66.67319776,375.3500000000001,0.0,False,CURVA,2024-01-01,3,1.0
CP-EEPC2024-002,2024-03-08,2024-02-27,2027-01-01,2027-12-31,Regulado,ENDG,END,Enel,64.91059247,324.84,0.0,False,CURVA,2024-01-01,4,1.0
CP-EEPC2024-002,2024-03-08,2024-02-27,2026-01-01,2026-12-31,Regulado,EPMG,EPM,Epm,66.67319776,318.83,100.0,True,CURVA,2024-01-01,3,1.0
CP-EEPC2024-002,2024-03-08,2024-02-27,2027-01-01,2027-12-31,Regulado,EPMG,EPM,Epm,64.91059247,315.79,100.0,True,CURVA,2024-01-01,4,1.0
CP-EEPC2024-002,2024-03-08,2024-02-27,2024-01-04,2024-12-31,Regulado,NTCG,NTC,Nitroenergy,3.87,435.0,0.0,False,CURVA,2024-01-01,1,1.0
CP-EEPC2024-002,2024-03-08,2024-02-27,2024-01-02,2024-04-30,Regulado,NTCG,NTC,Nitroenergy,9.632687368118,387.96,100.0,True,CURVA,2024-01-01,2,1.0
CP-EEPC2024-002,2024-03-08,2024-02-27,2026-01-01,2026-12-31,Regulado,NTCG,NTC,Nitroenergy,66.67319776,334.96,0.0,False,CURVA,2024-01-01,3,1.0
CP-EEPC2024-002,2024-03-08,2024-02-27,2027-01-01,2027-12-31,Regulado,NTCG,NTC,Nitroenergy,64.91059247,319.96,0.0,False,CURVA,2024-01-01,4,1.0
CP-EEPC2024-002,2024-03-08,2024-02-27,2026-01-01,2026-12-31,Regulado,TRMG,TRM,Termotasajero,25.0,340.7,0.0,False,CURVA,2024-01-01,3,1.0
CP-EEPC2024-002,2024-03-08,2024-02-27,2026-01-01,2026-12-31,Regulado,TRMG,TRM,Termotasajero,25.0,344.7,0.0,False,CURVA,2024-01-01,3,2.0
CP-EEPC2024-002,2024-03-08,2024-02-27,2027-01-01,2027-12-31,Regulado,TRMG,TRM,Termotasajero,24.999,331.9,0.0,False,CURVA,2024-01-01,4,1.0
CP-EEPC2024-002,2024-03-08,2024-02-27,2027-01-01,2027-12-31,Regulado,TRMG,TRM,Termotasajero,24.999,321.9,0.0,False,CURVA,2024-01-01,4,2.0
CP-EEPC2024-003,2024-05-06,2024-04-22,2024-01-12,2024-12-31,Regulado,EPMG,EPM,Epm,7.729,346.16,0.0,False,CURVA,2024-01-02,1,1.0
CP-EEPC2024-003,2024-05-06,2024-04-22,2024-01-12,2024-12-31,Regulado,ISGG,ISG,Isagen,7.729,335.09,100.0,True,CURVA,2024-01-02,1,1.0
CP-EEPC2024-003,2024-05-06,2024-04-22,2024-01-12,2024-12-31,Regulado,VCHC,VCH,Vchc,7.729,490.0,0.0,False,CURVA,2024-01-02,1,1.0
CP-EEPC2024-004,2024-08-27,2024-08-13,2028-01-01,2028-12-31,Regulado,ENDG,END,Enel,52.70400000000001,304.22,50.0,True,PLANA,2024-01-06,4,1.0
CP-EEPC2024-004,2024-08-27,2024-08-13,2029-01-01,2029-12-31,Regulado,ENDG,END,Enel,65.7,300.54,0.0,False,PLANA,2024-01-06,5,1.0
CP-EEPC2024-004,2024-08-27,2024-08-13,2030-01-01,2030-12-31,Regulado,ENDG,END,Enel,65.7,297.43,50.0,True,PLANA,2024-01-06,6,1.0
CP-EEPC2024-004,2024-08-27,2024-08-13,2031-01-01,2031-12-31,Regulado,ENDG,END,Enel,65.7,295.33,50.0,True,PLANA,2024-01-06,7,1.0
CP-EEPC2024-004,2024-08-27,2024-08-13,2032-01-01,2032-12-31,Regulado,ENDG,END,Enel,65.88,292.83,50.0,True,PLANA,2024-01-06,8,1.0
CP-EEPC2024-004,2024-08-27,2024-08-13,2033-01-01,2033-12-31,Regulado,ENDG,END,Enel,65.7,289.73,50.0,True,PLANA,2024-01-06,9,1.0
CP-EEPC2024-004,2024-08-27,2024-08-13,2034-01-01,2034-12-31,Regulado,ENDG,END,Enel,65.7,288.7,50.0,True,PLANA,2024-01-06,10,1.0
CP-EEPC2024-004,2024-08-27,2024-08-13,2035-01-01,2035-12-31,Regulado,ENDG,END,Enel,65.7,286.45,50.0,True,PLANA,2024-01-06,11,1.0
CP-EEPC2024-004,2024-08-27,2024-08-13,2036-01-01,2036-12-31,Regulado,ENDG,END,Enel,65.88,285.59,50.0,True,PLANA,2024-01-06,12,1.0
CP-EEPC2024-004,2024-08-27,2024-08-13,2037-01-01,2037-12-31,Regulado,ENDG,END,Enel,65.7,283.52,50.0,True,PLANA,2024-01-06,13,1.0
CP-EEPC2024-004,2024-08-27,2024-08-13,2028-01-01,2028-12-31,Regulado,ISGG,ISG,Isagen,52.70400000000001,304.45,0.0,False,PLANA,2024-01-06,4,1.0
CP-EEPC2024-004,2024-08-27,2024-08-13,2029-01-01,2029-12-31,Regulado,ISGG,ISG,Isagen,65.7,300.29,50.0,True,PLANA,2024-01-06,5,1.0
CP-EEPC2024-004,2024-08-27,2024-08-13,2030-01-01,2030-12-31,Regulado,ISGG,ISG,Isagen,65.7,298.28,0.0,False,PLANA,2024-01-06,6,1.0
CP-EEPC2024-004,2024-08-27,2024-08-13,2031-01-01,2031-12-31,Regulado,ISGG,ISG,Isagen,65.7,295.68,0.0,False,PLANA,2024-01-06,7,1.0
CP-EEPC2024-004,2024-08-27,2024-08-13,2032-01-01,2032-12-31,Regulado,ISGG,ISG,Isagen,65.88,295.68,0.0,False,PLANA,2024-01-06,8,1.0
CP-EEPC2024-004,2024-08-27,2024-08-13,2033-01-01,2033-12-31,Regulado,ISGG,ISG,Isagen,65.7,295.68,0.0,False,PLANA,2024-01-06,9,1.0
CP-EEPC2024-004,2024-08-27,2024-08-13,2034-01-01,2034-12-31,Regulado,ISGG,ISG,Isagen,65.7,295.68,0.0,False,PLANA,2024-01-06,10,1.0
CP-EEPC2024-004,2024-08-27,2024-08-13,2035-01-01,2035-12-31,Regulado,ISGG,ISG,Isagen,65.7,295.68,0.0,False,PLANA,2024-01-06,11,1.0
CP-EEPC2024-004,2024-08-27,2024-08-13,2036-01-01,2036-12-31,Regulado,ISGG,ISG,Isagen,65.88,295.68,0.0,False,PLANA,2024-01-06,12,1.0
CP-EEPC2024-004,2024-08-27,2024-08-13,2037-01-01,2037-12-31,Regulado,ISGG,ISG,Isagen,65.7,295.68,0.0,False,PLANA,2024-01-06,13,1.0
CP-EEPC2024-005,2024-10-30,2024-10-17,2029-01-01,2029-12-31,Regulado,ISGG,ISG,Isagen,32.85,297.43,100.0,True,PLANO,2024-01-08,5,1.0
CP-EEPC2024-005,2024-10-30,2024-10-17,2030-01-01,2030-12-31,Regulado,ISGG,ISG,Isagen,32.85,297.43,100.0,True,PLANO,2024-01-08,6,1.0
CP-EEPC2024-005,2024-10-30,2024-10-17,2031-01-01,2031-12-31,Regulado,ISGG,ISG,Isagen,32.85,297.43,100.0,True,PLANO,2024-01-08,7,1.0
CP-EEPC2024-005,2024-10-30,2024-10-17,2032-01-01,2032-12-31,Regulado,ISGG,ISG,Isagen,32.94,297.43,0.0,False,PLANO,2024-01-08,8,1.0
CP-EEPC2024-005,2024-10-30,2024-10-17,2033-01-01,2033-12-31,Regulado,ISGG,ISG,Isagen,32.85,297.43,0.0,False,PLANO,2024-01-08,9,1.0
CP-EEPC2024-005,2024-10-30,2024-10-17,2034-01-01,2034-12-31,Regulado,ISGG,ISG,Isagen,32.85,297.43,0.0,False,PLANO,2024-01-08,10,1.0
CP-EEPC2024-005,2024-10-30,2024-10-17,2035-01-01,2035-12-31,Regulado,ISGG,ISG,Isagen,32.85,297.43,0.0,False,PLANO,2024-01-08,11,1.0
CP-EEPC2024-005,2024-10-30,2024-10-17,2036-01-01,2036-12-31,Regulado,ISGG,ISG,Isagen,32.94,297.43,0.0,False,PLANO,2024-01-08,12,1.0
CP-EEPC2024-005,2024-10-30,2024-10-17,2037-01-01,2037-12-31,Regulado,ISGG,ISG,Isagen,32.85,297.43,0.0,False,PLANO,2024-01-08,13,1.0
CP-EEPC2024-006,2025-02-03,2025-01-21,2026-01-01,2026-12-31,Regulado,TRMC,TRM,Termotasajero,13.505,439.0,0.0,False,CURVA,2024-01-08,2,1.0
CP-EEPC2024-006,2025-02-03,2025-01-21,2026-01-01,2026-12-31,Regulado,TRMC,TRM,Termotasajero,13.505,435.0,0.0,False,CURVA,2024-01-08,2,2.0
CP-EEPC2024-006,2025-02-03,2025-01-21,2027-01-01,2027-12-31,Regulado,TRMC,TRM,Termotasajero,13.505,455.0,0.0,False,CURVA,2024-01-08,3,1.0
CP-EEPC2024-006,2025-02-03,2025-01-21,2027-01-01,2027-12-31,Regulado,TRMC,TRM,Termotasajero,13.505,441.0,0.0,False,CURVA,2024-01-08,3,2.0
CP-EEPC2025-001,2025-03-03,2025-02-18,2026-01-01,2026-12-31,Regulado,DUCC,DUC,Ducc,13.505,450.0,0.0,False,CURVA,2024-01-12,2,1.0
CP-EEPC2025-001,2025-03-03,2025-02-18,2026-01-01,2037-12-31,Regulado,EPMC,EPM,Epm,554.53,326.125,100.0,True,CURVA,2024-01-12,1,1.0
CP-EEPC2025-001,2025-03-03,2025-02-18,2027-01-01,2027-12-31,Regulado,EPMC,EPM,Epm,12.350999999999999,400.0,0.0,False,CURVA,2024-01-12,3,1.0
CP-EEPC2025-003,2025-05-16,2025-05-05,2026-01-01,2026-12-31,Regulado,AMRC,AMR,Americana,13.2,410.0,0.0,False,NONE,2025-02-01,2,1.0
CP-EEPC2025-003,2025-05-16,2025-05-05,2026-01-01,2026-12-31,Regulado,DUCG,DUC,Ducg,4.436,412.0,0.0,False,NONE,2025-02-01,2,1.0
CP-EEPC2025-003,2025-05-16,2025-05-05,2027-01-01,2027-12-31,Regulado,DUCG,DUC,Ducg,19.83,385.0,0.0,False,NONE,2025-02-01,3,1.0
CP-EEPC2025-004,2025-06-17,2025-06-04,2026-01-01,2026-12-31,Regulado,DUCG,DUC,Ducg,4.3,412.0,0.0,False,CURVA,2025-04-01,1,1.0
CP-EEPC2025-004,2025-06-17,2025-06-04,2027-01-01,2027-12-31,Regulado,DUCG,DUC,Ducg,19.7,379.0,31.45,True,CURVA,2025-04-01,2,1.0
CP-EEPC2025-004,2025-06-17,2025-06-04,2028-01-01,2028-12-31,Regulado,DUCG,DUC,Ducg,21.0,359.0,90.08999999999999,True,CURVA,2025-04-01,3,1.0
CP-EEPC2025-004,2025-06-17,2025-06-04,2027-01-01,2027-12-31,Regulado,EPMG,EPM,Epm,63.0,377.75,100.0,True,CURVA,2025-04-01,2,1.0
CP-EEPC2025-004,2025-06-17,2025-06-04,2028-01-01,2028-12-31,Regulado,EPMG,EPM,Epm,60.3,372.47,100.0,True,CURVA,2025-04-01,3,1.0
CP-EEPC2025-004,2025-06-17,2025-06-04,2026-01-01,2026-12-31,Regulado,SPRG,SPR,Esprod,12.399999999999999,382.5,100.0,True,CURVA,2025-04-01,1,1.0
CP-EEPC2025-004,2025-06-17,2025-06-04,2027-01-01,2027-12-31,Regulado,SPRG,SPR,Esprod,11.1,378.8999999999999,100.0,True,CURVA,2025-04-01,2,1.0
CP-EEPC2025-004,2025-06-17,2025-06-04,2028-01-01,2028-12-31,Regulado,SPRG,SPR,Esprod,10.4,373.5,0.0,False,CURVA,2025-04-01,3,1.0
CP-EEPC2025-004,2025-06-17,2025-06-04,2028-01-01,2028-12-31,Regulado,SPRG,SPR,Esprod,10.4,378.0,0.0,False,CURVA,2025-04-01,3,2.0
CP-EEPC2025-004,2025-06-17,2025-06-04,2026-01-01,2026-12-31,Regulado,TERG,TER,Termotasajero Dos,50.0,427.0,0.0,False,CURVA,2025-04-01,1,1.0
CP-EEPC2025-004,2025-06-17,2025-06-04,2027-01-01,2027-12-31,Regulado,TERG,TER,Termotasajero Dos,49.9,420.0,0.0,False,CURVA,2025-04-01,2,1.0
CP-EEPC2025-004,2025-06-17,2025-06-04,2028-01-01,2028-12-31,Regulado,TERG,TER,Termotasajero Dos,50.1,418.0,0.0,False,CURVA,2025-04-01,3,1.0
CP-EEPC2025-005,2025-08-08,2025-07-25,2026-01-01,2026-12-31,Regulado,CHVG,CHV,Aes,30.451999999999998,380.5,100.0,True,CURVA,2025-04-01,1,1.0
CP-EEPC2025-005,2025-08-08,2025-07-25,2026-01-01,2026-12-31,Regulado,EPSG,EPS,Celsia,31.185000000000002,412.0,0.0,False,CURVA,2025-04-01,1,1.0
CP-EEPC2025-005,2025-08-08,2025-07-25,2026-01-01,2026-12-31,Regulado,EPSG,EPS,Celsia,16.304,408.98,0.0,False,PLANO,2025-04-01,2,1.0
CP-EEPC2025-005,2025-08-08,2025-07-25,2026-01-01,2026-12-31,Regulado,EPTC,EPT,Eptc,3.603,412.0,0.0,False,PLANO,2025-04-01,2,1.0
CP-EEPC2025-005,2025-08-08,2025-07-25,2026-01-01,2026-12-31,Regulado,SFEG,SFE,Santa Fe,8.154,381.0,0.0,False,PLANO,2025-04-01,2,1.0
CP-EEPC2025-005,2025-08-08,2025-07-25,2026-01-01,2026-12-31,Regulado,SPRG,SPR,Esprod,12.186,377.5,100.0,True,PLANO,2025-04-01,2,1.0
CP-EEPC2025-005,2025-08-08,2025-07-25,2026-01-01,2026-12-31,Regulado,SPRG,SPR,Esprod,12.186,380.5,100.0,True,PLANO,2025-04-01,2,2.0
CP-EEPC2025-005,2025-08-08,2025-07-25,2026-01-01,2026-12-31,Regulado,TERG,TER,Termotasajero Dos,15.001,424.87999999999994,0.0,False,CURVA,2025-04-01,1,1.0
CP-EEPC2025-005,2025-08-08,2025-07-25,2026-01-01,2026-12-31,Regulado,TERG,TER,Termotasajero Dos,15.001,430.87999999999994,0.0,False,CURVA,2025-04-01,1,2.0
CP-EEPC2025-005,2025-08-08,2025-07-25,2026-01-01,2026-12-31,Regulado,TERG,TER,Termotasajero Dos,16.0,399.98,0.0,False,PLANO,2025-04-01,2,1.0
CP-EEPC2025-005,2025-08-08,2025-07-25,2026-01-01,2026-12-31,Regulado,TERG,TER,Termotasajero Dos,16.0,403.98,0.0,False,PLANO,2025-04-01,2,2.0
CP-EEPC2025-006,2025-10-10,2025-09-29,2026-01-01,2026-12-31,Regulado,BIAC,BIA,Bia,23.803,385.0,0.0,False,PLANO,2025-04-01,1,1.0
CP-EEPC2025-006,2025-10-10,2025-09-29,2026-01-01,2026-12-31,Regulado,EPTC,EPT,Eptc,7.141,409.0,0.0,False,PLANO,2025-04-01,1,1.0
CP-EEPC2025-006,2025-10-10,2025-09-29,2026-01-01,2026-12-31,Regulado,ISGG,ISG,Isagen,17.262999999999998,374.24,0.0,False,PLANO,2025-04-01,1,1.0
CP-EEPC2025-006,2025-10-10,2025-09-29,2026-01-01,2026-12-31,Regulado,MERC,MER,Merc,23.803,373.0,100.0,True,PLANO,2025-04-01,1,1.0
CP-EEPC2025-007,2025-11-24,2025-11-10,2026-01-01,2026-12-31,Regulado,EPTC,EPT,Eptc,5.9,485.0,0.0,False,PLANO,2025-09-01,1,1.0
CP-EEPC2025-008,2025-12-26,2025-12-12,2026-01-01,2040-12-31,Regulado,EPTG,EPT,Eptg,0.0,398.3333333333333,0.0,False,CURVA,2025-09-01,1,1.0
CP-EEPC2025-008,2025-12-26,2025-12-12,2026-01-01,2040-12-31,Regulado,NTCG,NTC,Nitroenergy,0.0,354.0233333333333,100.0,True,CURVA,2025-09-01,1,1.0
CP-EEPC2026-001,2026-05-06,2026-04-22,2027-01-01,2028-12-31,Regulado,SPRG,SPR,Esprod,45.99,408.8,100.0,True,CURVA,2026-02-01,1,1.0
CP-EGVC2025-001,2025-02-19,2025-02-06,2025-01-01,2025-12-31,Regulado,DUCC,DUC,Ducc,40.00000297,465.0,100.0,True,CURVA,2024-01-12,3,1.0
CP-EGVC2025-001,2025-02-19,2025-02-06,2025-01-01,2029-12-31,Regulado,EYCG,EYC,Eycg,346.06528500999997,431.0684210526316,100.0,True,CURVA,2024-01-12,1,1.0
CP-EGVC2025-003,2025-07-11,2025-06-18,2025-08-01,2031-12-01,Regulado,AESC,AES,Aesp,170.371,398.961038961039,31.16883116883117,True,CURVA,2025-03-01,1,1.0
CP-EGVC2025-003,2025-07-11,2025-06-18,2025-08-01,2031-12-01,Regulado,EXIC,EXI,Enerxia,75.61699999999999,357.4909090909091,100.0,True,CURVA,2025-03-01,1,1.0
CP-EGVC2025-003,2025-07-11,2025-06-18,2025-08-01,2031-12-01,Regulado,EXIC,EXI,Enerxia,75.61699999999999,366.84155844155845,93.50649350649351,True,CURVA,2025-03-01,1,2.0
CP-EMEC2026-001,2026-04-08,2026-03-24,2026-06-01,2028-12-31,Regulado,EMEG,EME,Emeg,34.11360254,300.0,100.0,True,CURVA,2026-03-01,1,1.0
CP-EMIC2022-002,2022-11-11,2022-10-29,2023-01-01,2036-12-31,Regulado,CNRC,CNR,Coenersa,241.92,308.2,0.0,False,PLANO,2022-01-08,1,1.0
CP-EMIC2022-002,2022-11-11,2022-10-29,2023-01-01,2036-12-31,Regulado,ENVC,ENV,Envc,252.0,267.85,100.0,True,PLANO,2022-01-08,1,1.0
CP-EMIC2022-002,2022-11-11,2022-10-29,2024-01-01,2024-12-31,Regulado,ENVC,ENV,Envc,8.64495,307.39,0.0,False,CURVA,2022-01-08,3,1.0
CP-EMIC2022-002,2022-11-11,2022-10-29,2025-01-01,2025-12-31,Regulado,ENVC,ENV,Envc,22.0,288.76,0.0,False,CURVA,2022-01-08,4,1.0
CP-EMIC2022-002,2022-11-11,2022-10-29,2026-01-01,2026-12-31,Regulado,ISGG,ISG,Isagen,89.99969999999999,264.67,100.0,True,CURVA,2022-01-08,5,1.0
CP-EMIC2022-002,2022-11-11,2022-10-29,2023-01-01,2036-12-31,Regulado,NTCG,NTC,Nitroenergy,117.6,299.94,15.0,True,PLANO,2022-01-08,1,1.0
CP-EMIC2023-001,2023-06-15,2023-06-01,2025-01-01,2025-12-31,Regulado,SPRG,SPR,Esprod,69.18260999999998,348.3999999999999,0.0,False,CURVA,2023-01-04,3,1.0
CP-EMIC2023-001,2023-06-15,2023-06-01,2026-01-01,2026-12-31,Regulado,SPRG,SPR,Esprod,96.18362000000002,330.3,0.0,False,CURVA,2023-01-04,4,1.0
CP-EMIC2024-001,2024-07-11,2024-06-27,2025-01-01,2040-12-31,No Regulado,ISGG,ISG,Isagen,866.2814999999999,301.08,0.0,False,PLANO,2024-01-03,1,1.0
CP-EMIC2024-001,2024-07-11,2024-06-27,2025-01-01,2040-12-31,No Regulado,NTCG,NTC,Nitroenergy,1732.5629999999999,351.9,0.0,False,PLANO,2024-01-03,1,1.0
CP-EMIC2024-002,2024-07-12,2024-06-28,2027-01-01,2028-12-31,Regulado,ISGG,ISG,Isagen,206.98015123706676,324.36,100.0,True,CURVA,2024-01-03,2,1.0
CP-EMIC2024-002,2024-07-12,2024-06-28,2025-01-01,2028-12-31,Regulado,NESC,NES,Nova Energy,50.86721005377827,350.6025,0.0,False,CURVA,2024-01-03,3,1.0
CP-EMIC2024-003,2024-10-10,2024-09-27,2025-01-01,2025-12-31,Regulado,CEOC,CEO,Ceo,27.10344,408.92,100.0,True,PLANO,2024-07-01,1,1.0
CP-EMIC2024-003,2024-10-10,2024-09-27,2026-01-01,2026-12-31,Regulado,CEOC,CEO,Ceo,27.095037545,385.69,0.0,False,PLANO,2024-07-01,2,1.0
CP-EMIC2024-003,2024-10-10,2024-09-27,2028-01-01,2028-12-31,Regulado,ISGC,ISG,Isagen,148.57433064,328.36,100.0,True,CURVA,2024-07-01,4,1.0
CP-EMIC2025-001,2025-05-12,2025-04-28,2025-01-01,2025-12-31,Regulado,AMPC,AMP,Ampc,4.366,428.0,0.0,False,PLANO,2025-01-01,1,1.0
CP-EMIC2025-001,2025-05-12,2025-04-28,2025-01-01,2025-12-31,Regulado,AMPC,AMP,Ampc,13.283019999999999,399.75,0.0,False,PLANO,2025-01-01,2,1.0
CP-EMIC2025-001,2025-05-12,2025-04-28,2025-01-01,2025-12-31,Regulado,AMPC,AMP,Ampc,0.0,414.75,0.0,False,PLANO,2025-01-01,2,2.0
CP-EMIC2025-001,2025-05-12,2025-04-28,2025-01-01,2025-12-31,Regulado,BTGC,BTG,Btg,36.722,333.3333333333333,100.0,True,PLANO,2025-01-01,1,1.0
CP-EMIC2025-001,2025-05-12,2025-04-28,2025-01-01,2025-12-31,Regulado,BTGC,BTG,Btg,36.722,341.6666666666667,100.0,True,PLANO,2025-01-01,1,2.0
CP-EMIC2025-001,2025-05-12,2025-04-28,2025-01-01,2025-12-31,Regulado,BTGC,BTG,Btg,21.68,346.6666666666667,94.5,True,PLANO,2025-01-01,1,3.0
CP-EMIC2025-001,2025-05-12,2025-04-28,2025-01-01,2025-12-31,Regulado,BTGC,BTG,Btg,21.693,350.8333333333333,33.333333333333336,True,PLANO,2025-01-01,1,4.0
CP-EMIC2025-001,2025-05-12,2025-04-28,2025-01-01,2025-12-31,Regulado,BTGC,BTG,Btg,7.442,320.0,89.0,True,PLANO,2025-01-01,1,5.0
CP-EMIC2025-001,2025-05-12,2025-04-28,2025-01-01,2025-12-31,Regulado,BTGC,BTG,Btg,7.442,325.0,0.0,False,PLANO,2025-01-01,1,6.0
CP-EMIC2025-001,2025-05-12,2025-04-28,2025-01-01,2025-12-31,Regulado,BTGC,BTG,Btg,22.085,335.0,100.0,True,PLANO,2025-01-01,2,1.0
CP-EMIC2025-001,2025-05-12,2025-04-28,2025-01-01,2025-12-31,Regulado,BTGC,BTG,Btg,22.085,340.0,100.0,True,PLANO,2025-01-01,2,2.0
CP-EMIC2025-001,2025-05-12,2025-04-28,2025-01-01,2025-12-31,Regulado,BTGC,BTG,Btg,22.085,345.0,100.0,True,PLANO,2025-01-01,2,3.0
CP-EMIC2025-001,2025-05-12,2025-04-28,2025-01-01,2025-12-31,Regulado,BTGC,BTG,Btg,22.085,350.0,100.0,True,PLANO,2025-01-01,2,4.0
CP-EMIC2025-001,2025-05-12,2025-04-28,2025-01-01,2025-12-31,Regulado,BTGC,BTG,Btg,22.085,355.0,64.54607199,True,PLANO,2025-01-01,2,5.0
CP-EMIC2025-001,2025-05-12,2025-04-28,2025-01-01,2025-12-31,Regulado,BTGC,BTG,Btg,22.085,360.0,0.0,False,PLANO,2025-01-01,2,6.0
CP-EMIC2025-001,2025-05-12,2025-04-28,2025-01-01,2025-12-31,Regulado,DEPC,DEP,Depi,4.416,427.6666666666667,0.0,False,PLANO,2025-01-01,1,1.0
CP-EMIC2025-001,2025-05-12,2025-04-28,2025-01-01,2025-12-31,Regulado,DTEC,DTE,Dtec,12.168000000000001,412.1666666666667,0.0,False,PLANO,2025-01-01,1,1.0
CP-EMIC2025-001,2025-05-12,2025-04-28,2025-01-01,2025-12-31,Regulado,DTEC,DTE,Dtec,8.832,397.0,0.0,False,PLANO,2025-01-01,2,1.0
CP-EMIC2025-001,2025-05-12,2025-04-28,2025-01-01,2025-12-31,Regulado,DTEC,DTE,Dtec,17.66798,409.0,0.0,False,PLANO,2025-01-01,2,2.0
CP-EMIC2025-001,2025-05-12,2025-04-28,2025-01-01,2025-12-31,Regulado,DTEC,DTE,Dtec,13.25102,426.0,0.0,False,PLANO,2025-01-01,2,3.0
CP-EMIC2025-001,2025-05-12,2025-04-28,2025-01-01,2025-12-31,Regulado,DUCC,DUC,Ducc,2.7,350.0,100.0,True,PLANO,2025-01-01,2,1.0
CP-EMIC2025-001,2025-05-12,2025-04-28,2025-01-01,2025-12-31,Regulado,DUCC,DUC,Ducc,2.7,354.0,100.0,True,PLANO,2025-01-01,2,2.0
CP-EMIC2025-001,2025-05-12,2025-04-28,2025-01-01,2025-12-31,Regulado,DUCC,DUC,Ducc,2.7,358.0,0.0,False,PLANO,2025-01-01,2,3.0
CP-EMIC2025-001,2025-05-12,2025-04-28,2025-01-01,2025-12-31,Regulado,DUCC,DUC,Ducc,3.2399999999999998,363.0,0.0,False,PLANO,2025-01-01,2,4.0
CP-EMIC2025-001,2025-05-12,2025-04-28,2025-01-01,2025-12-31,Regulado,EYCC,EYC,Eycc,107.99600000000001,398.6000000000001,0.0,False,PLANO,2025-01-01,1,1.0
CP-EMIC2025-001,2025-05-12,2025-04-28,2025-01-01,2025-12-31,Regulado,FERC,FER,Furesas,80.99502,396.98,0.0,False,PLANO,2025-01-01,2,1.0
CP-EMIC2025-001,2025-05-12,2025-04-28,2025-01-01,2025-12-31,Regulado,GASC,GAS,Generarco,38.4,385.25,0.0,False,PLANO,2025-01-01,1,1.0
CP-EMIC2025-001,2025-05-12,2025-04-28,2025-01-01,2025-12-31,Regulado,GASC,GAS,Generarco,44.160000000000004,410.47,0.0,False,PLANO,2025-01-01,2,1.0
CP-EMIC2025-001,2025-05-12,2025-04-28,2025-01-01,2025-12-31,Regulado,NTCC,NTC,Nitroenergy,22.085,395.99,0.0,False,PLANO,2025-01-01,2,1.0
CP-EMIC2025-001,2025-05-12,2025-04-28,2025-01-01,2025-12-31,Regulado,NTCC,NTC,Nitroenergy,13.248000000000001,398.99,0.0,False,PLANO,2025-01-01,2,2.0
CP-EMIC2025-001,2025-05-12,2025-04-28,2025-01-01,2025-12-31,Regulado,NTCC,NTC,Nitroenergy,22.085,409.99,0.0,False,PLANO,2025-01-01,2,3.0
CP-EMIC2025-001,2025-05-12,2025-04-28,2025-01-01,2025-12-31,Regulado,PRYC,PRY,Proenergy,14.822000000000001,387.56000000000006,0.0,False,PLANO,2025-01-01,1,1.0
CP-EMIC2025-001,2025-05-12,2025-04-28,2025-01-01,2025-12-31,Regulado,PRYC,PRY,Proenergy,13.283019999999999,409.33,0.0,False,PLANO,2025-01-01,2,1.0
CP-EMIC2025-001,2025-05-12,2025-04-28,2025-01-01,2025-12-31,Regulado,SOUC,SOU,Soul Energy,22.085,384.6000000000001,0.0,False,PLANO,2025-01-01,2,1.0
CP-EMIC2025-001,2025-05-12,2025-04-28,2025-01-01,2025-12-31,Regulado,SPRG,SPR,Esprod,6.696000000000001,367.8,0.0,False,PLANO,2025-01-01,1,1.0
CP-EMIC2025-001,2025-05-12,2025-04-28,2025-01-01,2025-12-31,Regulado,SPRG,SPR,Esprod,6.696000000000001,372.0,0.0,False,PLANO,2025-01-01,1,2.0
CP-EMIC2025-001,2025-05-12,2025-04-28,2025-01-01,2025-12-31,Regulado,SPRG,SPR,Esprod,17.27902,377.25,0.0,False,PLANO,2025-01-01,2,1.0
CP-EMIC2025-002,2025-08-04,2025-07-22,2026-01-01,2028-12-31,Regulado,NMRG,NMR,Nmrg,561.2,406.98,100.0,True,CURVA,2025-05-01,5,1.0
CP-EMIC2025-003,2025-11-24,2025-11-10,2026-01-01,2026-12-31,Regulado,BTGC,BTG,Btg,131.39999999999998,423.58,100.0,True,CURVA,2025-08-01,1,1.0
CP-EMIC2025-003,2025-11-24,2025-11-10,2026-01-01,2026-12-31,Regulado,BTGC,BTG,Btg,131.39999999999998,430.83,100.0,True,CURVA,2025-08-01,1,2.0
CP-EMIC2025-003,2025-11-24,2025-11-10,2026-01-01,2026-12-31,Regulado,BTGC,BTG,Btg,438.0,454.62999999999994,0.0,False,CURVA,2025-08-01,1,3.0
CP-EMIC2025-003,2025-11-24,2025-11-10,2026-01-01,2026-12-31,Regulado,DEPG,DEP,Depi,131.39999999999998,410.16,100.0,True,CURVA,2025-08-01,1,1.0
CP-EMIC2025-003,2025-11-24,2025-11-10,2028-01-01,2028-12-31,Regulado,EPTC,EPT,Eptc,131.76,410.0,100.0,True,CURVA,2025-08-01,3,1.0
CP-EMIC2025-003,2025-11-24,2025-11-10,2029-01-01,2029-12-31,Regulado,EPTC,EPT,Eptc,131.39999999999998,405.0,100.0,True,CURVA,2025-08-01,5,1.0
CP-EMIC2025-003,2025-11-24,2025-11-10,2030-01-01,2030-12-31,Regulado,EPTC,EPT,Eptc,131.39999999999998,390.0,100.0,True,CURVA,2025-08-01,7,1.0
CP-EMIC2025-003,2025-11-24,2025-11-10,2031-01-01,2031-12-31,Regulado,EPTC,EPT,Eptc,131.39999999999998,385.0,100.0,True,CURVA,2025-08-01,9,1.0
CP-EMIC2025-003,2025-11-24,2025-11-10,2032-01-01,2032-12-31,Regulado,EPTC,EPT,Eptc,131.76,375.0,100.0,True,CURVA,2025-08-01,11,1.0
CP-EMIC2025-003,2025-11-24,2025-11-10,2026-01-01,2026-12-31,Regulado,FERG,FER,Furesas,131.39999999999998,421.05,100.0,True,CURVA,2025-08-01,1,1.0
CP-EMIC2025-003,2025-11-24,2025-11-10,2026-01-01,2026-12-31,Regulado,GASC,GAS,Generarco,131.39999999999998,410.0,100.0,True,CURVA,2025-08-01,1,1.0
CP-EMIC2025-003,2025-11-24,2025-11-10,2026-01-01,2026-12-31,Regulado,NTCG,NTC,Nitroenergy,306.6,432.96,14.0,True,CURVA,2025-08-01,1,1.0
CP-EMIC2025-003,2025-11-24,2025-11-10,2026-01-01,2026-12-31,Regulado,NTCG,NTC,Nitroenergy,131.39999999999998,450.28,0.0,False,CURVA,2025-08-01,1,2.0
CP-EMIC2025-003,2025-11-24,2025-11-10,2027-01-01,2027-12-31,Regulado,NTCG,NTC,Nitroenergy,131.39999999999998,409.14000000000004,100.0,True,CURVA,2025-08-01,2,1.0
CP-EMIC2025-003,2025-11-24,2025-11-10,2027-01-01,2027-12-31,Regulado,NTCG,NTC,Nitroenergy,131.39999999999998,425.51,100.0,True,CURVA,2025-08-01,2,2.0
CP-EMIC2025-003,2025-11-24,2025-11-10,2028-01-01,2028-12-31,Regulado,NTCG,NTC,Nitroenergy,131.76,399.96,100.0,True,CURVA,2025-08-01,3,1.0
CP-EMIC2025-003,2025-11-24,2025-11-10,2028-01-01,2028-12-31,Regulado,NTCG,NTC,Nitroenergy,131.76,415.96,59.0,True,CURVA,2025-08-01,3,2.0
CP-EMIC2025-003,2025-11-24,2025-11-10,2029-01-01,2029-12-31,Regulado,NTCG,NTC,Nitroenergy,131.39999999999998,399.96,100.0,True,CURVA,2025-08-01,5,1.0
CP-EMIC2025-003,2025-11-24,2025-11-10,2029-01-01,2029-12-31,Regulado,NTCG,NTC,Nitroenergy,131.39999999999998,415.96,100.0,True,CURVA,2025-08-01,5,2.0
CP-EMIC2025-003,2025-11-24,2025-11-10,2030-01-01,2030-12-31,Regulado,NTCG,NTC,Nitroenergy,131.39999999999998,387.6499999999999,100.0,True,CURVA,2025-08-01,7,1.0
CP-EMIC2025-003,2025-11-24,2025-11-10,2030-01-01,2030-12-31,Regulado,NTCG,NTC,Nitroenergy,131.39999999999998,403.16,100.0,True,CURVA,2025-08-01,7,2.0
CP-EMIC2025-003,2025-11-24,2025-11-10,2031-01-01,2031-12-31,Regulado,NTCG,NTC,Nitroenergy,131.39999999999998,379.91,100.0,True,CURVA,2025-08-01,9,1.0
CP-EMIC2025-003,2025-11-24,2025-11-10,2031-01-01,2031-12-31,Regulado,NTCG,NTC,Nitroenergy,131.39999999999998,395.10999999999996,0.0,False,CURVA,2025-08-01,9,2.0
CP-EMIC2025-003,2025-11-24,2025-11-10,2032-01-01,2032-12-31,Regulado,NTCG,NTC,Nitroenergy,131.76,369.99,100.0,True,CURVA,2025-08-01,11,1.0
CP-EMIC2025-003,2025-11-24,2025-11-10,2032-01-01,2032-12-31,Regulado,NTCG,NTC,Nitroenergy,131.76,384.79,0.0,False,CURVA,2025-08-01,11,2.0
CP-EMIC2025-003,2025-11-24,2025-11-10,2026-01-01,2026-12-31,Regulado,PRYC,PRY,Proenergy,131.39999999999998,459.34,0.0,False,CURVA,2025-08-01,1,1.0
CP-EMIC2025-003,2025-11-24,2025-11-10,2027-01-01,2027-12-31,Regulado,PRYC,PRY,Proenergy,175.2,409.43,100.0,True,CURVA,2025-08-01,2,1.0
CP-EMIC2025-003,2025-11-24,2025-11-10,2028-01-01,2028-12-31,Regulado,PRYC,PRY,Proenergy,131.76,407.37999999999994,100.0,True,CURVA,2025-08-01,3,1.0
CP-EMIC2025-003,2025-11-24,2025-11-10,2029-01-01,2029-12-31,Regulado,PRYC,PRY,Proenergy,131.39999999999998,403.99,100.0,True,CURVA,2025-08-01,5,1.0
CP-EMIC2025-003,2025-11-24,2025-11-10,2030-01-01,2030-12-31,Regulado,PRYC,PRY,Proenergy,131.39999999999998,389.77,100.0,True,CURVA,2025-08-01,7,1.0
CP-EMIC2025-003,2025-11-24,2025-11-10,2031-01-01,2031-12-31,Regulado,PRYC,PRY,Proenergy,131.39999999999998,381.22,100.0,True,CURVA,2025-08-01,9,1.0
CP-EMIC2025-003,2025-11-24,2025-11-10,2032-01-01,2032-12-31,Regulado,PRYC,PRY,Proenergy,351.36,375.815,28.0,True,CURVA,2025-08-01,11,1.0
CP-EMIC2025-003,2025-11-24,2025-11-10,2029-01-01,2029-12-31,Regulado,SFEG,SFE,Santa Fe,131.39999999999998,391.0,100.0,True,CURVA,2025-08-01,5,1.0
CP-EMIC2025-003,2025-11-24,2025-11-10,2030-01-01,2030-12-31,Regulado,SFEG,SFE,Santa Fe,131.39999999999998,390.0,100.0,True,CURVA,2025-08-01,7,1.0
CP-EMIC2025-003,2025-11-24,2025-11-10,2031-01-01,2031-12-31,Regulado,SFEG,SFE,Santa Fe,131.39999999999998,386.0,43.0,True,CURVA,2025-08-01,9,1.0
CP-EMIC2025-003,2025-11-24,2025-11-10,2032-01-01,2032-12-31,Regulado,SFEG,SFE,Santa Fe,131.76,386.0,0.0,False,CURVA,2025-08-01,11,2.0
CP-EMIC2025-003,2025-11-24,2025-11-10,2027-01-01,2027-12-31,Regulado,TRMG,TRM,Termotasajero,131.39999999999998,395.8999999999999,100.0,True,CURVA,2025-08-01,2,1.0
CP-EMIC2025-003,2025-11-24,2025-11-10,2028-01-01,2028-12-31,Regulado,TRMG,TRM,Termotasajero,131.76,395.17,100.0,True,CURVA,2025-08-01,3,1.0
CP-EMPC2022-002,2023-01-25,2023-01-12,2023-01-01,2026-12-31,Regulado,CIEC,CIE,Ciec,50.07347,318.5475,100.0,True,CURVA,2022-01-12,1,1.0
CP-EMPC2022-002,2023-01-25,2023-01-12,2023-01-01,2026-12-31,Regulado,NESC,NES,Nova Energy,39.902988,310.19,0.0,False,CURVA,2022-01-12,1,1.0
CP-EMSC2023-001,2023-03-12,2023-03-01,2026-01-01,2032-12-31,Regulado,CNRC,CNR,Coenersa,959.289696,258.14285714285717,0.0,False,PLANO,2022-01-12,4,1.0
CP-EMSC2023-001,2023-03-12,2023-03-01,2026-01-01,2032-12-31,Regulado,ENDG,END,Enel,1446.48,260.3514285714286,0.0,False,PLANO,2022-01-12,4,1.0
CP-EMSC2023-001,2023-03-12,2023-03-01,2025-01-01,2025-12-31,Regulado,NTCG,NTC,Nitroenergy,253.46234869,306.1,0.0,False,CURVA,2022-01-12,3,1.0
CP-EMSC2023-001,2023-03-12,2023-03-01,2026-01-01,2032-12-31,Regulado,NTCG,NTC,Nitroenergy,1497.80016,275.2814285714286,100.0,True,PLANO,2022-01-12,4,1.0
CP-EMSC2023-001,2023-03-12,2023-03-01,2024-01-01,2032-12-31,Regulado,PRYC,PRY,Proenergy,1674.3276,284.6022222222222,100.0,True,PLANO,2022-01-12,5,1.0
CP-EMSC2023-001,2023-03-12,2023-03-01,2024-01-01,2032-12-31,Regulado,SPRG,SPR,Esprod,1008.1800000000001,300.0888888888889,0.0,False,PLANO,2022-01-12,5,1.0
CP-EMSC2023-002,2023-07-26,2023-07-13,2025-01-01,2032-12-31,Regulado,CNRC,CNR,Coenersa,345.6072,290.7,25.0,True,PLANO,2023-01-04,2,1.0
CP-EMSC2023-002,2023-07-26,2023-07-13,2025-01-01,2032-12-31,Regulado,ISGG,ISG,Isagen,569.5182,279.01375,100.0,True,PLANO,2023-01-04,2,1.0
CP-EMSC2023-002,2023-07-26,2023-07-13,2024-01-01,2038-12-31,Regulado,NTCG,NTC,Nitroenergy,701.696,366.5,0.0,False,PLANO,2023-01-04,3,1.0
CP-EMSC2023-002,2023-07-26,2023-07-13,2025-01-01,2032-12-31,Regulado,ZONC,ZON,Zonc,725.5008,331.96375,0.0,False,PLANO,2023-01-04,2,1.0
CP-EMSC2023-003,2023-10-20,2023-10-06,2024-01-01,2038-12-31,Regulado,NTCG,NTC,Nitroenergy,701.696,365.2,100.0,True,PLANO,2023-01-04,1,1.0
CP-EMSC2024-001,2024-04-18,2024-04-09,2025-01-01,2034-12-31,Regulado,EPMG,EPM,Epm,2050.490832,305.85,100.0,True,PLANO,2024-01-02,2,1.0
CP-EMSC2024-001,2024-04-18,2024-04-09,2026-01-01,2026-12-31,Regulado,ISGG,ISG,Isagen,9.847847999999999,322.02,100.0,True,PLANO,2024-01-02,4,1.0
CP-EMSC2024-001,2024-04-18,2024-04-09,2027-01-01,2027-12-31,Regulado,ISGG,ISG,Isagen,15.329199000000001,319.66,100.0,True,PLANO,2024-01-02,5,1.0
CP-EMSC2024-001,2024-04-18,2024-04-09,2028-01-01,2028-12-31,Regulado,ISGG,ISG,Isagen,52.532526000000004,307.9,100.0,True,PLANO,2024-01-02,6,1.0
CP-EMSC2024-001,2024-04-18,2024-04-09,2029-01-01,2029-12-31,Regulado,ISGG,ISG,Isagen,25.977648000000002,306.68,91.66666666666667,True,PLANO,2024-01-02,7,1.0
CP-EMSC2024-001,2024-04-18,2024-04-09,2030-01-01,2030-12-31,Regulado,ISGG,ISG,Isagen,15.019728,306.68,100.0,True,PLANO,2024-01-02,8,1.0
CP-EMSC2024-001,2024-04-18,2024-04-09,2031-01-01,2031-12-31,Regulado,ISGG,ISG,Isagen,12.830184,306.68,100.0,True,PLANO,2024-01-02,9,1.0
CP-EMSC2024-001,2024-04-18,2024-04-09,2032-01-01,2032-12-31,Regulado,ISGG,ISG,Isagen,10.833216,306.68,100.0,True,PLANO,2024-01-02,10,1.0
CP-EMSC2024-001,2024-04-18,2024-04-09,2033-01-01,2033-12-31,Regulado,ISGG,ISG,Isagen,11.3424,306.68,100.0,True,PLANO,2024-01-02,11,1.0
CP-EMSC2024-001,2024-04-18,2024-04-09,2034-01-01,2034-12-31,Regulado,ISGG,ISG,Isagen,9.927672000000001,306.68,100.0,True,PLANO,2024-01-02,12,1.0
CP-EMSC2024-001,2024-04-18,2024-04-09,2028-01-01,2028-12-31,Regulado,SPRG,SPR,Esprod,6.520893,315.0,100.0,True,PLANO,2024-01-02,6,1.0
CP-EMSC2024-001,2024-04-18,2024-04-09,2026-01-01,2026-12-31,Regulado,TMRG,TMR,Termoeléctrica El Morro 2,6.62,346.41,0.0,False,PLANO,2024-01-02,4,1.0
CP-EMSC2024-001,2024-04-18,2024-04-09,2027-01-01,2027-12-31,Regulado,TMRG,TMR,Termoeléctrica El Morro 2,17.759999999999998,335.18,0.0,False,PLANO,2024-01-02,5,1.0
CP-EMSC2024-001,2024-04-18,2024-04-09,2028-01-01,2028-12-31,Regulado,TMRG,TMR,Termoeléctrica El Morro 2,14.233616,321.2,0.0,False,PLANO,2024-01-02,6,1.0
CP-EMSC2024-001,2024-04-18,2024-04-09,2029-01-01,2029-12-31,Regulado,TMRG,TMR,Termoeléctrica El Morro 2,15.04775952,321.2,45.833333333333336,True,PLANO,2024-01-02,7,1.0
CP-EMSC2024-001,2024-04-18,2024-04-09,2030-01-01,2030-12-31,Regulado,TMRG,TMR,Termoeléctrica El Morro 2,13.765847999999998,319.16,0.0,False,PLANO,2024-01-02,8,1.0
CP-EMSC2024-001,2024-04-18,2024-04-09,2025-01-01,2034-12-31,Regulado,ZONC,ZON,Zonc,568.5586079999999,334.0665833333333,100.0,True,PLANO,2024-01-02,2,1.0
CP-EMSC2026-001,2026-05-05,2026-04-23,2027-01-01,2028-12-31,Regulado,FERC,FER,Furesas,219.36,414.09,100.0,True,PLANO,2025-12-01,1,1.0
CP-EMSC2026-001,2026-05-05,2026-04-23,2029-01-01,2030-12-31,Regulado,FERC,FER,Furesas,560.66,391.545,100.0,True,PLANO,2025-12-01,2,1.0
CP-EMSC2026-001,2026-05-05,2026-04-23,2031-01-01,2031-12-31,Regulado,NTCC,NTC,Nitroenergy,175.20000000000002,383.25,100.0,True,PLANO,2025-12-01,3,1.0
CP-EMSC2026-001,2026-05-05,2026-04-23,2032-01-01,2032-12-31,Regulado,NTCC,NTC,Nitroenergy,159.85,382.75,100.0,True,PLANO,2025-12-01,4,1.0
CP-EMSC2026-001,2026-05-05,2026-04-23,2033-01-01,2036-12-31,Regulado,NTCC,NTC,Nitroenergy,571.61,374.7725,100.0,True,PLANO,2025-12-01,5,1.0
CP-EMSC2026-001,2026-05-05,2026-04-23,2033-01-01,2036-12-31,Regulado,PRYC,PRY,Proenergy,700.01,370.9875,100.0,True,PLANO,2025-12-01,5,1.0
CP-EMSC2026-001,2026-05-05,2026-04-23,2033-01-01,2036-12-31,Regulado,PRYC,PRY,Proenergy,466.55,372.2325,100.0,True,PLANO,2025-12-01,5,2.0
CP-EMSC2026-001,2026-05-05,2026-04-23,2027-01-01,2028-12-31,Regulado,ZONC,ZON,Zonc,153.54999999999998,424.92,0.0,False,PLANO,2025-12-01,1,1.0
CP-EMSC2026-001,2026-05-05,2026-04-23,2029-01-01,2030-12-31,Regulado,ZONC,ZON,Zonc,224.24,405.215,0.0,False,PLANO,2025-12-01,2,1.0
CP-EMSC2026-001,2026-05-05,2026-04-23,2031-01-01,2031-12-31,Regulado,ZONC,ZON,Zonc,140.13,402.16,0.0,False,PLANO,2025-12-01,3,1.0
CP-ENBC2022-001,2022-12-28,2022-12-16,2025-01-01,2027-12-31,Regulado,EPMG,EPM,Epm,59.999998,263.09,50.0,True,PLANO,2022-01-11,2,1.0
CP-ENBC2022-001,2022-12-28,2022-12-16,2025-01-01,2027-12-31,Regulado,ISGG,ISG,Isagen,179.999994,268.59666666666664,100.0,True,PLANO,2022-01-11,2,1.0
CP-ENBC2022-001,2022-12-28,2022-12-16,2025-01-01,2027-12-31,Regulado,PRYC,PRY,Proenergy,59.999998,264.06,0.0,False,PLANO,2022-01-11,2,1.0
CP-ENBC2022-001,2022-12-28,2022-12-16,2025-01-01,2027-12-31,Regulado,RTQC,RTQ,Ruitoque,179.999994,285.56,0.0,False,PLANO,2022-01-11,2,1.0
CP-ENBC2022-001,2022-12-28,2022-12-16,2023-01-01,2024-12-31,Regulado,SPRG,SPR,Esprod,17.540984,305.0,100.0,True,CURVA,2022-01-11,1,1.0
CP-ENBC2022-001,2022-12-28,2022-12-16,2023-01-01,2024-12-31,Regulado,SPRG,SPR,Esprod,17.540984,315.0,100.0,True,CURVA,2022-01-11,1,2.0
CP-ENBC2023-001,2023-08-02,2023-07-25,2024-01-01,2033-12-31,Regulado,CNRC,CNR,Coenersa,424.86,298.1,50.0,True,CURVA,2023-01-06,2,1.0
CP-ENBC2023-001,2023-08-02,2023-07-25,2024-01-01,2033-12-31,Regulado,EPSG,EPS,Celsia,1.0000000002,281.2,100.0,True,CURVA,2023-01-06,2,1.0
CP-ENBC2023-001,2023-08-02,2023-07-25,2023-01-09,2025-12-31,Regulado,ISGG,ISG,Isagen,60.0,305.55,100.0,True,PLANO,2023-01-06,1,1.0
CP-ENBC2023-001,2023-08-02,2023-07-25,2024-01-01,2033-12-31,Regulado,ISGG,ISG,Isagen,600.0,252.99000000000004,100.0,True,CURVA,2023-01-06,2,1.0
CP-ENBC2025-002,2025-07-22,2025-07-14,2026-01-01,2026-12-31,Regulado,CNRC,CNR,Coenersa,22.531,385.0,50.0,True,CURVA,2025-05-01,1,1.0
CP-ENBC2025-002,2025-07-22,2025-07-14,2026-01-01,2039-12-31,Regulado,CNRC,CNR,Coenersa,289.27799999999996,343.0,57.46046843916369,True,B2,2025-05-01,5,1.0
CP-ENBC2025-002,2025-07-22,2025-07-14,2028-01-01,2028-12-31,Regulado,EPMG,EPM,Epm,60.0,368.04,100.0,True,CURVA,2025-05-01,3,1.0
CP-ENBC2025-002,2025-07-22,2025-07-14,2026-01-01,2026-12-31,Regulado,EPSG,EPS,Celsia,12.899999999999999,386.59,0.0,False,CURVA,2025-05-01,1,1.0
CP-ENBC2025-002,2025-07-22,2025-07-14,2027-01-01,2027-12-31,Regulado,EPSG,EPS,Celsia,7.2171400000000006,373.98,100.0,True,CURVA,2025-05-01,2,1.0
CP-ENBC2025-002,2025-07-22,2025-07-14,2028-01-01,2028-12-31,Regulado,EPSG,EPS,Celsia,6.878128,375.25,0.0,False,CURVA,2025-05-01,3,1.0
CP-ENBC2025-002,2025-07-22,2025-07-14,2026-01-01,2039-12-31,Regulado,ERRG,ERR,Erco,54.11634200000001,312.0,100.0,True,B2,2025-05-01,5,1.0
CP-ENBC2025-002,2025-07-22,2025-07-14,2026-01-01,2026-12-31,Regulado,ISGG,ISG,Isagen,42.7,374.85,100.0,True,CURVA,2025-05-01,1,1.0
CP-ENBC2025-002,2025-07-22,2025-07-14,2026-01-01,2039-12-31,Regulado,OTAG,OTA,Otag,124.319,350.0,0.0,False,B2,2025-05-01,5,1.0
CP-ENBC2025-002,2025-07-22,2025-07-14,2026-01-01,2026-12-31,Regulado,SFEG,SFE,Santa Fe,18.105,390.0,16.666666666666668,True,CURVA,2025-05-01,1,1.0
CP-ENBC2025-002,2025-07-22,2025-07-14,2027-01-01,2027-12-31,Regulado,SFEG,SFE,Santa Fe,19.310482999999998,375.0,100.0,True,CURVA,2025-05-01,2,1.0
CP-ENBC2025-002,2025-07-22,2025-07-14,2028-01-01,2028-12-31,Regulado,SFEG,SFE,Santa Fe,16.459921,370.0,100.0,True,CURVA,2025-05-01,3,1.0
CP-ENBC2025-002,2025-07-22,2025-07-14,2026-01-01,2039-12-31,Regulado,SFEG,SFE,Santa Fe,169.47599999999997,323.0,100.0,True,B2,2025-05-01,5,1.0
CP-ENDC2023-002,2023-08-24,2023-08-10,2023-01-09,2037-12-31,Regulado,CNRC,CNR,Coenersa,10474.868571147776,290.9007142857143,57.142857142857146,True,CURVA,2023-01-06,3,1.0
CP-ENDC2023-002,2023-08-24,2023-08-10,2023-01-09,2028-12-31,Regulado,ENDG,END,Enel,611.071469298272,306.95,0.0,False,CURVA,2023-01-06,1,1.0
CP-ENDC2023-002,2023-08-24,2023-08-10,2023-01-09,2028-12-31,Regulado,ENDG,END,Enel,611.071469298272,313.95,0.0,False,CURVA,2023-01-06,1,2.0
CP-ENDC2023-002,2023-08-24,2023-08-10,2023-01-09,2028-12-31,Regulado,ENDG,END,Enel,640.9202141187393,318.95,0.0,False,CURVA,2023-01-06,1,3.0
CP-ENDC2023-002,2023-08-24,2023-08-10,2023-01-09,2028-12-31,Regulado,EPSG,EPS,Celsia,147.7512868613129,306.2,0.0,False,CURVA,2023-01-06,1,1.0
CP-ENDC2023-002,2023-08-24,2023-08-10,2023-01-09,2028-12-31,Regulado,ISGG,ISG,Isagen,645.9928850518032,314.384,40.0,True,CURVA,2023-01-06,1,1.0
CP-ENDC2023-002,2023-08-24,2023-08-10,2023-01-09,2028-12-31,Regulado,ISGG,ISG,Isagen,645.9928850518032,315.64000000000004,40.0,True,CURVA,2023-01-06,1,2.0
CP-ENDC2023-002,2023-08-24,2023-08-10,2024-01-01,2037-12-31,Regulado,NTCG,NTC,Nitroenergy,1444.71999993156,272.26714285714286,100.0,True,PLANO,2023-01-06,2,1.0
CP-ENDC2023-003,2023-11-24,2023-11-10,2024-01-01,2038-12-31,Regulado,ENDG,END,Enel,4582.2,302.49,100.0,True,PLANO,2023-01-09,3,1.0
CP-ENDC2023-003,2023-11-24,2023-11-10,2024-01-01,2029-12-31,Regulado,EPSG,EPS,Celsia,50.0,325.0,100.0,True,CURVA,2023-01-09,1,1.0
CP-ENDC2023-003,2023-11-24,2023-11-10,2024-01-01,2029-12-31,Regulado,EPSG,EPS,Celsia,50.0,330.0,5.0,True,CURVA,2023-01-09,1,2.0
CP-ENDC2023-003,2023-11-24,2023-11-10,2024-01-01,2038-12-31,Regulado,EPSG,EPS,Celsia,450.00000000000006,318.0,0.0,False,PLANO,2023-01-09,3,1.0
CP-ENDC2023-003,2023-11-24,2023-11-10,2024-01-01,2038-12-31,Regulado,EPSG,EPS,Celsia,450.00000000000006,325.0,0.0,False,PLANO,2023-01-09,3,2.0
CP-ENDC2023-003,2023-11-24,2023-11-10,2024-01-01,2029-12-31,Regulado,ISGG,ISG,Isagen,771.2,308.4975,100.0,True,CURVA,2023-01-09,1,1.0
CP-ENDC2023-003,2023-11-24,2023-11-10,2024-01-01,2029-12-31,Regulado,ISGG,ISG,Isagen,771.2,318.3125,78.75,True,CURVA,2023-01-09,1,2.0
CP-ENDC2023-003,2023-11-24,2023-11-10,2024-01-01,2029-12-31,Regulado,ISGG,ISG,Isagen,626.6999999999999,310.39500000000004,100.0,True,CURVA,2023-01-09,1,3.0
CP-ENDC2023-003,2023-11-24,2023-11-10,2024-01-01,2029-12-31,Regulado,NMRG,NMR,Nmrg,273.5,470.0,16.5,True,CURVA,2023-01-09,1,1.0
CP-ENDC2023-003,2023-11-24,2023-11-10,2024-01-01,2038-12-31,Regulado,NMRG,NMR,Nmrg,469.3,387.46666666666664,72.46666666666667,True,CURVA,2023-01-09,2,1.0
CP-ENDC2023-003,2023-11-24,2023-11-10,2024-01-01,2038-12-31,Regulado,NMRG,NMR,Nmrg,1249.0,431.6,70.66666666666667,True,PLANO,2023-01-09,3,1.0
CP-ENDC2023-003,2023-11-24,2023-11-10,2024-01-01,2029-12-31,Regulado,NTCG,NTC,Nitroenergy,168.0,699.0,0.0,False,CURVA,2023-01-09,1,1.0
CP-ENDC2023-003,2023-11-24,2023-11-10,2024-01-01,2038-12-31,Regulado,NTCG,NTC,Nitroenergy,1608.7,345.6,86.3,True,CURVA,2023-01-09,2,1.0
CP-ENDC2023-003,2023-11-24,2023-11-10,2024-01-01,2038-12-31,Regulado,NTCG,NTC,Nitroenergy,2727.000000000001,325.0213333333333,77.32000000000001,True,PLANO,2023-01-09,3,1.0
CP-ENDC2023-003,2023-11-24,2023-11-10,2024-01-01,2029-12-31,Regulado,SPRG,SPR,Esprod,5.0,490.0,40.0,True,CURVA,2023-01-09,1,1.0
CP-ENDC2023-003,2023-11-24,2023-11-10,2024-01-01,2029-12-31,Regulado,SPRG,SPR,Esprod,5.0,429.0,100.0,True,CURVA,2023-01-09,1,2.0
CP-ENDC2023-003,2023-11-24,2023-11-10,2024-01-01,2038-12-31,Regulado,SPRG,SPR,Esprod,1238.6,287.93333333333334,100.0,True,PLANA,2023-01-09,2,1.0
CP-ENDC2023-003,2023-11-24,2023-11-10,2024-01-01,2038-12-31,Regulado,SPRG,SPR,Esprod,156.0,276.9384615384615,100.0,True,PLANO,2023-01-09,3,1.0
CP-ENDC2023-003,2023-11-24,2023-11-10,2024-01-01,2038-12-31,Regulado,VCHC,VCH,Vchc,165.39999999999998,377.26666666666665,0.0,False,PLANA,2023-01-09,2,1.0
CP-ENDC2024-001,2024-06-05,2024-05-22,2025-01-01,2038-12-31,Regulado,ENDG,END,Enel,2779.5636284561956,287.89727272727276,100.0,True,CURVA,2024-01-04,2,1.0
CP-ENDC2024-001,2024-06-05,2024-05-22,2025-01-01,2029-12-31,Regulado,EPMG,EPM,Epm,1283.7700000000002,317.852,100.0,True,CURVA,2024-01-04,1,1.0
CP-ENDC2024-001,2024-06-05,2024-05-22,2025-01-01,2029-12-31,Regulado,EPMG,EPM,Epm,1099.9,314.12,100.0,True,CURVA,2024-01-04,1,2.0
CP-ENDC2024-001,2024-06-05,2024-05-22,2025-01-01,2038-12-31,Regulado,EPSG,EPS,Celsia,317.85361508188885,324.04615384615386,0.0,False,PLANA,2024-01-04,3,1.0
CP-ENDC2024-001,2024-06-05,2024-05-22,2025-01-01,2038-12-31,Regulado,EPSG,EPS,Celsia,317.85361508188885,329.04615384615386,0.0,False,PLANA,2024-01-04,3,2.0
CP-ENDC2024-001,2024-06-05,2024-05-22,2025-01-01,2029-12-31,Regulado,GASC,GAS,Generarco,171.57999999999998,330.66799999999995,80.0,True,PLANO,2024-01-04,1,1.0
CP-ENDC2024-001,2024-06-05,2024-05-22,2025-01-01,2038-12-31,Regulado,NMRG,NMR,Nmrg,1215.8659060772593,311.7857142857143,0.0,False,CURVA,2024-01-04,3,1.0
CP-ENDC2024-001,2024-06-05,2024-05-22,2025-01-01,2029-12-31,Regulado,NTCG,NTC,Nitroenergy,417.0,347.5,100.0,True,PLANO,2024-01-04,1,1.0
CP-ENDC2024-001,2024-06-05,2024-05-22,2025-01-01,2029-12-31,Regulado,SPRG,SPR,Esprod,24.455999999999996,345.0,100.0,True,CURVA,2024-01-04,1,1.0
CP-ENDC2024-001,2024-06-05,2024-05-22,2025-01-01,2038-12-31,Regulado,SPRG,SPR,Esprod,149.49583182243813,301.4,100.0,True,CURVA,2024-01-04,3,1.0
CP-ENDC2024-001,2024-06-05,2024-05-22,2025-01-01,2029-12-31,Regulado,TYPG,TYP,Termoyopal,350.4,353.4,0.0,False,PLANO,2024-01-04,1,1.0
CP-ENDC2024-001,2024-06-05,2024-05-22,2025-01-01,2029-12-31,Regulado,TYPG,TYP,Termoyopal,131.25,387.2,0.0,False,PLANO,2024-01-04,1,2.0
CP-ENDC2024-001,2024-06-05,2024-05-22,2025-01-01,2029-12-31,Regulado,ZONC,ZON,Zonc,311.9600000000001,358.915,50.0,True,PLANO,2024-01-04,1,1.0
CP-ENDC2024-002,2024-11-25,2024-11-12,2025-01-01,2031-12-31,Regulado,ENDG,END,Enel,630.0360000000001,297.5433333333333,100.0,True,CURVA,2024-01-09,1,1.0
CP-ENDC2024-002,2024-11-25,2024-11-12,2025-01-01,2031-12-31,Regulado,EPMG,EPM,Epm,1199.76912,318.31333333333333,100.0,True,CURVA,2024-01-09,1,1.0
CP-ENDC2024-002,2024-11-25,2024-11-12,2025-01-01,2031-12-31,Regulado,EPMG,EPM,Epm,599.91888,317.78000000000003,83.4,True,CURVA,2024-01-09,1,2.0
CP-ENDC2024-002,2024-11-25,2024-11-12,2025-01-01,2031-12-31,Regulado,ISGG,ISG,Isagen,855.26604,316.192,100.0,True,CURVA,2024-01-09,1,1.0
CP-ENDC2024-002,2024-11-25,2024-11-12,2025-01-01,2031-12-31,Regulado,ISGG,ISG,Isagen,499.99992,313.62,82.0,True,CURVA,2024-01-09,1,2.0
CP-ENDC2024-002,2024-11-25,2024-11-12,2025-01-01,2031-12-31,Regulado,ISGG,ISG,Isagen,499.99992,315.62,0.0,False,CURVA,2024-01-09,1,3.0
CP-ENDC2024-003,2025-02-06,2025-01-24,2028-01-01,2039-12-31,Regulado,CNRC,CNR,Coenersa,494.66,321.55833333333334,100.0,True,CURVA,2024-01-11,1,1.0
CP-ENDC2024-003,2025-02-06,2025-01-24,2030-01-01,2039-12-31,Regulado,ENDG,END,Enel,1106.81,306.03999999999996,100.0,True,CURVA,2024-01-11,1,4.0
CP-ENDC2024-003,2025-02-06,2025-01-24,2030-01-01,2039-12-31,Regulado,NTCG,NTC,Nitroenergy,1217.52229314,327.67400000000004,77.0,True,CURVA,2024-01-11,1,3.0
CP-ENDC2024-003,2025-02-06,2025-01-24,2026-01-01,2039-12-31,Regulado,SPRG,SPR,Esprod,103.98,317.4428571428572,100.0,True,CURVA,2024-01-11,1,2.0
CP-ENDC2024-004,2025-02-06,2025-01-24,2025-01-01,2025-12-31,Regulado,BTGC,BTG,Btg,18.36,450.0,0.0,False,PLANA,2024-01-11,1,1.0
CP-ENDC2024-004,2025-02-06,2025-01-24,2025-01-01,2025-12-31,Regulado,BTGC,BTG,Btg,18.36,475.0,0.0,False,PLANA,2024-01-11,1,2.0
CP-ENDC2024-004,2025-02-06,2025-01-24,2025-01-01,2025-12-31,Regulado,BTGC,BTG,Btg,73.44,500.0,0.0,False,PLANA,2024-01-11,1,3.0
CP-ENDC2024-004,2025-02-06,2025-01-24,2026-01-01,2026-12-31,Regulado,ENDG,END,Enel,73.80000000000001,352.5,100.0,True,PLANA,2024-01-11,1,1.0
CP-ENDC2024-004,2025-02-06,2025-01-24,2026-01-01,2026-12-31,Regulado,ENDG,END,Enel,73.80000000000001,354.49,100.0,True,PLANA,2024-01-11,1,2.0
CP-ENDC2024-004,2025-02-06,2025-01-24,2026-01-01,2026-12-31,Regulado,ENDG,END,Enel,59.040000000000006,356.99,100.0,True,PLANA,2024-01-11,1,3.0
CP-ENDC2024-004,2025-02-06,2025-01-24,2025-01-01,2027-12-31,Regulado,EPTC,EPT,Eptc,21.16,391.3544827586207,24.137931034482758,True,PLANA,2024-01-11,1,1.0
CP-ENDC2024-004,2025-02-06,2025-01-24,2026-01-01,2027-12-31,Regulado,TERG,TER,Termotasajero Dos,292.586,381.0,50.0,True,PLANA,2024-01-11,1,1.0
CP-ENDC2024-004,2025-02-06,2025-01-24,2026-01-01,2027-12-31,Regulado,TERG,TER,Termotasajero Dos,292.586,386.5,0.0,False,PLANA,2024-01-11,1,2.0
CP-ENDC2024-004,2025-02-06,2025-01-24,2025-01-01,2027-12-31,Regulado,ZONC,ZON,Zonc,63.0,445.79727272727274,54.54545454545455,True,PLANA,2024-01-11,1,1.0
CP-ENDC2024-004,2025-02-06,2025-01-24,2026-01-01,2027-12-31,Regulado,ZONC,ZON,Zonc,84.372,363.86947368421056,100.0,True,PLANA,2024-01-11,1,2.0
CP-ENDC2025-001,2025-04-23,2025-04-08,2025-01-01,2025-12-31,Regulado,BTGC,BTG,Btg,30.744,374.0,28.51,True,PLANO,2025-01-02,1,1.0
CP-ENDC2025-001,2025-04-23,2025-04-08,2025-01-01,2025-12-31,Regulado,BTGC,BTG,Btg,30.744,379.0,0.0,False,PLANO,2025-01-02,1,2.0
CP-ENDC2025-001,2025-04-23,2025-04-08,2025-01-01,2025-12-31,Regulado,BTGC,BTG,Btg,30.744,384.0,0.0,False,PLANO,2025-01-02,1,3.0
CP-ENDC2025-001,2025-04-23,2025-04-08,2025-01-01,2027-12-31,Regulado,CHVG,CHV,Aes,121.33,374.2266666666667,66.66666666666667,True,CURVA,2025-01-02,1,1.0
CP-ENDC2025-001,2025-04-23,2025-04-08,2027-01-01,2027-12-31,Regulado,ENDG,END,Enel,103.32,347.36,100.0,True,PLANO,2025-01-02,1,1.0
CP-ENDC2025-001,2025-04-23,2025-04-08,2027-01-01,2027-12-31,Regulado,ENDG,END,Enel,103.32,349.82,100.0,True,PLANO,2025-01-02,1,2.0
CP-ENDC2025-001,2025-04-23,2025-04-08,2027-01-01,2027-12-31,Regulado,ENDG,END,Enel,108.48,352.32,100.0,True,PLANO,2025-01-02,1,3.0
CP-ENDC2025-001,2025-04-23,2025-04-08,2025-01-01,2027-12-31,Regulado,EPSG,EPS,Celsia,134.779,410.37647058823535,5.882352941176471,True,PLANO,2025-01-02,1,1.0
CP-ENDC2025-001,2025-04-23,2025-04-08,2025-01-01,2027-12-31,Regulado,EPSG,EPS,Celsia,134.779,415.4352941176471,5.882352941176471,True,PLANO,2025-01-02,1,2.0
CP-ENDC2025-001,2025-04-23,2025-04-08,2027-01-01,2027-12-31,Regulado,EPSG,EPS,Celsia,70.0,421.1,0.0,False,PLANO,2025-01-02,1,3.0
CP-ENDC2025-001,2025-04-23,2025-04-08,2025-01-01,2025-12-31,Regulado,NTCG,NTC,Nitroenergy,82.326,379.79,0.0,False,PLANO,2025-01-02,1,1.0
CP-ENDC2025-001,2025-04-23,2025-04-08,2025-01-01,2025-12-31,Regulado,PRYC,PRY,Proenergy,89.167,395.0,0.0,False,PLANO,2025-01-02,1,1.0
CP-ENDC2025-001,2025-04-23,2025-04-08,2025-01-01,2025-12-31,Regulado,PRYC,PRY,Proenergy,12.6,405.0,0.0,False,PLANO,2025-01-02,1,2.0
CP-ENDC2025-001,2025-04-23,2025-04-08,2025-01-01,2027-12-31,Regulado,SPRG,SPR,Esprod,74.3,374.2217391304348,73.91304347826087,True,PLANO,2025-01-02,1,1.0
CP-ENDC2025-001,2025-04-23,2025-04-08,2025-01-01,2027-12-31,Regulado,SPRG,SPR,Esprod,62.919,378.10869565217394,73.91304347826087,True,PLANO,2025-01-02,1,2.0
CP-ENDC2025-001,2025-04-23,2025-04-08,2026-01-01,2027-12-31,Regulado,ZONC,ZON,Zonc,150.681,382.48,100.0,True,PLANO,2025-01-02,1,1.0
CP-ENDC2025-002,2025-04-23,2025-04-08,2026-01-01,2035-12-31,Regulado,SPRG,SPR,Esprod,201.244,336.98800000000006,52.0,True,CURVA,2025-01-02,1,1.0
CP-ENDC2025-003,2025-07-03,2025-06-18,2025-08-01,2028-12-31,Regulado,AMPC,AMP,Ampc,25.704,340.0,0.0,False,CURVA,2025-04-01,1,1.0
CP-ENDC2025-003,2025-07-03,2025-06-18,2025-08-01,2028-12-31,Regulado,BTGC,BTG,Btg,74.076,335.0,0.0,False,CURVA,2025-04-01,1,1.0
CP-ENDC2025-003,2025-07-03,2025-06-18,2025-08-01,2028-12-31,Regulado,BTGC,BTG,Btg,74.076,350.0,0.0,False,CURVA,2025-04-01,1,2.0
CP-ENDC2025-003,2025-07-03,2025-06-18,2025-08-01,2028-12-31,Regulado,BTGC,BTG,Btg,74.076,380.0,0.0,False,CURVA,2025-04-01,1,3.0
CP-ENDC2025-003,2025-07-03,2025-06-18,2025-08-01,2028-12-31,Regulado,BTGC,BTG,Btg,74.076,420.0,0.0,False,CURVA,2025-04-01,1,4.0
CP-ENDC2025-003,2025-07-03,2025-06-18,2025-08-01,2028-12-31,Regulado,CMXG,CMX,Cemex Energy,25.480999999999998,372.0,0.0,False,CURVA,2025-04-01,1,1.0
CP-ENDC2025-003,2025-07-03,2025-06-18,2025-08-01,2028-12-31,Regulado,DEPG,DEP,Depi,11.016000000000002,350.0,0.0,False,CURVA,2025-04-01,1,1.0
CP-ENDC2025-003,2025-07-03,2025-06-18,2025-08-01,2028-12-31,Regulado,EPTC,EPT,Eptc,2370.0,339.67,0.0,False,CURVA,2025-04-01,1,1.0
CP-ENDC2025-003,2025-07-03,2025-06-18,2025-08-01,2028-12-31,Regulado,EPTC,EPT,Eptc,2370.0,343.64,0.0,False,CURVA,2025-04-01,1,2.0
CP-ENDC2025-003,2025-07-03,2025-06-18,2025-08-01,2028-12-31,Regulado,GASC,GAS,Generarco,67.884,320.0,87.3,True,CURVA,2025-04-01,1,1.0
CP-ENDC2025-003,2025-07-03,2025-06-18,2025-08-01,2028-12-31,Regulado,GASC,GAS,Generarco,29.097,360.0,0.0,False,CURVA,2025-04-01,1,2.0
CP-ENDC2025-003,2025-07-03,2025-06-18,2025-08-01,2028-12-31,Regulado,ISGG,ISG,Isagen,237.042,285.74,100.0,True,CURVA,2025-04-01,1,1.0
CP-ENDC2025-003,2025-07-03,2025-06-18,2025-08-01,2028-12-31,Regulado,PEEG,PEE,Peesa,15.606,329.74,0.0,False,CURVA,2025-04-01,1,1.0
CP-ENDC2025-003,2025-07-03,2025-06-18,2025-08-01,2028-12-31,Regulado,PRYC,PRY,Proenergy,68.535,329.0,0.0,False,CURVA,2025-04-01,1,1.0
CP-ENDC2025-003,2025-07-03,2025-06-18,2025-08-01,2028-12-31,Regulado,SFEG,SFE,Santa Fe,6.489,343.91,0.0,False,CURVA,2025-04-01,1,1.0
CP-ENDC2025-004,2025-07-03,2025-06-18,2026-01-01,2039-12-31,Regulado,CNRC,CNR,Coenersa,684.643,342.14285714285717,92.65714285714286,True,PLANA,2025-04-01,1,1.0
CP-ENDC2025-004,2025-07-03,2025-06-18,2026-01-01,2039-12-31,Regulado,OTAG,OTA,Otag,401.363,331.42857142857144,100.0,True,CURVA,2025-04-01,1,1.0
CP-ENDC2025-004,2025-07-03,2025-06-18,2026-01-01,2039-12-31,Regulado,SPRG,SPR,Esprod,910.827,349.9214285714285,0.0,False,CURVA,2025-04-01,1,1.0
CP-ENDC2025-005,2025-10-01,2025-09-18,2026-01-01,2026-12-31,Regulado,AMPC,AMP,Ampc,44.904,428.6363636363636,0.0,False,CURVA,2025-07-01,1,1.0
CP-ENDC2025-005,2025-10-01,2025-09-18,2026-01-01,2026-12-31,Regulado,BTGC,BTG,Btg,141.006,376.625,100.0,True,CURVA,2025-07-01,1,1.0
CP-ENDC2025-005,2025-10-01,2025-09-18,2026-01-01,2026-12-31,Regulado,BTGC,BTG,Btg,141.006,379.625,100.0,True,CURVA,2025-07-01,1,2.0
CP-ENDC2025-005,2025-10-01,2025-09-18,2026-01-01,2026-12-31,Regulado,BTGC,BTG,Btg,141.006,384.625,100.0,True,CURVA,2025-07-01,1,3.0
CP-ENDC2025-005,2025-10-01,2025-09-18,2026-01-01,2026-12-31,Regulado,BTGC,BTG,Btg,141.006,389.625,0.0,False,CURVA,2025-07-01,1,4.0
CP-ENDC2025-005,2025-10-01,2025-09-18,2026-01-01,2026-12-31,Regulado,DEPG,DEP,Depi,37.23,411.25,0.0,False,CURVA,2025-07-01,1,1.0
CP-ENDC2025-005,2025-10-01,2025-09-18,2026-01-01,2026-12-31,Regulado,EGRG,EGR,Egrg,14.525,382.0,100.0,True,CURVA,2025-07-01,1,1.0
CP-ENDC2025-005,2025-10-01,2025-09-18,2026-01-01,2026-12-31,Regulado,EGRG,EGR,Egrg,14.525,385.0,100.0,True,CURVA,2025-07-01,1,2.0
CP-ENDC2025-005,2025-10-01,2025-09-18,2026-01-01,2026-12-31,Regulado,ENDG,END,Enel,68.0,361.0,100.0,True,CURVA,2025-07-01,1,1.0
CP-ENDC2025-005,2025-10-01,2025-09-18,2027-01-01,2027-12-31,Regulado,ENDG,END,Enel,45.0,365.37000000000006,100.0,True,CURVA,2025-07-01,2,1.0
CP-ENDC2025-005,2025-10-01,2025-09-18,2026-01-01,2026-12-31,Regulado,EPMG,EPM,Epm,500.0,385.0,100.0,True,CURVA,2025-07-01,1,1.0
CP-ENDC2025-005,2025-10-01,2025-09-18,2026-01-01,2026-12-31,Regulado,EPMG,EPM,Epm,500.0,390.0,100.0,True,CURVA,2025-07-01,1,2.0
CP-ENDC2025-005,2025-10-01,2025-09-18,2027-01-01,2027-12-31,Regulado,EPSG,EPS,Celsia,50.539,393.68,0.0,False,CURVA,2025-07-01,2,1.0
CP-ENDC2025-005,2025-10-01,2025-09-18,2028-01-01,2028-12-31,Regulado,EPSG,EPS,Celsia,56.26,387.55,0.0,False,CURVA,2025-07-01,3,1.0
CP-ENDC2025-005,2025-10-01,2025-09-18,2026-01-01,2026-12-31,Regulado,GASC,GAS,Generarco,102.60600000000001,388.0,0.0,False,CURVA,2025-07-01,1,1.0
CP-ENDC2025-005,2025-10-01,2025-09-18,2026-01-01,2026-12-31,Regulado,GASC,GAS,Generarco,94.78699999999999,386.25,0.0,False,CURVA,2025-07-01,1,2.0
CP-ENDC2025-005,2025-10-01,2025-09-18,2027-01-01,2027-12-31,Regulado,GASC,GAS,Generarco,106.736,375.42,100.0,True,CURVA,2025-07-01,2,1.0
CP-ENDC2025-005,2025-10-01,2025-09-18,2027-01-01,2027-12-31,Regulado,GASC,GAS,Generarco,93.983,375.6000000000001,100.0,True,CURVA,2025-07-01,2,2.0
CP-ENDC2025-005,2025-10-01,2025-09-18,2028-01-01,2028-12-31,Regulado,GASC,GAS,Generarco,137.694,356.98,100.0,True,CURVA,2025-07-01,3,1.0
CP-ENDC2025-005,2025-10-01,2025-09-18,2028-01-01,2028-12-31,Regulado,GASC,GAS,Generarco,187.273,357.12000000000006,100.0,True,CURVA,2025-07-01,3,2.0
CP-ENDC2025-005,2025-10-01,2025-09-18,2026-01-01,2026-12-31,Regulado,NTCG,NTC,Nitroenergy,36.69700000000001,430.0,0.0,False,CURVA,2025-07-01,1,1.0
CP-ENDC2025-005,2025-10-01,2025-09-18,2026-01-01,2026-12-31,Regulado,SPRG,SPR,Esprod,45.536,382.0,100.0,True,CURVA,2025-07-01,1,1.0
CP-ENDC2025-005,2025-10-01,2025-09-18,2026-01-01,2026-12-31,Regulado,SPRG,SPR,Esprod,45.536,384.0,100.0,True,CURVA,2025-07-01,1,2.0
CP-ENDC2025-005,2025-10-01,2025-09-18,2026-01-01,2026-12-31,Regulado,SPRG,SPR,Esprod,45.536,386.0,100.0,True,CURVA,2025-07-01,1,3.0
CP-ENDC2025-005,2025-10-01,2025-09-18,2026-01-01,2026-12-31,Regulado,TERG,TER,Termotasajero Dos,233.001,385.0,100.0,True,CURVA,2025-07-01,1,1.0
CP-ENDC2025-005,2025-10-01,2025-09-18,2026-01-01,2026-12-31,Regulado,TERG,TER,Termotasajero Dos,153.748,387.0,100.0,True,CURVA,2025-07-01,1,2.0
CP-ENDC2025-005,2025-10-01,2025-09-18,2026-01-01,2026-12-31,Regulado,TERG,TER,Termotasajero Dos,233.001,389.0,0.0,False,CURVA,2025-07-01,1,3.0
CP-ENDC2025-005,2025-10-01,2025-09-18,2027-01-01,2027-12-31,Regulado,TERG,TER,Termotasajero Dos,99.995,369.98,100.0,True,CURVA,2025-07-01,2,1.0
CP-ENDC2025-005,2025-10-01,2025-09-18,2027-01-01,2027-12-31,Regulado,TERG,TER,Termotasajero Dos,99.995,379.98,100.0,True,CURVA,2025-07-01,2,2.0
CP-ENDC2025-005,2025-10-01,2025-09-18,2027-01-01,2027-12-31,Regulado,TERG,TER,Termotasajero Dos,99.995,389.98,0.0,False,CURVA,2025-07-01,2,3.0
CP-ENDC2025-006,2025-10-01,2025-09-18,2026-01-01,2039-12-31,Regulado,BTGC,BTG,Btg,1158.43801,338.29,100.0,True,CURVA,2025-07-01,1,1.0
CP-ENDC2025-006,2025-10-01,2025-09-18,2026-01-01,2039-12-31,Regulado,BTGC,BTG,Btg,1158.43801,345.14714285714285,0.0,False,CURVA,2025-07-01,1,2.0
CP-ENDC2025-006,2025-10-01,2025-09-18,2026-01-01,2039-12-31,Regulado,BTGC,BTG,Btg,598.68491,350.14714285714285,0.0,False,CURVA,2025-07-01,1,3.0
CP-ENDC2025-006,2025-10-01,2025-09-18,2026-01-01,2039-12-31,Regulado,CNRC,CNR,Coenersa,1065.69702,337.83461538461535,71.87384615384615,True,CURVA,2025-07-01,1,1.0
CP-ENDC2025-006,2025-10-01,2025-09-18,2026-01-01,2039-12-31,Regulado,EPTC,EPT,Eptc,155.67202,348.34615384615387,0.0,False,CURVA,2025-07-01,1,1.0
CP-ENDC2025-006,2025-10-01,2025-09-18,2026-01-01,2039-12-31,Regulado,ISGG,ISG,Isagen,1531.081,343.6569230769231,0.0,False,CURVA,2025-07-01,1,1.0
CP-ENDC2025-006,2025-10-01,2025-09-18,2026-01-01,2039-12-31,Regulado,NEUC,NEU,Erco,165.86201,331.8146153846154,100.0,True,CURVA,2025-07-01,1,1.0
CP-ENDC2025-006,2025-10-01,2025-09-18,2026-01-01,2039-12-31,Regulado,OTAG,OTA,Otag,160.63198,336.07142857142856,100.0,True,CURVA,2025-07-01,1,1.0
CP-ENDC2025-006,2025-10-01,2025-09-18,2026-01-01,2039-12-31,Regulado,OTAG,OTA,Otag,200.89004,336.07142857142856,100.0,True,CURVA,2025-07-01,1,2.0
CP-ENDC2025-006,2025-10-01,2025-09-18,2026-01-01,2039-12-31,Regulado,OTAG,OTA,Otag,163.95199,336.07142857142856,100.0,True,CURVA,2025-07-01,1,3.0
CP-ENDC2025-007,2025-12-11,2025-11-27,2026-01-01,2026-12-31,Regulado,BTGC,BTG,Btg,96.582,385.0,100.0,True,CURVA,2025-09-01,1,1.0
CP-ENDC2025-007,2025-12-11,2025-11-27,2026-01-01,2026-12-31,Regulado,BTGC,BTG,Btg,96.582,390.0,100.0,True,CURVA,2025-09-01,1,2.0
CP-ENDC2025-007,2025-12-11,2025-11-27,2026-01-01,2026-12-31,Regulado,BTGC,BTG,Btg,96.582,395.0,100.0,True,CURVA,2025-09-01,1,3.0
CP-ENDC2025-007,2025-12-11,2025-11-27,2026-01-01,2026-12-31,Regulado,BTGC,BTG,Btg,96.582,405.0,90.0,True,CURVA,2025-09-01,1,4.0
CP-ENDC2025-007,2025-12-11,2025-11-27,2026-01-01,2026-12-31,Regulado,CHVG,CHV,Aes,80.256,360.0,100.0,True,CURVA,2025-09-01,1,1.0
CP-ENDC2025-007,2025-12-11,2025-11-27,2026-01-01,2026-12-31,Regulado,CHVG,CHV,Aes,60.556,371.0,100.0,True,CURVA,2025-09-01,1,2.0
CP-ENDC2025-007,2025-12-11,2025-11-27,2026-01-01,2026-12-31,Regulado,CHVG,CHV,Aes,59.956,380.0,100.0,True,CURVA,2025-09-01,1,3.0
CP-ENDC2025-007,2025-12-11,2025-11-27,2026-01-01,2026-12-31,Regulado,DEPG,DEP,Depi,24.78,404.76,100.0,True,CURVA,2025-09-01,1,1.0
CP-ENDC2025-007,2025-12-11,2025-11-27,2026-01-01,2026-12-31,Regulado,EPTC,EPT,Eptc,16.400000000000002,415.0,0.0,False,CURVA,2025-09-01,1,1.0
CP-ENDC2025-007,2025-12-11,2025-11-27,2028-01-01,2028-12-31,Regulado,EPTC,EPT,Eptc,14.000000000000004,387.0,0.0,False,CURVA,2025-09-01,3,1.0
CP-ENDC2025-007,2025-12-11,2025-11-27,2026-01-01,2026-12-31,Regulado,GASC,GAS,Generarco,54.101,399.8,100.0,True,CURVA,2025-09-01,1,1.0
CP-ENDC2025-007,2025-12-11,2025-11-27,2026-01-01,2026-12-31,Regulado,NTCG,NTC,Nitroenergy,221.362,379.91,100.0,True,CURVA,2025-09-01,1,1.0
CP-ENDC2025-007,2025-12-11,2025-11-27,2026-01-01,2026-12-31,Regulado,NTCG,NTC,Nitroenergy,221.362,394.89,100.0,True,CURVA,2025-09-01,1,2.0
CP-ENDC2025-007,2025-12-11,2025-11-27,2026-01-01,2026-12-31,Regulado,NTCG,NTC,Nitroenergy,221.362,409.89,20.0,True,CURVA,2025-09-01,1,3.0
CP-ENDC2025-007,2025-12-11,2025-11-27,2026-01-01,2026-12-31,Regulado,RTQC,RTQ,Ruitoque,42.46,390.0,100.0,True,CURVA,2025-09-01,1,1.0
CP-ENDC2025-007,2025-12-11,2025-11-27,2026-01-01,2026-12-31,Regulado,SPRG,SPR,Esprod,41.617,376.9,100.0,True,CURVA,2025-09-01,1,1.0
CP-ENDC2025-007,2025-12-11,2025-11-27,2026-01-01,2027-12-31,Regulado,SPRG,SPR,Esprod,99.04,389.8125,62.5,True,CURVA,2025-09-01,1,2.0
CP-ENDC2025-007,2025-12-11,2025-11-27,2026-01-01,2026-12-31,Regulado,SPRG,SPR,Esprod,26.983,383.9,100.0,True,CURVA,2025-09-01,1,3.0
CP-ENDC2025-007,2025-12-11,2025-11-27,2026-01-01,2026-12-31,Regulado,TRMG,TRM,Termotasajero,82.299,388.5,100.0,True,CURVA,2025-09-01,1,1.0
CP-ENDC2025-007,2025-12-11,2025-11-27,2026-01-01,2026-12-31,Regulado,TRMG,TRM,Termotasajero,82.299,390.7,100.0,True,CURVA,2025-09-01,1,2.0
CP-ENDC2025-007,2025-12-11,2025-11-27,2027-01-01,2027-12-31,Regulado,TRMG,TRM,Termotasajero,100.0,410.0,0.0,False,CURVA,2025-09-01,2,1.0
CP-ENDC2025-007,2025-12-11,2025-11-27,2027-01-01,2027-12-31,Regulado,TRMG,TRM,Termotasajero,100.0,420.0,0.0,False,CURVA,2025-09-01,2,2.0
CP-ENDC2025-007,2025-12-11,2025-11-27,2028-01-01,2028-12-31,Regulado,TRMG,TRM,Termotasajero,100.0,382.0,0.0,False,CURVA,2025-09-01,3,1.0
CP-ENDC2025-007,2025-12-11,2025-11-27,2028-01-01,2028-12-31,Regulado,TRMG,TRM,Termotasajero,100.0,392.0,0.0,False,CURVA,2025-09-01,3,2.0
CP-ENDC2025-008,2025-12-11,2025-11-27,2026-01-01,2039-12-31,Regulado,BTGC,BTG,Btg,5144.146,335.3564285714286,100.0,True,PLANO,2025-09-01,1,1.0
CP-ENDC2025-008,2025-12-11,2025-11-27,2026-01-01,2039-12-31,Regulado,BTGC,BTG,Btg,2371.675,335.8564285714286,100.0,True,PLANO,2025-09-01,1,2.0
CP-ENDC2025-008,2025-12-11,2025-11-27,2026-01-01,2039-12-31,Regulado,CNRC,CNR,Coenersa,663.116,337.6807692307692,0.0,False,PLANO,2025-09-01,1,2.0
CP-ENDC2025-008,2025-12-11,2025-11-27,2026-01-01,2039-12-31,Regulado,OTAG,OTA,Otag,173.31799999999998,334.38461538461536,0.0,False,PLANO,2025-09-01,1,1.0
CP-ENDC2025-008,2025-12-11,2025-11-27,2026-01-01,2039-12-31,Regulado,OTAG,OTA,Otag,420.608,334.38461538461536,0.0,False,PLANO,2025-09-01,1,2.0
CP-ENDC2025-008,2025-12-11,2025-11-27,2026-01-01,2039-12-31,Regulado,OTAG,OTA,Otag,222.7,334.38461538461536,0.0,False,PLANO,2025-09-01,1,3.0
CP-ENDC2026-001,2026-03-12,2026-02-27,2026-04-01,2026-12-31,Regulado,BEAC,BEA,Beam,1.5,360.0,0.0,False,CURVA,2025-12-01,1,1.0
CP-ENDC2026-001,2026-03-12,2026-02-27,2026-04-01,2026-12-31,Regulado,BTGC,BTG,Btg,22.200000000000003,307.5,50.0,True,PLANO,2025-12-01,1,1.0
CP-ENDC2026-001,2026-03-12,2026-02-27,2026-04-01,2026-12-31,Regulado,BTGC,BTG,Btg,22.200000000000003,335.0,50.0,True,PLANO,2025-12-01,1,2.0
CP-ENDC2026-001,2026-03-12,2026-02-27,2026-04-01,2026-12-31,Regulado,BTGC,BTG,Btg,25.8,357.5,50.0,True,PLANO,2025-12-01,1,3.0
CP-ENDC2026-001,2026-03-12,2026-02-27,2026-04-01,2026-12-31,Regulado,DEPG,DEP,Depi,11.0,376.16999999999996,0.0,False,PLANO,2025-12-01,1,1.0
CP-ENDC2026-001,2026-03-12,2026-02-27,2027-01-01,2027-12-31,Regulado,DEPG,DEP,Depi,21.6,423.7,0.0,False,PLANO,2025-12-01,2,1.0
CP-ENDC2026-001,2026-03-12,2026-02-27,2028-01-01,2028-12-31,Regulado,DEPG,DEP,Depi,44.400000000000006,418.46,0.0,False,PLANO,2025-12-01,3,1.0
CP-ENDC2026-001,2026-03-12,2026-02-27,2027-01-01,2035-12-31,Regulado,EPMG,EPM,Epm,3704.546,342.51874999999995,0.0,False,PLANO,2025-12-01,4,1.0
CP-ENDC2026-001,2026-03-12,2026-02-27,2026-04-01,2026-12-31,Regulado,EPSG,EPS,Celsia,34.2,275.0,0.0,False,PLANO,2025-12-01,1,1.0
CP-ENDC2026-001,2026-03-12,2026-02-27,2027-01-01,2035-12-31,Regulado,EPSG,EPS,Celsia,404.4,367.18571428571425,0.0,False,PLANO,2025-12-01,4,1.0
CP-ENDC2026-001,2026-03-12,2026-02-27,2027-01-01,2035-12-31,Regulado,EPSG,EPS,Celsia,377.3,368.14285714285717,0.0,False,PLANO,2025-12-01,4,2.0
CP-ENDC2026-001,2026-03-12,2026-02-27,2026-04-01,2026-12-31,Regulado,EPTG,EPT,Eptg,1.0,339.0,0.0,False,PLANO,2025-12-01,1,1.0
CP-ENDC2026-001,2026-03-12,2026-02-27,2027-01-01,2027-12-31,Regulado,EPTG,EPT,Eptg,13.200000000000001,391.68,0.0,False,PLANO,2025-12-01,2,1.0
CP-ENDC2026-001,2026-03-12,2026-02-27,2028-01-01,2028-12-31,Regulado,EPTG,EPT,Eptg,14.399999999999999,381.48,0.0,False,PLANO,2025-12-01,3,1.0
CP-ENDC2026-001,2026-03-12,2026-02-27,2028-01-01,2028-12-31,Regulado,GASC,GAS,Generarco,54.0,380.0,0.0,False,PLANO,2025-12-01,3,1.0
CP-ENDC2026-001,2026-03-12,2026-02-27,2027-01-01,2027-12-31,Regulado,IAEC,IAE,Ia Energía,28.799999999999997,393.5,0.0,False,PLANO,2025-12-01,2,1.0
CP-ENDC2026-001,2026-03-12,2026-02-27,2027-01-01,2027-12-31,Regulado,IAEC,IAE,Ia Energía,26.400000000000002,403.5,0.0,False,PLANO,2025-12-01,2,2.0
CP-ENDC2026-001,2026-03-12,2026-02-27,2028-01-01,2028-12-31,Regulado,IAEC,IAE,Ia Energía,18.0,386.5,0.0,False,PLANO,2025-12-01,3,1.0
CP-ENDC2026-001,2026-03-12,2026-02-27,2028-01-01,2028-12-31,Regulado,IAEC,IAE,Ia Energía,18.0,396.5,0.0,False,PLANO,2025-12-01,3,2.0
CP-ENDC2026-001,2026-03-12,2026-02-27,2027-01-01,2027-12-31,Regulado,SPRG,SPR,Esprod,126.0,386.3,0.0,False,PLANO,2025-12-01,2,1.0
CP-ENDC2026-001,2026-03-12,2026-02-27,2027-01-01,2027-12-31,Regulado,SPRG,SPR,Esprod,126.0,391.3999999999999,0.0,False,PLANO,2025-12-01,2,2.0
CP-ENDC2026-001,2026-03-12,2026-02-27,2027-01-01,2027-12-31,Regulado,SPRG,SPR,Esprod,126.0,396.7,0.0,False,PLANO,2025-12-01,2,3.0
CP-ENDC2026-001,2026-03-12,2026-02-27,2028-01-01,2028-12-31,Regulado,SPRG,SPR,Esprod,140.39999999999998,378.8999999999999,0.0,False,PLANO,2025-12-01,3,1.0
CP-ENDC2026-001,2026-03-12,2026-02-27,2028-01-01,2028-12-31,Regulado,SPRG,SPR,Esprod,150.0,387.0,0.0,False,PLANO,2025-12-01,3,2.0
CP-ENDC2026-001,2026-03-12,2026-02-27,2027-01-01,2027-12-31,Regulado,TERG,TER,Termotasajero Dos,99.60000000000001,410.48,0.0,False,PLANO,2025-12-01,2,1.0
CP-ENDC2026-001,2026-03-12,2026-02-27,2027-01-01,2027-12-31,Regulado,TERG,TER,Termotasajero Dos,99.60000000000001,414.48,0.0,False,PLANO,2025-12-01,2,2.0
CP-ENDC2026-001,2026-03-12,2026-02-27,2028-01-01,2028-12-31,Regulado,TERG,TER,Termotasajero Dos,69.6,409.48,0.0,False,PLANO,2025-12-01,3,1.0
CP-ENDC2026-001,2026-03-12,2026-02-27,2028-01-01,2028-12-31,Regulado,TERG,TER,Termotasajero Dos,69.6,413.98,0.0,False,PLANO,2025-12-01,3,2.0
CP-ENDC2026-001,2026-03-12,2026-02-27,2027-01-01,2027-12-31,Regulado,TYPG,TYP,Termoyopal,252.0,400.0,0.0,False,PLANO,2025-12-01,2,1.0
CP-ENDC2026-001,2026-03-12,2026-02-27,2027-01-01,2027-12-31,Regulado,ZONC,ZON,Zonc,85.19999999999999,427.22,0.0,False,PLANO,2025-12-01,2,1.0
CP-ENDC2026-001,2026-03-12,2026-02-27,2028-01-01,2028-12-31,Regulado,ZONC,ZON,Zonc,154.8,428.07,0.0,False,PLANO,2025-12-01,3,1.0
CP-ENDC2026-002,2026-03-12,2026-02-27,2027-01-01,2040-12-31,Regulado,BTGC,BTG,Btg,1450.83,347.10357142857146,0.0,False,CURVA,2025-12-01,1,1.0
CP-ENDC2026-002,2026-03-12,2026-02-27,2027-01-01,2040-12-31,Regulado,BTGC,BTG,Btg,1450.83,343.02214285714285,0.0,False,CURVA,2025-12-01,1,2.0
CP-ENDC2026-002,2026-03-12,2026-02-27,2027-01-01,2040-12-31,Regulado,BTGC,BTG,Btg,1450.83,338.9407142857143,0.0,False,CURVA,2025-12-01,1,3.0
CP-ENDC2026-002,2026-03-12,2026-02-27,2027-01-01,2040-12-31,Regulado,BTGC,BTG,Btg,1450.83,334.86071428571427,0.0,False,CURVA,2025-12-01,1,4.0
CP-ENDC2026-002,2026-03-12,2026-02-27,2027-01-01,2040-12-31,Regulado,BTGC,BTG,Btg,1450.83,330.78000000000003,92.85714285714286,True,CURVA,2025-12-01,1,5.0
CP-ENDC2026-002,2026-03-12,2026-02-27,2027-01-01,2040-12-31,Regulado,BTGC,BTG,Btg,3842.73,347.38928571428573,0.0,False,CURVA,2025-12-01,1,6.0
CP-ENDC2026-002,2026-03-12,2026-02-27,2027-01-01,2040-12-31,Regulado,BTGC,BTG,Btg,3842.73,343.30785714285713,0.0,False,CURVA,2025-12-01,1,7.0
CP-ENDC2026-002,2026-03-12,2026-02-27,2027-01-01,2040-12-31,Regulado,BTGC,BTG,Btg,3842.73,339.2264285714286,0.0,False,CURVA,2025-12-01,1,8.0
CP-ENDC2026-002,2026-03-12,2026-02-27,2027-01-01,2040-12-31,Regulado,BTGC,BTG,Btg,3842.73,335.14642857142854,0.0,False,CURVA,2025-12-01,1,9.0
CP-ENDC2026-002,2026-03-12,2026-02-27,2027-01-01,2040-12-31,Regulado,BTGC,BTG,Btg,3842.73,331.0657142857143,92.85714285714286,True,CURVA,2025-12-01,1,10.0
CP-ENDC2026-002,2026-03-12,2026-02-27,2027-01-01,2040-12-31,Regulado,EPSC,EPS,Celsia,141.87,46.42857142857143,0.0,False,PLANO,2025-12-01,1,1.0
CP-ENDC2026-002,2026-03-12,2026-02-27,2027-01-01,2040-12-31,Regulado,EPSC,EPS,Celsia,542.03,293.63142857142856,0.0,False,PLANO,2025-12-01,1,2.0
CP-ENDC2026-002,2026-03-12,2026-02-27,2027-01-01,2040-12-31,Regulado,EPSC,EPS,Celsia,538.96,301.8457142857143,0.0,False,PLANO,2025-12-01,1,3.0
CP-ENDC2026-002,2026-03-12,2026-02-27,2027-01-01,2040-12-31,Regulado,EPSC,EPS,Celsia,544.81,310.06,0.0,False,PLANO,2025-12-01,1,4.0
CP-ENDC2026-002,2026-03-12,2026-02-27,2027-01-01,2040-12-31,Regulado,EPTC,EPT,Eptc,304.93,338.20285714285717,0.0,False,CURVA,2025-12-01,1,1.0
CP-ENDC2026-002,2026-03-12,2026-02-27,2027-01-01,2040-12-31,Regulado,OTAG,OTA,Otag,185.78,326.57142857142856,0.0,False,CURVA,2025-12-01,1,1.0
CP-ENDC2026-002,2026-03-12,2026-02-27,2027-01-01,2040-12-31,Regulado,SCEC,SCE,Sol & Cielo,154.05,344.07142857142856,0.0,False,CURVA,2025-12-01,1,1.0
CP-ENDC2026-002,2026-03-12,2026-02-27,2027-01-01,2040-12-31,Regulado,TENC,TEN,Tenergéticas,158.54,348.2142857142857,0.0,False,CURVA,2025-12-01,1,1.0
CP-ENDC2026-002,2026-03-12,2026-02-27,2027-01-01,2040-12-31,Regulado,UNGC,UNG,Unergy,330.34,338.62142857142857,0.0,False,CURVA,2025-12-01,1,1.0
CP-ENIC2023-001,2023-09-06,2023-08-24,2029-01-01,2032-12-31,Regulado,ENDG,END,Enel,444.49999999199997,292.3825,75.0,True,CURVA,2023-01-04,3,1.0
CP-ENIC2023-001,2023-09-06,2023-08-24,2023-01-10,2025-12-31,Regulado,EYCC,EYC,Eycc,18.9999999996,485.0,0.0,False,CURVA,2023-01-04,1,1.0
CP-ENIC2023-001,2023-09-06,2023-08-24,2026-01-01,2028-12-31,Regulado,EYCC,EYC,Eycc,142.599999996,346.6666666666667,0.0,False,CURVA,2023-01-04,2,1.0
CP-ENIC2023-001,2023-09-06,2023-08-24,2023-01-10,2025-12-31,Regulado,ISGG,ISG,Isagen,17.600000003999998,341.31,100.0,True,PLANA,2023-01-04,1,1.0
CP-ENIC2023-001,2023-09-06,2023-08-24,2029-01-01,2032-12-31,Regulado,ISGG,ISG,Isagen,246.99999999599999,287.69,100.0,True,CURVA,2023-01-04,3,1.0
CP-ENIC2023-001,2023-09-06,2023-08-24,2026-01-01,2028-12-31,Regulado,VCHC,VCH,Vchc,201.399999996,311.4,100.0,True,CURVA,2023-01-04,2,1.0
CP-ENIC2023-001,2023-09-06,2023-08-24,2026-01-01,2028-12-31,Regulado,VCHC,VCH,Vchc,134.29999999199998,318.3333333333333,100.0,True,CURVA,2023-01-04,2,2.0
CP-ENIC2023-001,2023-09-06,2023-08-24,2029-01-01,2032-12-31,Regulado,VCHC,VCH,Vchc,493.89999999599996,294.0,25.0,True,CURVA,2023-01-04,3,1.0
CP-ENIC2024-001,2024-05-22,2024-05-09,2024-01-07,2024-12-31,Regulado,EGRC,EGR,Egrc,7.771402,376.75,0.0,False,CURVA,2024-01-03,1,1.0
CP-ENIC2024-001,2024-05-22,2024-05-09,2024-01-07,2024-12-31,Regulado,EPMG,EPM,Epm,3.9695590000000003,358.8,0.0,False,CURVA,2024-01-03,1,1.0
CP-ENIC2024-001,2024-05-22,2024-05-09,2025-01-01,2034-12-31,Regulado,EPMG,EPM,Epm,442.76832,320.62399999999997,0.0,False,PLANO,2024-01-03,5,1.0
CP-ENIC2024-001,2024-05-22,2024-05-09,2024-01-07,2024-12-31,Regulado,EYCG,EYC,Eycg,5.98397954,468.0,0.0,False,CURVA,2024-01-03,1,1.0
CP-ENIC2024-001,2024-05-22,2024-05-09,2025-01-01,2034-12-31,Regulado,EYCG,EYC,Eycg,368.97360000000003,344.25,0.0,False,PLANO,2024-01-03,5,1.0
CP-ENIC2024-001,2024-05-22,2024-05-09,2024-01-07,2024-12-31,Regulado,ISGG,ISG,Isagen,5.319678,346.22,0.0,False,CURVA,2024-01-03,1,1.0
CP-ENIC2024-001,2024-05-22,2024-05-09,2025-01-01,2025-12-31,Regulado,ISGG,ISG,Isagen,7.7787679999999995,366.24000000000007,100.0,True,CURVA,2024-01-03,2,1.0
CP-ENIC2024-001,2024-05-22,2024-05-09,2026-01-01,2034-12-31,Regulado,ISGG,ISG,Isagen,120.552977,330.33,100.0,True,CURVA,2024-01-03,3,1.0
CP-ENIC2024-001,2024-05-22,2024-05-09,2024-01-07,2024-12-31,Regulado,NESC,NES,Nova Energy,7.771402,403.0,0.0,False,CURVA,2024-01-03,1,1.0
CP-ENIC2024-001,2024-05-22,2024-05-09,2024-01-07,2024-12-31,Regulado,NTCG,NTC,Nitroenergy,7.771402,347.35999999999996,100.0,True,CURVA,2024-01-03,1,1.0
CP-ENIC2024-001,2024-05-22,2024-05-09,2030-01-01,2034-12-31,Regulado,NTCG,NTC,Nitroenergy,416.196,323.44,0.0,False,PLANO,2024-01-03,4,1.0
CP-ENIC2024-001,2024-05-22,2024-05-09,2024-01-07,2024-12-31,Regulado,VCHC,VCH,Vchc,7.771402,379.8,0.0,False,CURVA,2024-01-03,1,1.0
CP-ENIC2024-001,2024-05-22,2024-05-09,2025-01-01,2034-12-31,Regulado,ZONC,ZON,Zonc,737.9472000000001,362.23400000000004,100.0,True,PLANO,2024-01-03,5,1.0
CP-EPMC2022-002,2022-11-10,2022-10-27,2026-01-01,2026-12-31,Regulado,ENDG,END,Enel,84.0,267.04,0.0,False,CURVA,2022-01-09,4,1.0
CP-EPMC2022-002,2022-11-10,2022-10-27,2023-01-01,2027-12-31,Regulado,ENDG,END,Enel,164.0,247.4,100.0,True,CURVA,2022-01-09,5,1.0
CP-EPMC2022-002,2022-11-10,2022-10-27,2023-01-01,2027-12-31,Regulado,ENDG,END,Enel,164.0,248.41,100.0,True,CURVA,2022-01-09,5,2.0
CP-EPMC2022-002,2022-11-10,2022-10-27,2023-01-01,2027-12-31,Regulado,ENDG,END,Enel,164.0,242.41,0.0,False,CURVA,2022-01-09,5,3.0
CP-EPMC2022-002,2022-11-10,2022-10-27,2026-01-01,2026-12-31,Regulado,EPMG,EPM,Epm,107.35,254.80000000000004,99.7,True,CURVA,2022-01-09,4,1.0
CP-EPMC2022-002,2022-11-10,2022-10-27,2023-01-01,2027-12-31,Regulado,EPMG,EPM,Epm,151.0,245.19999999999996,100.0,True,CURVA,2022-01-09,5,1.0
CP-EPMC2022-002,2022-11-10,2022-10-27,2023-01-01,2028-12-31,Regulado,EPMG,EPM,Epm,226.0,236.6,100.0,True,CURVA,2022-01-09,6,1.0
CP-EPMC2022-002,2022-11-10,2022-10-27,2023-01-01,2028-12-31,Regulado,EPMG,EPM,Epm,152.0,237.9,100.0,True,CURVA,2022-01-09,6,2.0
CP-EPMC2022-002,2022-11-10,2022-10-27,2026-01-01,2026-12-31,Regulado,ISGG,ISG,Isagen,238.32,250.0,100.0,True,CURVA,2022-01-09,4,1.0
CP-EPMC2022-002,2022-11-10,2022-10-27,2026-01-01,2026-12-31,Regulado,ISGG,ISG,Isagen,317.0,252.5,100.0,True,CURVA,2022-01-09,4,2.0
CP-EPMC2022-002,2022-11-10,2022-10-27,2026-01-01,2026-12-31,Regulado,ISGG,ISG,Isagen,143.0,255.5,34.9,True,CURVA,2022-01-09,4,3.0
CP-EPMC2022-002,2022-11-10,2022-10-27,2023-01-01,2027-12-31,Regulado,ISGG,ISG,Isagen,162.0,242.0,100.0,True,CURVA,2022-01-09,5,1.0
CP-EPMC2022-002,2022-11-10,2022-10-27,2023-01-01,2028-12-31,Regulado,ISGG,ISG,Isagen,247.0,237.5,100.0,True,CURVA,2022-01-09,6,1.0
CP-EPMC2022-002,2022-11-10,2022-10-27,2023-01-01,2028-12-31,Regulado,ISGG,ISG,Isagen,175.0,240.0,100.0,True,CURVA,2022-01-09,6,2.0
CP-EPMC2022-002,2022-11-10,2022-10-27,2025-01-01,2025-12-31,Regulado,TYPG,TYP,Termoyopal,222.0,292.0,0.0,False,CURVA,2022-01-09,3,1.0
CP-EPMC2022-002,2022-11-10,2022-10-27,2025-01-01,2025-12-31,Regulado,TYPG,TYP,Termoyopal,222.0,298.0,0.0,False,CURVA,2022-01-09,3,2.0
CP-EPMC2022-002,2022-11-10,2022-10-27,2026-01-01,2026-12-31,Regulado,TYPG,TYP,Termoyopal,262.0,285.0,0.0,False,CURVA,2022-01-09,4,1.0
CP-EPMC2022-002,2022-11-10,2022-10-27,2023-01-01,2027-12-31,Regulado,TYPG,TYP,Termoyopal,174.0,278.0,0.0,False,CURVA,2022-01-09,5,1.0
CP-EPMC2022-003,2023-03-01,2023-02-02,2023-01-01,2023-12-31,Regulado,CHVG,CHV,Aes,32.0,312.0,100.0,True,CURVA,2022-01-12,1,1.0
CP-EPMC2022-003,2023-03-01,2023-02-02,2025-01-01,2025-12-31,Regulado,TRMG,TRM,Termotasajero,84.0,305.0,0.0,False,PLANA,2022-01-12,3,1.0
CP-EPMC2023-001,2023-06-02,2023-05-19,2024-01-01,2024-12-31,Regulado,CHVG,CHV,Aes,55.972,337.2,100.0,True,CURVA,2023-01-04,2,1.0
CP-EPMC2023-001,2023-06-02,2023-05-19,2027-01-01,2027-12-31,Regulado,ENDG,END,Enel,87.59522716842588,285.66,44.0,True,CURVA,2023-01-04,5,1.0
CP-EPMC2023-001,2023-06-02,2023-05-19,2027-01-01,2027-12-31,Regulado,ENDG,END,Enel,87.60000000000001,287.46,0.0,False,CURVA,2023-01-04,5,2.0
CP-EPMC2023-001,2023-06-02,2023-05-19,2027-01-01,2027-12-31,Regulado,ENDG,END,Enel,87.60000000000001,289.26,0.0,False,CURVA,2023-01-04,5,3.0
CP-EPMC2023-001,2023-06-02,2023-05-19,2028-01-01,2028-12-31,Regulado,ENDG,END,Enel,175.68,268.04,100.0,True,CURVA,2023-01-04,6,1.0
CP-EPMC2023-001,2023-06-02,2023-05-19,2028-01-01,2028-12-31,Regulado,ENDG,END,Enel,174.586,273.95,100.0,True,CURVA,2023-01-04,6,2.0
CP-EPMC2023-001,2023-06-02,2023-05-19,2028-01-01,2028-12-31,Regulado,ENDG,END,Enel,175.68,269.84,100.0,True,CURVA,2023-01-04,6,3.0
CP-EPMC2023-001,2023-06-02,2023-05-19,2028-01-01,2028-12-31,Regulado,ENDG,END,Enel,174.586,275.75,83.0,True,CURVA,2023-01-04,6,4.0
CP-EPMC2023-001,2023-06-02,2023-05-19,2028-01-01,2028-12-31,Regulado,ENDG,END,Enel,175.68,271.64,0.0,False,CURVA,2023-01-04,6,5.0
CP-EPMC2023-001,2023-06-02,2023-05-19,2026-01-01,2026-12-31,Regulado,IAEC,IAE,Ia Energía,21.900000000000002,307.13,0.0,False,CURVA,2023-01-04,4,1.0
CP-EPMC2023-001,2023-06-02,2023-05-19,2027-01-01,2027-12-31,Regulado,IAEC,IAE,Ia Energía,21.900000000000002,292.65,0.0,False,CURVA,2023-01-04,5,1.0
CP-EPMC2023-001,2023-06-02,2023-05-19,2028-01-01,2028-12-31,Regulado,IAEC,IAE,Ia Energía,21.96,292.65,0.0,False,CURVA,2023-01-04,6,1.0
CP-EPMC2023-001,2023-06-02,2023-05-19,2027-01-01,2027-12-31,Regulado,ISGG,ISG,Isagen,97.669,263.88,100.0,True,CURVA,2023-01-04,5,1.0
CP-EPMC2023-001,2023-06-02,2023-05-19,2028-01-01,2028-12-31,Regulado,ISGG,ISG,Isagen,249.409,259.58,100.0,True,CURVA,2023-01-04,6,1.0
CP-EPMC2023-001,2023-06-02,2023-05-19,2028-01-01,2028-12-31,Regulado,ISGG,ISG,Isagen,249.409,263.76,100.0,True,CURVA,2023-01-04,6,2.0
CP-EPMC2023-001,2023-06-02,2023-05-19,2024-01-01,2024-12-31,Regulado,SPRG,SPR,Esprod,46.078,394.8,16.0,True,CURVA,2023-01-04,2,1.0
CP-EPMC2023-001,2023-06-02,2023-05-19,2027-01-01,2027-12-31,Regulado,SPRG,SPR,Esprod,97.669,274.8,0.0,False,CURVA,2023-01-04,5,1.0
CP-EPMC2023-001,2023-06-02,2023-05-19,2028-01-01,2028-12-31,Regulado,SPRG,SPR,Esprod,99.761,272.6,0.0,False,CURVA,2023-01-04,6,1.0
CP-EPMC2023-002,2023-09-08,2023-08-29,2025-01-01,2025-12-31,Regulado,CNRC,CNR,Coenersa,87.58,331.0,100.0,True,CURVA,2023-01-07,3,1.0
CP-EPMC2023-002,2023-09-08,2023-08-29,2026-01-01,2026-12-31,Regulado,CNRC,CNR,Coenersa,87.60000000000001,291.0,100.0,True,CURVA,2023-01-07,4,1.0
CP-EPMC2023-002,2023-09-08,2023-08-29,2027-01-01,2027-12-31,Regulado,CNRC,CNR,Coenersa,43.800000000000004,291.8,100.0,True,CURVA,2023-01-07,5,1.0
CP-EPMC2023-002,2023-09-08,2023-08-29,2028-01-01,2028-12-31,Regulado,CNRC,CNR,Coenersa,131.76,291.5,100.0,True,CURVA,2023-01-07,6,1.0
CP-EPMC2023-002,2023-09-08,2023-08-29,2029-01-01,2029-12-31,Regulado,CNRC,CNR,Coenersa,87.60000000000001,281.9,0.0,False,CURVA,2023-01-07,7,1.0
CP-EPMC2023-002,2023-09-08,2023-08-29,2030-01-01,2030-12-31,Regulado,CNRC,CNR,Coenersa,87.60000000000001,270.0,0.0,False,CURVA,2023-01-07,8,1.0
CP-EPMC2023-002,2023-09-08,2023-08-29,2031-01-01,2031-12-31,Regulado,CNRC,CNR,Coenersa,87.60000000000001,267.0,0.0,False,CURVA,2023-01-07,9,1.0
CP-EPMC2023-002,2023-09-08,2023-08-29,2028-01-01,2028-12-31,Regulado,ENDG,END,Enel,83.448,279.09,100.0,True,CURVA,2023-01-07,6,1.0
CP-EPMC2023-002,2023-09-08,2023-08-29,2028-01-01,2028-12-31,Regulado,ENDG,END,Enel,83.448,281.59,100.0,True,CURVA,2023-01-07,6,2.0
CP-EPMC2023-002,2023-09-08,2023-08-29,2028-01-01,2028-12-31,Regulado,ENDG,END,Enel,83.448,284.09,100.0,True,CURVA,2023-01-07,6,3.0
CP-EPMC2023-002,2023-09-08,2023-08-29,2029-01-01,2029-12-31,Regulado,ENDG,END,Enel,131.4,276.09,100.0,True,CURVA,2023-01-07,7,1.0
CP-EPMC2023-002,2023-09-08,2023-08-29,2029-01-01,2029-12-31,Regulado,ENDG,END,Enel,131.4,278.59,0.0,False,CURVA,2023-01-07,7,2.0
CP-EPMC2023-002,2023-09-08,2023-08-29,2029-01-01,2029-12-31,Regulado,ENDG,END,Enel,131.4,281.09,0.0,False,CURVA,2023-01-07,7,3.0
CP-EPMC2023-002,2023-09-08,2023-08-29,2030-01-01,2030-12-31,Regulado,ENDG,END,Enel,131.4,268.09,0.0,False,CURVA,2023-01-07,8,1.0
CP-EPMC2023-002,2023-09-08,2023-08-29,2030-01-01,2030-12-31,Regulado,ENDG,END,Enel,131.4,270.39,0.0,False,CURVA,2023-01-07,8,2.0
CP-EPMC2023-002,2023-09-08,2023-08-29,2030-01-01,2030-12-31,Regulado,ENDG,END,Enel,131.4,272.69,0.0,False,CURVA,2023-01-07,8,3.0
CP-EPMC2023-002,2023-09-08,2023-08-29,2031-01-01,2031-12-31,Regulado,ENDG,END,Enel,131.4,267.44,0.0,False,CURVA,2023-01-07,9,1.0
CP-EPMC2023-002,2023-09-08,2023-08-29,2031-01-01,2031-12-31,Regulado,ENDG,END,Enel,131.4,269.74,0.0,False,CURVA,2023-01-07,9,2.0
CP-EPMC2023-002,2023-09-08,2023-08-29,2031-01-01,2031-12-31,Regulado,ENDG,END,Enel,131.4,272.04,0.0,False,CURVA,2023-01-07,9,3.0
CP-EPMC2023-002,2023-09-08,2023-08-29,2029-01-01,2029-12-31,Regulado,EPMG,EPM,Epm,195.947,269.82,100.0,True,CURVA,2023-01-07,7,1.0
CP-EPMC2023-002,2023-09-08,2023-08-29,2029-01-01,2029-12-31,Regulado,EPMG,EPM,Epm,195.947,271.62,100.0,True,CURVA,2023-01-07,7,2.0
CP-EPMC2023-002,2023-09-08,2023-08-29,2030-01-01,2030-12-31,Regulado,EPMG,EPM,Epm,203.047,269.42,100.0,True,CURVA,2023-01-07,8,1.0
CP-EPMC2023-002,2023-09-08,2023-08-29,2030-01-01,2030-12-31,Regulado,EPMG,EPM,Epm,96.53,271.22,100.0,True,CURVA,2023-01-07,8,2.0
CP-EPMC2023-002,2023-09-08,2023-08-29,2030-01-01,2030-12-31,Regulado,EPMG,EPM,Epm,106.517,271.22,0.0,False,CURVA,2023-01-07,8,3.0
CP-EPMC2023-002,2023-09-08,2023-08-29,2031-01-01,2031-12-31,Regulado,EPMG,EPM,Epm,216.548,267.42,0.0,False,CURVA,2023-01-07,9,1.0
CP-EPMC2023-002,2023-09-08,2023-08-29,2031-01-01,2031-12-31,Regulado,EPMG,EPM,Epm,216.548,269.22,0.0,False,CURVA,2023-01-07,9,2.0
CP-EPMC2023-002,2023-09-08,2023-08-29,2028-01-01,2028-12-31,Regulado,EPSG,EPS,Celsia,50.876,283.15,100.0,True,CURVA,2023-01-07,6,1.0
CP-EPMC2023-002,2023-09-08,2023-08-29,2028-01-01,2028-12-31,Regulado,EPSG,EPS,Celsia,50.876,288.15,100.0,True,CURVA,2023-01-07,6,2.0
CP-EPMC2023-002,2023-09-08,2023-08-29,2028-01-01,2028-12-31,Regulado,EPSG,EPS,Celsia,50.876,293.15,100.0,True,CURVA,2023-01-07,6,3.0
CP-EPMC2023-002,2023-09-08,2023-08-29,2029-01-01,2029-12-31,Regulado,EPSG,EPS,Celsia,55.766,283.15,50.0,True,CURVA,2023-01-07,7,1.0
CP-EPMC2023-002,2023-09-08,2023-08-29,2029-01-01,2029-12-31,Regulado,EPSG,EPS,Celsia,55.767,288.15,0.0,False,CURVA,2023-01-07,7,2.0
CP-EPMC2023-002,2023-09-08,2023-08-29,2029-01-01,2029-12-31,Regulado,EPSG,EPS,Celsia,55.767,293.15,0.0,False,CURVA,2023-01-07,7,3.0
CP-EPMC2023-002,2023-09-08,2023-08-29,2030-01-01,2030-12-31,Regulado,EPSG,EPS,Celsia,55.73,283.15,0.0,False,CURVA,2023-01-07,8,1.0
CP-EPMC2023-002,2023-09-08,2023-08-29,2030-01-01,2030-12-31,Regulado,EPSG,EPS,Celsia,55.73,288.15,0.0,False,CURVA,2023-01-07,8,2.0
CP-EPMC2023-002,2023-09-08,2023-08-29,2030-01-01,2030-12-31,Regulado,EPSG,EPS,Celsia,55.73,293.15,0.0,False,CURVA,2023-01-07,8,3.0
CP-EPMC2023-002,2023-09-08,2023-08-29,2031-01-01,2031-12-31,Regulado,EPSG,EPS,Celsia,55.662000000000006,283.15,0.0,False,CURVA,2023-01-07,9,1.0
CP-EPMC2023-002,2023-09-08,2023-08-29,2031-01-01,2031-12-31,Regulado,EPSG,EPS,Celsia,55.662000000000006,288.15,0.0,False,CURVA,2023-01-07,9,2.0
CP-EPMC2023-002,2023-09-08,2023-08-29,2031-01-01,2031-12-31,Regulado,EPSG,EPS,Celsia,55.662000000000006,293.15,0.0,False,CURVA,2023-01-07,9,3.0
CP-EPMC2023-002,2023-09-08,2023-08-29,2026-01-01,2026-12-31,Regulado,IAEC,IAE,Ia Energía,8.76,325.0,100.0,True,CURVA,2023-01-07,4,1.0
CP-EPMC2023-002,2023-09-08,2023-08-29,2027-01-01,2027-12-31,Regulado,IAEC,IAE,Ia Energía,8.760000000000002,313.49,0.0,False,CURVA,2023-01-07,5,1.0
CP-EPMC2023-002,2023-09-08,2023-08-29,2028-01-01,2028-12-31,Regulado,IAEC,IAE,Ia Energía,8.760000000000002,317.0,0.0,False,CURVA,2023-01-07,6,1.0
CP-EPMC2023-002,2023-09-08,2023-08-29,2029-01-01,2029-12-31,Regulado,IAEC,IAE,Ia Energía,8.76,313.49,0.0,False,CURVA,2023-01-07,7,2.0
CP-EPMC2023-002,2023-09-08,2023-08-29,2030-01-01,2030-12-31,Regulado,IAEC,IAE,Ia Energía,8.76,306.49,0.0,False,CURVA,2023-01-07,8,1.0
CP-EPMC2023-002,2023-09-08,2023-08-29,2031-01-01,2031-12-31,Regulado,IAEC,IAE,Ia Energía,8.76,306.49,0.0,False,CURVA,2023-01-07,9,1.0
CP-EPMC2023-002,2023-09-08,2023-08-29,2029-01-01,2029-12-31,Regulado,ISGG,ISG,Isagen,213.327,267.47,100.0,True,CURVA,2023-01-07,7,1.0
CP-EPMC2023-002,2023-09-08,2023-08-29,2029-01-01,2029-12-31,Regulado,ISGG,ISG,Isagen,213.327,271.42,100.0,True,CURVA,2023-01-07,7,2.0
CP-EPMC2023-002,2023-09-08,2023-08-29,2029-01-01,2029-12-31,Regulado,ISGG,ISG,Isagen,213.327,276.0,100.0,True,CURVA,2023-01-07,7,3.0
CP-EPMC2023-002,2023-09-08,2023-08-29,2030-01-01,2030-12-31,Regulado,ISGG,ISG,Isagen,213.327,267.5216666666667,0.0,False,CURVA,2023-01-07,8,1.0
CP-EPMC2023-002,2023-09-08,2023-08-29,2030-01-01,2030-12-31,Regulado,ISGG,ISG,Isagen,213.327,271.42,0.0,False,CURVA,2023-01-07,8,2.0
CP-EPMC2023-002,2023-09-08,2023-08-29,2030-01-01,2030-12-31,Regulado,ISGG,ISG,Isagen,213.327,276.0,0.0,False,CURVA,2023-01-07,8,3.0
CP-EPMC2023-002,2023-09-08,2023-08-29,2031-01-01,2031-12-31,Regulado,ISGG,ISG,Isagen,213.327,267.47,0.0,False,CURVA,2023-01-07,9,1.0
CP-EPMC2023-002,2023-09-08,2023-08-29,2031-01-01,2031-12-31,Regulado,ISGG,ISG,Isagen,213.327,271.42,0.0,False,CURVA,2023-01-07,9,2.0
CP-EPMC2023-002,2023-09-08,2023-08-29,2031-01-01,2031-12-31,Regulado,ISGG,ISG,Isagen,213.327,276.0,0.0,False,CURVA,2023-01-07,9,3.0
CP-EPMC2023-002,2023-09-08,2023-08-29,2025-01-01,2025-12-31,Regulado,NTCG,NTC,Nitroenergy,131.46,370.0,100.0,True,CURVA,2023-01-07,3,1.0
CP-EPMC2023-002,2023-09-08,2023-08-29,2027-01-01,2027-12-31,Regulado,NTCG,NTC,Nitroenergy,141.37199999999999,305.0,100.0,True,CURVA,2023-01-07,5,1.0
CP-EPMC2023-002,2023-09-08,2023-08-29,2027-01-01,2027-12-31,Regulado,NTCG,NTC,Nitroenergy,155.459,309.0,0.0,False,CURVA,2023-01-07,5,2.0
CP-EPMC2023-002,2023-09-08,2023-08-29,2028-01-01,2028-12-31,Regulado,NTCG,NTC,Nitroenergy,299.976,295.0,100.0,True,CURVA,2023-01-07,6,1.0
CP-EPMC2023-002,2023-09-08,2023-08-29,2029-01-01,2029-12-31,Regulado,NTCG,NTC,Nitroenergy,299.999,285.0,0.0,False,CURVA,2023-01-07,7,1.0
CP-EPMC2023-002,2023-09-08,2023-08-29,2030-01-01,2030-12-31,Regulado,NTCG,NTC,Nitroenergy,299.999,280.0,0.0,False,CURVA,2023-01-07,8,1.0
CP-EPMC2023-002,2023-09-08,2023-08-29,2031-01-01,2031-12-31,Regulado,NTCG,NTC,Nitroenergy,299.999,280.0,0.0,False,CURVA,2023-01-07,9,1.0
CP-EPMC2023-002,2023-09-08,2023-08-29,2024-01-01,2024-12-31,Regulado,SPRG,SPR,Esprod,23.4,438.0,100.0,True,CURVA,2023-01-07,2,1.0
CP-EPMC2023-002,2023-09-08,2023-08-29,2024-01-01,2024-12-31,Regulado,SPRG,SPR,Esprod,5.6,443.4,100.0,True,CURVA,2023-01-07,2,2.0
CP-EPMC2023-002,2023-09-08,2023-08-29,2030-01-01,2030-12-31,Regulado,SPRG,SPR,Esprod,50.015,284.0,0.0,False,CURVA,2023-01-07,8,1.0
CP-EPMC2023-003,2023-11-23,2023-11-09,2025-01-01,2025-12-31,Regulado,CHVG,CHV,Aes,90.39999999999999,350.0,100.0,True,CURVA,2023-01-09,2,1.0
CP-EPMC2023-003,2023-11-23,2023-11-09,2025-01-01,2025-12-31,Regulado,CHVG,CHV,Aes,90.39999999999999,365.6,100.0,True,CURVA,2023-01-09,2,2.0
CP-EPMC2023-003,2023-11-23,2023-11-09,2025-01-01,2025-12-31,Regulado,CHVG,CHV,Aes,90.39999999999999,389.0,0.0,False,CURVA,2023-01-09,2,3.0
CP-EPMC2023-003,2023-11-23,2023-11-09,2027-01-01,2027-12-31,Regulado,ENDG,END,Enel,87.3,317.73,0.0,False,CURVA,2023-01-09,4,1.0
CP-EPMC2023-003,2023-11-23,2023-11-09,2028-01-01,2028-12-31,Regulado,ENDG,END,Enel,278.4,308.99,0.0,False,CURVA,2023-01-09,5,1.0
CP-EPMC2023-003,2023-11-23,2023-11-09,2028-01-01,2028-12-31,Regulado,ENDG,END,Enel,278.4,310.49,0.0,False,CURVA,2023-01-09,5,2.0
CP-EPMC2023-003,2023-11-23,2023-11-09,2028-01-01,2028-12-31,Regulado,ENDG,END,Enel,278.4,311.99,0.0,False,CURVA,2023-01-09,5,3.0
CP-EPMC2023-003,2023-11-23,2023-11-09,2025-01-01,2025-12-31,Regulado,GASC,GAS,Generarco,28.2,375.0,32.4,True,CURVA,2023-01-09,2,1.0
CP-EPMC2023-003,2023-11-23,2023-11-09,2025-01-01,2025-12-31,Regulado,GASC,GAS,Generarco,59.1,375.0,0.0,False,CURVA,2023-01-09,2,2.0
CP-EPMC2023-003,2023-11-23,2023-11-09,2026-01-01,2026-12-31,Regulado,GASC,GAS,Generarco,87.3,328.0,0.0,False,CURVA,2023-01-09,3,1.0
CP-EPMC2023-003,2023-11-23,2023-11-09,2027-01-01,2027-12-31,Regulado,GASC,GAS,Generarco,87.3,313.0,0.0,False,CURVA,2023-01-09,4,1.0
CP-EPMC2023-003,2023-11-23,2023-11-09,2026-01-01,2026-12-31,Regulado,IAEC,IAE,Ia Energía,3.5999999999999996,336.0,0.0,False,CURVA,2023-01-09,3,1.0
CP-EPMC2023-003,2023-11-23,2023-11-09,2027-01-01,2027-12-31,Regulado,IAEC,IAE,Ia Energía,8.399999999999999,320.0,0.0,False,CURVA,2023-01-09,4,1.0
CP-EPMC2023-003,2023-11-23,2023-11-09,2028-01-01,2028-12-31,Regulado,IAEC,IAE,Ia Energía,6.0,320.0,0.0,False,CURVA,2023-01-09,5,1.0
CP-EPMC2023-003,2023-11-23,2023-11-09,2024-01-01,2024-12-31,Regulado,NTCG,NTC,Nitroenergy,22.700000000000003,449.98,100.0,True,CURVA,2023-01-09,1,1.0
CP-EPMC2023-003,2023-11-23,2023-11-09,2025-01-01,2025-12-31,Regulado,NTCG,NTC,Nitroenergy,87.3,369.99,100.0,True,CURVA,2023-01-09,2,1.0
CP-EPMC2023-003,2023-11-23,2023-11-09,2027-01-01,2027-12-31,Regulado,NTCG,NTC,Nitroenergy,87.3,321.98,0.0,False,CURVA,2023-01-09,4,1.0
CP-EPMC2023-003,2023-11-23,2023-11-09,2028-01-01,2028-12-31,Regulado,NTCG,NTC,Nitroenergy,88.0,317.98,0.0,False,CURVA,2023-01-09,5,1.0
CP-EPMC2023-003,2023-11-23,2023-11-09,2026-01-01,2026-12-31,Regulado,ZONC,ZON,Zonc,83.3,323.5,0.0,False,CURVA,2023-01-09,3,1.0
CP-EPMC2023-003,2023-11-23,2023-11-09,2027-01-01,2027-12-31,Regulado,ZONC,ZON,Zonc,83.3,312.26,0.0,False,CURVA,2023-01-09,4,1.0
CP-EPMC2024-001,2024-05-17,2024-05-03,,,Regulado,BTGC,BTG,Btg,0.0,,100.0,True,NONE,2024-01-03,1,1.0
CP-EPMC2024-001,2024-05-17,2024-05-03,,,Regulado,BTGC,BTG,Btg,0.0,,0.0,False,NONE,2024-01-03,1,2.0
CP-EPMC2024-001,2024-05-17,2024-05-03,,,Regulado,BTGC,BTG,Btg,0.0,,0.0,False,NONE,2024-01-03,2,1.0
CP-EPMC2024-001,2024-05-17,2024-05-03,,,Regulado,BTGC,BTG,Btg,0.0,,0.0,False,NONE,2024-01-03,2,2.0
CP-EPMC2024-001,2024-05-17,2024-05-03,,,Regulado,BTGC,BTG,Btg,0.0,,100.0,True,NONE,2024-01-03,3,1.0
CP-EPMC2024-001,2024-05-17,2024-05-03,,,Regulado,BTGC,BTG,Btg,0.0,,100.0,True,NONE,2024-01-03,3,2.0
CP-EPMC2024-001,2024-05-17,2024-05-03,,,Regulado,BTGC,BTG,Btg,0.0,,100.0,True,NONE,2024-01-03,4,1.0
CP-EPMC2024-001,2024-05-17,2024-05-03,,,Regulado,BTGC,BTG,Btg,0.0,,0.0,False,NONE,2024-01-03,4,2.0
CP-EPMC2024-001,2024-05-17,2024-05-03,,,Regulado,CHVG,CHV,Aes,0.0,,100.0,True,NONE,2024-01-03,1,1.0
CP-EPMC2024-001,2024-05-17,2024-05-03,,,Regulado,CHVG,CHV,Aes,0.0,,100.0,True,NONE,2024-01-03,1,2.0
CP-EPMC2024-001,2024-05-17,2024-05-03,,,Regulado,CHVG,CHV,Aes,0.0,,100.0,True,NONE,2024-01-03,1,3.0
CP-EPMC2024-001,2024-05-17,2024-05-03,,,Regulado,ENDG,END,Enel,0.0,,100.0,True,NONE,2024-01-03,4,1.0
CP-EPMC2024-001,2024-05-17,2024-05-03,,,Regulado,ENDG,END,Enel,0.0,,100.0,True,NONE,2024-01-03,4,2.0
CP-EPMC2024-001,2024-05-17,2024-05-03,,,Regulado,ENDG,END,Enel,0.0,,100.0,True,NONE,2024-01-03,5,1.0
CP-EPMC2024-001,2024-05-17,2024-05-03,,,Regulado,ENDG,END,Enel,0.0,,100.0,True,NONE,2024-01-03,5,2.0
CP-EPMC2024-001,2024-05-17,2024-05-03,,,Regulado,EPMG,EPM,Epm,0.0,,100.0,True,NONE,2024-01-03,2,1.0
CP-EPMC2024-001,2024-05-17,2024-05-03,,,Regulado,EPMG,EPM,Epm,0.0,,0.0,False,NONE,2024-01-03,2,2.0
CP-EPMC2024-001,2024-05-17,2024-05-03,,,Regulado,EPMG,EPM,Epm,0.0,,100.0,True,NONE,2024-01-03,3,1.0
CP-EPMC2024-001,2024-05-17,2024-05-03,,,Regulado,EPMG,EPM,Epm,0.0,,0.0,False,NONE,2024-01-03,3,2.0
CP-EPMC2024-001,2024-05-17,2024-05-03,,,Regulado,EPMG,EPM,Epm,0.0,,100.0,True,NONE,2024-01-03,4,1.0
CP-EPMC2024-001,2024-05-17,2024-05-03,,,Regulado,EPMG,EPM,Epm,0.0,,0.0,False,NONE,2024-01-03,4,2.0
CP-EPMC2024-001,2024-05-17,2024-05-03,,,Regulado,EPMG,EPM,Epm,0.0,,100.0,True,NONE,2024-01-03,5,1.0
CP-EPMC2024-001,2024-05-17,2024-05-03,,,Regulado,EPSG,EPS,Celsia,0.0,,100.0,True,NONE,2024-01-03,3,1.0
CP-EPMC2024-001,2024-05-17,2024-05-03,,,Regulado,EPSG,EPS,Celsia,0.0,,100.0,True,NONE,2024-01-03,4,1.0
CP-EPMC2024-001,2024-05-17,2024-05-03,,,Regulado,EPSG,EPS,Celsia,0.0,,50.0,True,NONE,2024-01-03,5,1.0
CP-EPMC2024-001,2024-05-17,2024-05-03,,,Regulado,EPSG,EPS,Celsia,0.0,,0.0,False,NONE,2024-01-03,5,2.0
CP-EPMC2024-001,2024-05-17,2024-05-03,,,Regulado,EPTC,EPT,Eptc,0.0,,0.0,False,NONE,2024-01-03,1,1.0
CP-EPMC2024-001,2024-05-17,2024-05-03,,,Regulado,EPTC,EPT,Eptc,0.0,,0.0,False,NONE,2024-01-03,1,2.0
CP-EPMC2024-001,2024-05-17,2024-05-03,,,Regulado,EPTC,EPT,Eptc,0.0,,0.0,False,NONE,2024-01-03,2,1.0
CP-EPMC2024-001,2024-05-17,2024-05-03,,,Regulado,EPTC,EPT,Eptc,0.0,,100.0,True,NONE,2024-01-03,3,1.0
CP-EPMC2024-001,2024-05-17,2024-05-03,,,Regulado,EPTC,EPT,Eptc,0.0,,100.0,True,NONE,2024-01-03,4,1.0
CP-EPMC2024-001,2024-05-17,2024-05-03,,,Regulado,EPTC,EPT,Eptc,0.0,,0.0,False,NONE,2024-01-03,5,1.0
CP-EPMC2024-001,2024-05-17,2024-05-03,,,Regulado,GASC,GAS,Generarco,0.0,,100.0,True,NONE,2024-01-03,1,1.0
CP-EPMC2024-001,2024-05-17,2024-05-03,,,Regulado,GASC,GAS,Generarco,0.0,,100.0,True,NONE,2024-01-03,2,1.0
CP-EPMC2024-001,2024-05-17,2024-05-03,,,Regulado,GASC,GAS,Generarco,0.0,,100.0,True,NONE,2024-01-03,3,1.0
CP-EPMC2024-001,2024-05-17,2024-05-03,,,Regulado,GASC,GAS,Generarco,0.0,,100.0,True,NONE,2024-01-03,4,1.0
CP-EPMC2024-001,2024-05-17,2024-05-03,,,Regulado,GASC,GAS,Generarco,0.0,,100.0,True,NONE,2024-01-03,5,1.0
CP-EPMC2024-001,2024-05-17,2024-05-03,,,Regulado,IAEC,IAE,Ia Energía,0.0,,0.0,False,NONE,2024-01-03,1,1.0
CP-EPMC2024-001,2024-05-17,2024-05-03,,,Regulado,IAEC,IAE,Ia Energía,0.0,,100.0,True,NONE,2024-01-03,3,1.0
CP-EPMC2024-001,2024-05-17,2024-05-03,,,Regulado,IAEC,IAE,Ia Energía,0.0,,100.0,True,NONE,2024-01-03,4,1.0
CP-EPMC2024-001,2024-05-17,2024-05-03,,,Regulado,IAEC,IAE,Ia Energía,0.0,,0.0,False,NONE,2024-01-03,5,1.0
CP-EPMC2024-001,2024-05-17,2024-05-03,,,Regulado,ISGG,ISG,Isagen,0.0,,100.0,True,NONE,2024-01-03,5,1.0
CP-EPMC2024-001,2024-05-17,2024-05-03,,,Regulado,NTCG,NTC,Nitroenergy,0.0,,0.0,False,NONE,2024-01-03,1,1.0
CP-EPMC2024-001,2024-05-17,2024-05-03,,,Regulado,NTCG,NTC,Nitroenergy,0.0,,0.0,False,NONE,2024-01-03,2,1.0
CP-EPMC2024-001,2024-05-17,2024-05-03,,,Regulado,NTCG,NTC,Nitroenergy,0.0,,0.0,False,NONE,2024-01-03,5,1.0
CP-EPMC2024-001,2024-05-17,2024-05-03,,,Regulado,SFEG,SFE,Santa Fe,0.0,,0.0,False,NONE,2024-01-03,1,1.0
CP-EPMC2024-001,2024-05-17,2024-05-03,,,Regulado,SFEG,SFE,Santa Fe,0.0,,0.0,False,NONE,2024-01-03,2,1.0
CP-EPMC2024-001,2024-05-17,2024-05-03,,,Regulado,SFEG,SFE,Santa Fe,0.0,,100.0,True,NONE,2024-01-03,3,1.0
CP-EPMC2024-001,2024-05-17,2024-05-03,,,Regulado,SFEG,SFE,Santa Fe,0.0,,100.0,True,NONE,2024-01-03,4,1.0
CP-EPMC2024-001,2024-05-17,2024-05-03,,,Regulado,SPRG,SPR,Esprod,0.0,,100.0,True,NONE,2024-01-03,1,1.0
CP-EPMC2024-001,2024-05-17,2024-05-03,,,Regulado,SPRG,SPR,Esprod,0.0,,0.0,False,NONE,2024-01-03,1,2.0
CP-EPMC2024-001,2024-05-17,2024-05-03,,,Regulado,SPRG,SPR,Esprod,0.0,,100.0,True,NONE,2024-01-03,2,1.0
CP-EPMC2024-001,2024-05-17,2024-05-03,,,Regulado,SPRG,SPR,Esprod,0.0,,0.0,False,NONE,2024-01-03,2,2.0
CP-EPMC2024-001,2024-05-17,2024-05-03,,,Regulado,SPRG,SPR,Esprod,0.0,,100.0,True,NONE,2024-01-03,3,1.0
CP-EPMC2024-001,2024-05-17,2024-05-03,,,Regulado,SPRG,SPR,Esprod,0.0,,100.0,True,NONE,2024-01-03,3,2.0
CP-EPMC2024-001,2024-05-17,2024-05-03,,,Regulado,SPRG,SPR,Esprod,0.0,,100.0,True,NONE,2024-01-03,4,1.0
CP-EPMC2024-001,2024-05-17,2024-05-03,,,Regulado,SPRG,SPR,Esprod,0.0,,100.0,True,NONE,2024-01-03,4,2.0
CP-EPMC2024-001,2024-05-17,2024-05-03,,,Regulado,TRMG,TRM,Termotasajero,0.0,,100.0,True,NONE,2024-01-03,1,1.0
CP-EPMC2024-001,2024-05-17,2024-05-03,,,Regulado,TRMG,TRM,Termotasajero,0.0,,100.0,True,NONE,2024-01-03,1,2.0
CP-EPMC2024-001,2024-05-17,2024-05-03,,,Regulado,TRMG,TRM,Termotasajero,0.0,,0.0,False,NONE,2024-01-03,1,3.0
CP-EPMC2024-001,2024-05-17,2024-05-03,,,Regulado,TRMG,TRM,Termotasajero,0.0,,100.0,True,NONE,2024-01-03,2,1.0
CP-EPMC2024-001,2024-05-17,2024-05-03,,,Regulado,TRMG,TRM,Termotasajero,0.0,,0.0,False,NONE,2024-01-03,2,2.0
CP-EPMC2024-001,2024-05-17,2024-05-03,,,Regulado,TRMG,TRM,Termotasajero,0.0,,0.0,False,NONE,2024-01-03,2,3.0
CP-EPMC2024-001,2024-05-17,2024-05-03,,,Regulado,TRMG,TRM,Termotasajero,0.0,,100.0,True,NONE,2024-01-03,3,1.0
CP-EPMC2024-001,2024-05-17,2024-05-03,,,Regulado,TRMG,TRM,Termotasajero,0.0,,100.0,True,NONE,2024-01-03,3,2.0
CP-EPMC2024-001,2024-05-17,2024-05-03,,,Regulado,TRMG,TRM,Termotasajero,0.0,,100.0,True,NONE,2024-01-03,4,1.0
CP-EPMC2024-001,2024-05-17,2024-05-03,,,Regulado,TRMG,TRM,Termotasajero,0.0,,100.0,True,NONE,2024-01-03,4,2.0
CP-EPMC2024-001,2024-05-17,2024-05-03,,,Regulado,TRMG,TRM,Termotasajero,0.0,,100.0,True,NONE,2024-01-03,5,1.0
CP-EPMC2024-001,2024-05-17,2024-05-03,,,Regulado,TRMG,TRM,Termotasajero,0.0,,0.0,False,NONE,2024-01-03,5,2.0
CP-EPMC2024-001,2024-05-17,2024-05-03,,,Regulado,TYPG,TYP,Termoyopal,0.0,,0.0,False,NONE,2024-01-03,1,1.0
CP-EPMC2024-001,2024-05-17,2024-05-03,,,Regulado,TYPG,TYP,Termoyopal,0.0,,0.0,False,NONE,2024-01-03,2,1.0
CP-EPMC2024-001,2024-05-17,2024-05-03,,,Regulado,ZONC,ZON,Zonc,0.0,,0.0,False,NONE,2024-01-03,1,1.0
CP-EPMC2024-001,2024-05-17,2024-05-03,,,Regulado,ZONC,ZON,Zonc,0.0,,0.0,False,NONE,2024-01-03,4,1.0
CP-EPMC2024-002,2024-09-02,2024-08-20,2025-01-01,2025-12-31,Regulado,BTGC,BTG,Btg,43.837,419.97,0.0,False,CURVA,2024-01-07,1,1.0
CP-EPMC2024-002,2024-09-02,2024-08-20,2025-01-01,2025-12-31,Regulado,BTGC,BTG,Btg,43.837,409.97,0.0,False,CURVA,2024-01-07,1,2.0
CP-EPMC2024-002,2024-09-02,2024-08-20,2026-01-01,2026-12-31,Regulado,BTGC,BTG,Btg,41.124,399.97,0.0,False,CURVA,2024-01-07,2,1.0
CP-EPMC2024-002,2024-09-02,2024-08-20,2026-01-01,2026-12-31,Regulado,BTGC,BTG,Btg,41.124,389.97,0.0,False,CURVA,2024-01-07,2,2.0
CP-EPMC2024-002,2024-09-02,2024-08-20,2026-01-01,2026-12-31,Regulado,BTGC,BTG,Btg,43.800000000000004,414.97,0.0,False,CURVA,2024-01-07,3,1.0
CP-EPMC2024-002,2024-09-02,2024-08-20,2026-01-01,2026-12-31,Regulado,BTGC,BTG,Btg,43.800000000000004,404.97,0.0,False,CURVA,2024-01-07,3,2.0
CP-EPMC2024-002,2024-09-02,2024-08-20,2027-01-01,2027-12-31,Regulado,BTGC,BTG,Btg,80.728,384.97,0.0,False,CURVA,2024-01-07,5,1.0
CP-EPMC2024-002,2024-09-02,2024-08-20,2028-01-01,2028-12-31,Regulado,BTGC,BTG,Btg,42.955,359.97,0.0,False,CURVA,2024-01-07,6,1.0
CP-EPMC2024-002,2024-09-02,2024-08-20,2028-01-01,2028-12-31,Regulado,BTGC,BTG,Btg,42.955,349.97,100.0,True,CURVA,2024-01-07,6,2.0
CP-EPMC2024-002,2024-09-02,2024-08-20,2029-01-01,2029-12-31,Regulado,BTGC,BTG,Btg,43.861,349.97,0.0,False,CURVA,2024-01-07,7,1.0
CP-EPMC2024-002,2024-09-02,2024-08-20,2029-01-01,2029-12-31,Regulado,BTGC,BTG,Btg,43.861,339.97,0.0,False,CURVA,2024-01-07,7,2.0
CP-EPMC2024-002,2024-09-02,2024-08-20,2030-01-01,2030-12-31,Regulado,BTGC,BTG,Btg,35.804,344.97,0.0,False,CURVA,2024-01-07,8,1.0
CP-EPMC2024-002,2024-09-02,2024-08-20,2030-01-01,2030-12-31,Regulado,BTGC,BTG,Btg,35.804,334.97,0.0,False,CURVA,2024-01-07,8,2.0
CP-EPMC2024-002,2024-09-02,2024-08-20,2025-01-01,2025-12-31,Regulado,CHVG,CHV,Aes,95.31,350.23,100.0,True,PLANA,2024-01-07,1,1.0
CP-EPMC2024-002,2024-09-02,2024-08-20,2025-01-01,2025-12-31,Regulado,CHVG,CHV,Aes,140.632,355.48,96.12285714285714,True,CURVA,2024-01-07,1,2.0
CP-EPMC2024-002,2024-09-02,2024-08-20,2025-01-01,2025-12-31,Regulado,EGRG,EGR,Egrg,15.036,382.5,0.0,False,CURVA,2024-01-07,1,1.0
CP-EPMC2024-002,2024-09-02,2024-08-20,2025-01-01,2025-12-31,Regulado,ENDG,END,Enel,131.4,368.99,0.0,False,PLANA,2024-01-07,1,1.0
CP-EPMC2024-002,2024-09-02,2024-08-20,2028-01-01,2028-12-31,Regulado,ENDG,END,Enel,175.68,306.83,100.0,True,CURVA,2024-01-07,6,1.0
CP-EPMC2024-002,2024-09-02,2024-08-20,2029-01-01,2029-12-31,Regulado,ENDG,END,Enel,175.20000000000002,302.64,100.0,True,CURVA,2024-01-07,7,1.0
CP-EPMC2024-002,2024-09-02,2024-08-20,2029-01-01,2029-12-31,Regulado,ENDG,END,Enel,175.20000000000002,304.54,100.0,True,CURVA,2024-01-07,7,2.0
CP-EPMC2024-002,2024-09-02,2024-08-20,2030-01-01,2030-12-31,Regulado,ENDG,END,Enel,219.0,299.02,100.0,True,CURVA,2024-01-07,8,1.0
CP-EPMC2024-002,2024-09-02,2024-08-20,2030-01-01,2030-12-31,Regulado,ENDG,END,Enel,175.20000000000002,301.01,100.0,True,CURVA,2024-01-07,8,2.0
CP-EPMC2024-002,2024-09-02,2024-08-20,2030-01-01,2030-12-31,Regulado,ENDG,END,Enel,175.20000000000002,303.0,100.0,True,CURVA,2024-01-07,8,3.0
CP-EPMC2024-002,2024-09-02,2024-08-20,2030-01-01,2030-12-31,Regulado,EPMG,EPM,Epm,120.124,303.86,100.0,True,CURVA,2024-01-07,8,1.0
CP-EPMC2024-002,2024-09-02,2024-08-20,2030-01-01,2030-12-31,Regulado,EPMG,EPM,Epm,120.125,305.66,92.3,True,CURVA,2024-01-07,8,2.0
CP-EPMC2024-002,2024-09-02,2024-08-20,2029-01-01,2029-12-31,Regulado,EPSG,EPS,Celsia,40.001,327.3,100.0,True,CURVA,2024-01-07,7,1.0
CP-EPMC2024-002,2024-09-02,2024-08-20,2030-01-01,2030-12-31,Regulado,EPSG,EPS,Celsia,50.125,327.3,0.0,False,CURVA,2024-01-07,8,1.0
CP-EPMC2024-002,2024-09-02,2024-08-20,2026-01-01,2026-12-31,Regulado,EPTC,EPT,Eptc,10.950000000000001,374.0,0.0,False,CURVA,2024-01-07,3,1.0
CP-EPMC2024-002,2024-09-02,2024-08-20,2026-01-01,2026-12-31,Regulado,ISGG,ISG,Isagen,43.800000000000004,314.1,100.0,True,CURVA,2024-01-07,3,1.0
CP-EPMC2024-002,2024-09-02,2024-08-20,2030-01-01,2030-12-31,Regulado,ISGG,ISG,Isagen,230.04,298.88,100.0,True,CURVA,2024-01-07,8,1.0
CP-EPMC2024-002,2024-09-02,2024-08-20,2030-01-01,2030-12-31,Regulado,ISGG,ISG,Isagen,230.04,300.88,100.0,True,CURVA,2024-01-07,8,2.0
CP-EPMC2024-002,2024-09-02,2024-08-20,2030-01-01,2030-12-31,Regulado,ISGG,ISG,Isagen,276.048,303.38,100.0,True,CURVA,2024-01-07,8,3.0
CP-EPMC2024-002,2024-09-02,2024-08-20,2030-01-01,2030-12-31,Regulado,ISGG,ISG,Isagen,149.526,305.38,8.26,True,CURVA,2024-01-07,8,4.0
CP-EPMC2024-002,2024-09-02,2024-08-20,2025-01-01,2025-12-31,Regulado,NTCG,NTC,Nitroenergy,131.438,399.85999999999996,0.0,False,CURVA,2024-01-07,1,1.0
CP-EPMC2024-002,2024-09-02,2024-08-20,2025-01-01,2025-12-31,Regulado,NTCG,NTC,Nitroenergy,23.671999999999997,372.7,0.0,False,CURVA,2024-01-07,1,2.0
CP-EPMC2024-002,2024-09-02,2024-08-20,2025-01-01,2025-12-31,Regulado,NTCG,NTC,Nitroenergy,23.671999999999997,378.95,0.0,False,CURVA,2024-01-07,1,3.0
CP-EPMC2024-002,2024-09-02,2024-08-20,2029-01-01,2029-12-31,Regulado,NTCG,NTC,Nitroenergy,100.002,314.96,100.0,True,CURVA,2024-01-07,7,1.0
CP-EPMC2024-002,2024-09-02,2024-08-20,2029-01-01,2029-12-31,Regulado,NTCG,NTC,Nitroenergy,100.002,326.62,100.0,True,CURVA,2024-01-07,7,2.0
CP-EPMC2024-002,2024-09-02,2024-08-20,2029-01-01,2029-12-31,Regulado,NTCG,NTC,Nitroenergy,100.002,329.89,85.56,True,CURVA,2024-01-07,7,3.0
CP-EPMC2024-002,2024-09-02,2024-08-20,2030-01-01,2030-12-31,Regulado,NTCG,NTC,Nitroenergy,100.076,316.62,0.0,False,CURVA,2024-01-07,8,1.0
CP-EPMC2024-002,2024-09-02,2024-08-20,2030-01-01,2030-12-31,Regulado,NTCG,NTC,Nitroenergy,100.076,324.61,0.0,False,CURVA,2024-01-07,8,2.0
CP-EPMC2024-002,2024-09-02,2024-08-20,2030-01-01,2030-12-31,Regulado,NTCG,NTC,Nitroenergy,100.076,334.64,0.0,False,CURVA,2024-01-07,8,3.0
CP-EPMC2024-002,2024-09-02,2024-08-20,2025-01-01,2025-12-31,Regulado,PRYC,PRY,Proenergy,43.800000000000004,389.25,0.0,False,CURVA,2024-01-07,1,1.0
CP-EPMC2024-002,2024-09-02,2024-08-20,2025-01-01,2025-12-31,Regulado,PRYC,PRY,Proenergy,43.800000000000004,394.25,0.0,False,CURVA,2024-01-07,1,2.0
CP-EPMC2024-002,2024-09-02,2024-08-20,2026-01-01,2026-12-31,Regulado,RTQC,RTQ,Ruitoque,169.678,340.0,100.0,True,PLANA,2024-01-07,2,1.0
CP-EPMC2024-002,2024-09-02,2024-08-20,2027-01-01,2027-12-31,Regulado,RTQC,RTQ,Ruitoque,143.917,330.0,100.0,True,PLANA,2024-01-07,5,1.0
CP-EPMC2024-002,2024-09-02,2024-08-20,2028-01-01,2028-12-31,Regulado,RTQC,RTQ,Ruitoque,145.007,320.0,100.0,True,CURVA,2024-01-07,6,1.0
CP-EPMC2024-002,2024-09-02,2024-08-20,2029-01-01,2029-12-31,Regulado,RTQC,RTQ,Ruitoque,99.95100000000001,315.0,100.0,True,CURVA,2024-01-07,7,1.0
CP-EPMC2024-002,2024-09-02,2024-08-20,2030-01-01,2030-12-31,Regulado,RTQC,RTQ,Ruitoque,100.11699999999999,310.0,0.0,False,CURVA,2024-01-07,8,1.0
CP-EPMC2024-002,2024-09-02,2024-08-20,2025-01-01,2025-12-31,Regulado,SFEG,SFE,Santa Fe,14.469000000000001,365.8999999999999,0.0,False,CURVA,2024-01-07,1,1.0
CP-EPMC2024-002,2024-09-02,2024-08-20,2026-01-01,2026-12-31,Regulado,SFEG,SFE,Santa Fe,57.574,344.8999999999999,100.0,True,PLANA,2024-01-07,2,1.0
CP-EPMC2024-002,2024-09-02,2024-08-20,2027-01-01,2027-12-31,Regulado,SFEG,SFE,Santa Fe,12.105,339.9,100.0,True,CURVA,2024-01-07,5,1.0
CP-EPMC2024-002,2024-09-02,2024-08-20,2026-01-01,2026-12-31,Regulado,TERG,TER,Termotasajero Dos,117.37899999999999,358.98,100.0,True,PLANA,2024-01-07,2,1.0
CP-EPMC2024-002,2024-09-02,2024-08-20,2026-01-01,2026-12-31,Regulado,TERG,TER,Termotasajero Dos,2508.416,365.98,79.54,True,PLANA,2024-01-07,2,2.0
CP-EPMC2024-002,2024-09-02,2024-08-20,2027-01-01,2027-12-31,Regulado,TRMG,TRM,Termotasajero,102.696,330.98,100.0,True,PLANA,2024-01-07,5,1.0
CP-EPMC2024-002,2024-09-02,2024-08-20,2027-01-01,2027-12-31,Regulado,TRMG,TRM,Termotasajero,102.696,336.98,100.0,True,PLANA,2024-01-07,5,2.0
CP-EPMC2024-002,2024-09-02,2024-08-20,2028-01-01,2028-12-31,Regulado,TRMG,TRM,Termotasajero,73.296,324.98,89.79,True,CURVA,2024-01-07,6,1.0
CP-EPMC2024-002,2024-09-02,2024-08-20,2028-01-01,2028-12-31,Regulado,TRMG,TRM,Termotasajero,73.296,330.98,0.0,False,CURVA,2024-01-07,6,2.0
CP-EPMC2024-002,2024-09-02,2024-08-20,2029-01-01,2029-12-31,Regulado,TRMG,TRM,Termotasajero,58.598,319.98,100.0,True,CURVA,2024-01-07,7,1.0
CP-EPMC2024-002,2024-09-02,2024-08-20,2029-01-01,2029-12-31,Regulado,TRMG,TRM,Termotasajero,58.598,326.98,0.0,False,CURVA,2024-01-07,7,2.0
CP-EPMC2024-002,2024-09-02,2024-08-20,2030-01-01,2030-12-31,Regulado,TRMG,TRM,Termotasajero,58.698,310.98,0.0,False,CURVA,2024-01-07,8,1.0
CP-EPMC2024-002,2024-09-02,2024-08-20,2030-01-01,2030-12-31,Regulado,TRMG,TRM,Termotasajero,58.698,320.98,0.0,False,CURVA,2024-01-07,8,2.0
CP-EPMC2024-002,2024-09-02,2024-08-20,2025-01-01,2025-12-31,Regulado,ZONC,ZON,Zonc,48.351,349.6,100.0,True,CURVA,2024-01-07,1,1.0
CP-EPMC2024-002,2024-09-02,2024-08-20,2026-01-01,2026-12-31,Regulado,ZONC,ZON,Zonc,87.60000000000001,338.64,100.0,True,PLANA,2024-01-07,2,1.0
CP-EPMC2024-002,2024-09-02,2024-08-20,2027-01-01,2027-12-31,Regulado,ZONC,ZON,Zonc,15.767,329.54,100.0,True,PLANA,2024-01-07,5,1.0
CP-EPMC2024-003,2024-11-22,2024-11-08,2028-01-01,2028-12-31,Regulado,SPRG,SPR,Esprod,25.573999999999998,329.5,100.0,True,CURVA,2024-01-09,4,1.0
CP-EPMC2024-003,2024-11-22,2024-11-08,2026-01-01,2026-12-31,Regulado,TERG,TER,Termotasajero Dos,46.002,445.0,0.0,False,CURVA,2024-01-09,2,1.0
CP-EPMC2024-003,2024-11-22,2024-11-08,2026-01-01,2026-12-31,Regulado,TERG,TER,Termotasajero Dos,46.002,455.0,0.0,False,CURVA,2024-01-09,2,2.0
CP-EPMC2024-003,2024-11-22,2024-11-08,2027-01-01,2027-12-31,Regulado,TERG,TER,Termotasajero Dos,44.998,441.0,0.0,False,CURVA,2024-01-09,3,1.0
CP-EPMC2024-003,2024-11-22,2024-11-08,2027-01-01,2027-12-31,Regulado,TERG,TER,Termotasajero Dos,44.998,451.0,0.0,False,CURVA,2024-01-09,3,2.0
CP-EPMC2024-003,2024-11-22,2024-11-08,2028-01-01,2028-12-31,Regulado,TERG,TER,Termotasajero Dos,55.001999999999995,448.0,0.0,False,CURVA,2024-01-09,4,1.0
CP-EPMC2024-003,2024-11-22,2024-11-08,2028-01-01,2028-12-31,Regulado,TERG,TER,Termotasajero Dos,55.001999999999995,458.0,0.0,False,CURVA,2024-01-09,4,2.0
CP-EPMC2025-001,2025-05-14,2025-04-30,2026-01-01,2026-12-31,Regulado,BTGC,BTG,Btg,14.760000000000002,420.0,0.0,False,CURVA,2025-01-01,1,1.0
CP-EPMC2025-001,2025-05-14,2025-04-30,2027-01-01,2027-12-31,Regulado,BTGC,BTG,Btg,18.867,370.0,0.0,False,CURVA,2025-01-01,2,1.0
CP-EPMC2025-001,2025-05-14,2025-04-30,2027-01-01,2027-12-31,Regulado,BTGC,BTG,Btg,18.867,380.0,0.0,False,CURVA,2025-01-01,2,2.0
CP-EPMC2025-001,2025-05-14,2025-04-30,2026-01-01,2026-12-31,Regulado,ENDG,END,Enel,74.4,370.5,100.0,True,PLANO,2025-01-01,1,1.0
CP-EPMC2025-001,2025-05-14,2025-04-30,2026-01-01,2026-12-31,Regulado,ENDG,END,Enel,74.4,372.5,100.0,True,PLANO,2025-01-01,1,2.0
CP-EPMC2025-001,2025-05-14,2025-04-30,2026-01-01,2026-12-31,Regulado,ENDG,END,Enel,0.0964,379.5,100.0,True,PLANO,2025-01-01,1,3.0
CP-EPMC2025-001,2025-05-14,2025-04-30,2026-01-01,2026-12-31,Regulado,ENDG,END,Enel,96.4,381.5,100.0,True,CURVA,2025-01-01,1,4.0
CP-EPMC2025-001,2025-05-14,2025-04-30,2027-01-01,2027-12-31,Regulado,ENDG,END,Enel,44.336,355.5,100.0,True,PLANO,2025-01-01,2,1.0
CP-EPMC2025-001,2025-05-14,2025-04-30,2027-01-01,2027-12-31,Regulado,ENDG,END,Enel,44.336,358.5,100.0,True,PLANO,2025-01-01,2,2.0
CP-EPMC2025-001,2025-05-14,2025-04-30,2027-01-01,2027-12-31,Regulado,ENDG,END,Enel,44.061,363.5,100.0,True,PLANO,2025-01-01,2,3.0
CP-EPMC2025-001,2025-05-14,2025-04-30,2028-01-01,2028-12-31,Regulado,ENDG,END,Enel,66.282,344.99,100.0,True,PLANO,2025-01-01,3,1.0
CP-EPMC2025-001,2025-05-14,2025-04-30,2028-01-01,2028-12-31,Regulado,ENDG,END,Enel,66.282,349.99,100.0,True,PLANO,2025-01-01,3,2.0
CP-EPMC2025-001,2025-05-14,2025-04-30,2026-01-01,2026-12-31,Regulado,EPSG,EPS,Celsia,39.778999999999996,425.10999999999996,0.0,False,CURVA,2025-01-01,1,1.0
CP-EPMC2025-001,2025-05-14,2025-04-30,2026-01-01,2026-12-31,Regulado,EPSG,EPS,Celsia,59.778999999999996,429.485,0.0,False,CURVA,2025-01-01,1,2.0
CP-EPMC2025-001,2025-05-14,2025-04-30,2027-01-01,2027-12-31,Regulado,EPSG,EPS,Celsia,70.001,386.95,0.0,False,CURVA,2025-01-01,2,1.0
CP-EPMC2025-001,2025-05-14,2025-04-30,2028-01-01,2028-12-31,Regulado,EPSG,EPS,Celsia,64.248,376.33,0.0,False,CURVA,2025-01-01,3,1.0
CP-EPMC2025-001,2025-05-14,2025-04-30,2028-01-01,2028-12-31,Regulado,EPSG,EPS,Celsia,64.248,381.36,0.0,False,CURVA,2025-01-01,3,2.0
CP-EPMC2025-001,2025-05-14,2025-04-30,2028-01-01,2028-12-31,Regulado,EPSG,EPS,Celsia,64.248,386.39,0.0,False,CURVA,2025-01-01,3,3.0
CP-EPMC2025-001,2025-05-14,2025-04-30,2026-01-01,2026-12-31,Regulado,EXIG,EXI,Exig,5.697,410.0,0.0,False,CURVA,2025-01-01,1,1.0
CP-EPMC2025-001,2025-05-14,2025-04-30,2026-01-01,2026-12-31,Regulado,EXIG,EXI,Exig,5.697,412.0,0.0,False,CURVA,2025-01-01,1,2.0
CP-EPMC2025-001,2025-05-14,2025-04-30,2026-01-01,2026-12-31,Regulado,EXIG,EXI,Exig,5.697,412.0,0.0,False,CURVA,2025-01-01,1,3.0
CP-EPMC2025-001,2025-05-14,2025-04-30,2027-01-01,2027-12-31,Regulado,EXIG,EXI,Exig,5.697,385.0,0.0,False,CURVA,2025-01-01,2,1.0
CP-EPMC2025-001,2025-05-14,2025-04-30,2027-01-01,2027-12-31,Regulado,EXIG,EXI,Exig,5.697,387.0,0.0,False,CURVA,2025-01-01,2,2.0
CP-EPMC2025-001,2025-05-14,2025-04-30,2027-01-01,2027-12-31,Regulado,EXIG,EXI,Exig,5.697,387.0,0.0,False,CURVA,2025-01-01,2,3.0
CP-EPMC2025-001,2025-05-14,2025-04-30,2028-01-01,2028-12-31,Regulado,EXIG,EXI,Exig,5.712,375.0,0.0,False,CURVA,2025-01-01,3,1.0
CP-EPMC2025-001,2025-05-14,2025-04-30,2028-01-01,2028-12-31,Regulado,EXIG,EXI,Exig,5.712,377.0,0.0,False,CURVA,2025-01-01,3,2.0
CP-EPMC2025-001,2025-05-14,2025-04-30,2028-01-01,2028-12-31,Regulado,EXIG,EXI,Exig,5.712,385.0,0.0,False,CURVA,2025-01-01,3,3.0
CP-EPMC2025-001,2025-05-14,2025-04-30,2027-01-01,2027-12-31,Regulado,IACG,IAC,Iacg,17.52,388.8999999999999,0.0,False,CURVA,2025-01-01,2,1.0
CP-EPMC2025-001,2025-05-14,2025-04-30,2027-01-01,2027-12-31,Regulado,IACG,IAC,Iacg,17.567999999999998,388.8999999999999,0.0,False,CURVA,2025-01-01,2,2.0
CP-EPMC2025-001,2025-05-14,2025-04-30,2028-01-01,2028-12-31,Regulado,IACG,IAC,Iacg,17.567999999999998,388.8999999999999,0.0,False,CURVA,2025-01-01,3,1.0
CP-EPMC2025-001,2025-05-14,2025-04-30,2028-01-01,2028-12-31,Regulado,IACG,IAC,Iacg,17.567999999999998,388.8999999999999,0.0,False,CURVA,2025-01-01,3,2.0
CP-EPMC2025-001,2025-05-14,2025-04-30,2026-01-01,2026-12-31,Regulado,SFEG,SFE,Santa Fe,28.5,390.0,0.0,False,CURVA,2025-01-01,1,1.0
CP-EPMC2025-001,2025-05-14,2025-04-30,2027-01-01,2027-12-31,Regulado,SFEG,SFE,Santa Fe,36.013,385.0,0.0,False,CURVA,2025-01-01,2,1.0
CP-EPMC2025-001,2025-05-14,2025-04-30,2028-01-01,2028-12-31,Regulado,SFEG,SFE,Santa Fe,35.928,375.0,0.0,False,CURVA,2025-01-01,3,1.0
CP-EPMC2025-001,2025-05-14,2025-04-30,2026-01-01,2026-12-31,Regulado,SPRG,SPR,Esprod,24.7,386.6,100.0,True,CURVA,2025-01-01,1,1.0
CP-EPMC2025-001,2025-05-14,2025-04-30,2026-01-01,2026-12-31,Regulado,SPRG,SPR,Esprod,16.4,391.9,100.0,True,CURVA,2025-01-01,1,2.0
CP-EPMC2025-001,2025-05-14,2025-04-30,2027-01-01,2027-12-31,Regulado,SPRG,SPR,Esprod,18.240000000000002,375.7,0.0,False,CURVA,2025-01-01,2,1.0
CP-EPMC2025-001,2025-05-14,2025-04-30,2027-01-01,2027-12-31,Regulado,SPRG,SPR,Esprod,18.240000000000002,375.7,0.0,False,CURVA,2025-01-01,2,2.0
CP-EPMC2025-002,2025-09-03,2025-08-21,2026-01-01,2040-12-31,Regulado,CNRC,CNR,Coenersa,1976.33228,345.12666666666667,48.266,True,PLANO,2025-07-01,1,1.0
CP-EPMC2025-002,2025-09-03,2025-08-21,2026-01-01,2040-12-31,Regulado,EPTC,EPT,Eptc,529.5106,341.56307692307695,0.0,False,PLANO,2025-07-01,1,1.0
CP-EPMC2025-002,2025-09-03,2025-08-21,2026-01-01,2040-12-31,Regulado,ISGG,ISG,Isagen,2167.0712,357.14285714285717,0.0,False,PLANO,2025-07-01,1,1.0
CP-EPMC2025-002,2025-09-03,2025-08-21,2026-01-01,2040-12-31,Regulado,NTCG,NTC,Nitroenergy,37.609,327.87933333333336,100.0,True,PLANO,2025-07-01,1,1.0
CP-EPMC2025-002,2025-09-03,2025-08-21,2026-01-01,2040-12-31,Regulado,NTCG,NTC,Nitroenergy,1232.5887,337.81733333333335,75.06666666666666,True,PLANO,2025-07-01,1,2.0
CP-EPMC2025-002,2025-09-03,2025-08-21,2026-01-01,2040-12-31,Regulado,SPRG,SPR,Esprod,332.19137,342.469,82.038,True,PLANO,2025-07-01,1,1.0
CP-EPMC2025-003,2025-12-01,2025-11-18,2029-01-01,2029-12-31,Regulado,BEAC,BEA,Beam,5.9,367.01,0.0,False,CURVA,2025-10-01,4,1.0
CP-EPMC2025-003,2025-12-01,2025-11-18,2030-01-01,2030-12-31,Regulado,BEAC,BEA,Beam,6.2796,355.24,0.0,False,CURVA,2025-10-01,5,1.0
CP-EPMC2025-003,2025-12-01,2025-11-18,2026-01-01,2026-12-31,Regulado,EPSG,EPS,Celsia,109.199,412.45,0.3839347098908655,True,CURVA,2025-10-01,1,1.0
CP-EPMC2025-003,2025-12-01,2025-11-18,2027-01-01,2027-12-31,Regulado,EPSG,EPS,Celsia,67.59700000000001,390.14000000000004,0.0,False,CURVA,2025-10-01,2,1.0
CP-EPMC2025-003,2025-12-01,2025-11-18,2028-01-01,2028-12-31,Regulado,EPSG,EPS,Celsia,133.8648,378.0,0.0,False,CURVA,2025-10-01,3,1.0
CP-EPMC2025-003,2025-12-01,2025-11-18,2026-01-01,2026-12-31,Regulado,EPTC,EPT,Eptc,32.8,415.0,0.0,False,CURVA,2025-10-01,1,1.0
CP-EPMC2025-003,2025-12-01,2025-11-18,2029-01-01,2029-12-31,Regulado,EPTC,EPT,Eptc,23.138399999999997,370.0,0.0,False,CURVA,2025-10-01,4,1.0
CP-EPMC2025-003,2025-12-01,2025-11-18,2030-01-01,2030-12-31,Regulado,EPTC,EPT,Eptc,23.551199999999998,370.0,0.0,False,CURVA,2025-10-01,5,1.0
CP-EPMC2025-003,2025-12-01,2025-11-18,2027-01-01,2027-12-31,Regulado,IAEC,IAE,Ia Energía,14.64,395.8,0.0,False,CURVA,2025-10-01,2,1.0
CP-EPMC2025-003,2025-12-01,2025-11-18,2027-01-01,2027-12-31,Regulado,IAEC,IAE,Ia Energía,14.64,403.12999999999994,0.0,False,CURVA,2025-10-01,2,2.0
CP-EPMC2025-003,2025-12-01,2025-11-18,2028-01-01,2028-12-31,Regulado,IAEC,IAE,Ia Energía,14.554,391.03,0.0,False,CURVA,2025-10-01,3,1.0
CP-EPMC2025-003,2025-12-01,2025-11-18,2028-01-01,2028-12-31,Regulado,IAEC,IAE,Ia Energía,14.554,398.28,0.0,False,CURVA,2025-10-01,3,2.0
CP-EPMC2025-003,2025-12-01,2025-11-18,2029-01-01,2029-12-31,Regulado,IAEC,IAE,Ia Energía,8.0856,369.1499999999999,0.0,False,CURVA,2025-10-01,4,1.0
CP-EPMC2025-003,2025-12-01,2025-11-18,2030-01-01,2030-12-31,Regulado,IAEC,IAE,Ia Energía,8.76,356.42,0.0,False,CURVA,2025-10-01,5,1.0
CP-EPMC2025-003,2025-12-01,2025-11-18,2026-01-01,2026-12-31,Regulado,TRMG,TRM,Termotasajero,47.0004,386.0,100.0,True,CURVA,2025-10-01,1,1.0
CP-EPMC2025-003,2025-12-01,2025-11-18,2026-01-01,2026-12-31,Regulado,TRMG,TRM,Termotasajero,47.0004,388.0,100.0,True,CURVA,2025-10-01,1,2.0
CP-EPMC2025-003,2025-12-01,2025-11-18,2027-01-01,2027-12-31,Regulado,TRMG,TRM,Termotasajero,99.2,379.0,100.0,True,CURVA,2025-10-01,2,1.0
CP-EPMC2025-003,2025-12-01,2025-11-18,2027-01-01,2027-12-31,Regulado,TRMG,TRM,Termotasajero,99.027,385.0,0.2018473627148397,True,CURVA,2025-10-01,2,2.0
CP-EPMC2025-003,2025-12-01,2025-11-18,2028-01-01,2028-12-31,Regulado,TRMG,TRM,Termotasajero,92.30760000000001,379.0,0.0,False,CURVA,2025-10-01,3,1.0
CP-EPMC2025-003,2025-12-01,2025-11-18,2028-01-01,2028-12-31,Regulado,TRMG,TRM,Termotasajero,92.30760000000001,385.0,0.0,False,CURVA,2025-10-01,3,2.0
CP-EPMC2026-001,2026-04-23,2026-04-10,2030-01-01,2030-12-31,Regulado,ENDG,END,Enel,122.0,371.19,0.0,False,PLANO,2026-03-01,4,1.0
CP-EPMC2026-001,2026-04-23,2026-04-10,2031-01-01,2031-12-31,Regulado,ENDG,END,Enel,76.000002,364.07,0.0,False,PLANO,2026-03-01,5,1.0
CP-EPMC2026-001,2026-04-23,2026-04-10,2031-01-01,2031-12-31,Regulado,EPMG,EPM,Epm,230.033164,347.94,0.0,False,PLANO,2026-03-01,5,1.0
CP-EPMC2026-001,2026-04-23,2026-04-10,2032-01-01,2032-12-31,Regulado,EPMG,EPM,Epm,294.948958,335.58,100.0,True,PLANO,2026-03-01,6,1.0
CP-EPMC2026-001,2026-04-23,2026-04-10,2031-01-01,2031-12-31,Regulado,EPSG,EPS,Celsia,44.683988,367.5,0.0,False,PLANO,2026-03-01,5,1.0
CP-EPMC2026-001,2026-04-23,2026-04-10,2031-01-01,2031-12-31,Regulado,EPSG,EPS,Celsia,44.683988,372.5,0.0,False,PLANO,2026-03-01,5,2.0
CP-EPMC2026-001,2026-04-23,2026-04-10,2032-01-01,2032-12-31,Regulado,EPSG,EPS,Celsia,45.686021,367.5,0.0,False,PLANO,2026-03-01,6,1.0
CP-EPMC2026-001,2026-04-23,2026-04-10,2032-01-01,2032-12-31,Regulado,EPSG,EPS,Celsia,45.686021,372.5,0.0,False,PLANO,2026-03-01,6,2.0
CP-EPMC2026-001,2026-04-23,2026-04-10,2030-01-01,2030-12-31,Regulado,EPTC,EPT,Eptc,12.241328,380.0,0.0,False,PLANO,2026-03-01,4,1.0
CP-EPMC2026-001,2026-04-23,2026-04-10,2031-01-01,2031-12-31,Regulado,EPTC,EPT,Eptc,12.511517,370.0,0.0,False,PLANO,2026-03-01,5,1.0
CP-EPMC2026-001,2026-04-23,2026-04-10,2032-01-01,2032-12-31,Regulado,EPTC,EPT,Eptc,12.792086,360.0,100.0,True,PLANO,2026-03-01,6,1.0
CP-EPMC2026-001,2026-04-23,2026-04-10,2032-01-01,2032-12-31,Regulado,PRYC,PRY,Proenergy,44.517312000000004,360.17,100.0,True,PLANO,2026-03-01,6,1.0
CP-EPMC2026-001,2026-04-23,2026-04-10,2027-01-01,2027-12-31,Regulado,TERG,TER,Termotasajero Dos,100.0,442.48,0.0,False,CURVA,2026-03-01,1,1.0
CP-EPMC2026-001,2026-04-23,2026-04-10,2028-01-01,2028-12-31,Regulado,TERG,TER,Termotasajero Dos,80.000001,437.48,0.0,False,CURVA,2026-03-01,2,1.0
CP-EPMC2026-001,2026-04-23,2026-04-10,2029-01-01,2029-12-31,Regulado,TERG,TER,Termotasajero Dos,49.000001,416.98,0.0,False,CURVA,2026-03-01,3,1.0
CP-EPMC2026-001,2026-04-23,2026-04-10,2030-01-01,2030-12-31,Regulado,TERG,TER,Termotasajero Dos,48.999999,411.98,0.0,False,CURVA,2026-03-01,4,1.0
CP-EPSC2023-001,2023-06-16,2023-06-05,2027-01-01,2027-12-31,Regulado,ENDG,END,Enel,103.53643960000001,304.5,0.0,False,CURVA,2023-01-03,3,2.0
CP-EPSC2023-001,2023-06-16,2023-06-05,2026-01-01,2026-12-31,Regulado,EPMG,EPM,Epm,150.684141,286.56,100.0,True,CURVA,2023-01-03,2,1.0
CP-EPSC2023-001,2023-06-16,2023-06-05,2026-01-01,2026-12-31,Regulado,EPMG,EPM,Epm,150.684141,289.09,100.0,True,CURVA,2023-01-03,2,2.0
CP-EPSC2023-001,2023-06-16,2023-06-05,2027-01-01,2027-12-31,Regulado,EPMG,EPM,Epm,150.12783742,275.01,100.0,True,CURVA,2023-01-03,3,1.0
CP-EPSC2023-001,2023-06-16,2023-06-05,2027-01-01,2027-12-31,Regulado,EPMG,EPM,Epm,150.12783742,277.54,100.0,True,CURVA,2023-01-03,3,2.0
CP-EPSC2023-001,2023-06-16,2023-06-05,2027-01-01,2027-12-31,Regulado,EPSG,EPS,Celsia,98.35961762000001,273.93,100.0,True,CURVA,2023-01-03,3,1.0
CP-EPSC2023-001,2023-06-16,2023-06-05,2027-01-01,2027-12-31,Regulado,EPSG,EPS,Celsia,67.29868574000001,279.0,21.0,True,CURVA,2023-01-03,3,2.0
CP-EPSC2023-001,2023-06-16,2023-06-05,2026-01-01,2026-12-31,Regulado,ISGG,ISG,Isagen,125.5701175,296.64,100.0,True,CURVA,2023-01-03,2,1.0
CP-EPSC2023-001,2023-06-16,2023-06-05,2026-01-01,2026-12-31,Regulado,ISGG,ISG,Isagen,125.5701175,298.05,60.0,True,CURVA,2023-01-03,2,2.0
CP-EPSC2023-001,2023-06-16,2023-06-05,2027-01-01,2027-12-31,Regulado,ISGG,ISG,Isagen,103.53643960000001,273.33,100.0,True,CURVA,2023-01-03,3,1.0
CP-EPSC2023-002,2023-10-25,2023-10-12,2027-01-01,2027-12-31,Regulado,ENDG,END,Enel,29.7135264,318.43,0.0,False,CURVA,2023-01-07,4,1.0
CP-EPSC2023-002,2023-10-25,2023-10-12,2028-01-01,2028-12-31,Regulado,ENDG,END,Enel,205.8022717146,306.27,0.0,False,CURVA,2023-01-07,5,1.0
CP-EPSC2023-002,2023-10-25,2023-10-12,2028-01-01,2028-12-31,Regulado,ENDG,END,Enel,205.8022717146,307.82,0.0,False,CURVA,2023-01-07,5,2.0
CP-EPSC2023-002,2023-10-25,2023-10-12,2028-01-01,2028-12-31,Regulado,ENDG,END,Enel,205.8022717146,309.36,0.0,False,CURVA,2023-01-07,5,3.0
CP-EPSC2023-002,2023-10-25,2023-10-12,2027-01-01,2027-12-31,Regulado,EPSG,EPS,Celsia,60.244174776,285.0,100.0,True,CURVA,2023-01-07,4,1.0
CP-EPSC2023-002,2023-10-25,2023-10-12,2028-01-01,2028-12-31,Regulado,EPSG,EPS,Celsia,180.918288666,285.0,100.0,True,CURVA,2023-01-07,5,1.0
CP-EPSC2023-002,2023-10-25,2023-10-12,2026-01-01,2026-12-31,Regulado,ISGG,ISG,Isagen,66.0415822,301.995,0.0,False,CURVA,2023-01-07,3,1.0
CP-EPSC2023-002,2023-10-25,2023-10-12,2028-01-01,2028-12-31,Regulado,ISGG,ISG,Isagen,170.858865267,289.73,39.0,True,CURVA,2023-01-07,5,1.0
CP-EPSC2023-002,2023-10-25,2023-10-12,2028-01-01,2028-12-31,Regulado,ISGG,ISG,Isagen,170.858865267,292.02,0.0,False,CURVA,2023-01-07,5,2.0
CP-EPSC2023-002,2023-10-25,2023-10-12,2025-01-01,2025-12-31,Regulado,TRMG,TRM,Termotasajero,58.91726830500001,389.91,0.0,False,CURVA,2023-01-07,2,1.0
CP-EPSC2023-002,2023-10-25,2023-10-12,2026-01-01,2026-12-31,Regulado,TRMG,TRM,Termotasajero,59.43742398,380.10999999999996,0.0,False,CURVA,2023-01-07,3,1.0
CP-EPSC2023-002,2023-10-25,2023-10-12,2027-01-01,2027-12-31,Regulado,TRMG,TRM,Termotasajero,30.010661664,370.32,0.0,False,CURVA,2023-01-07,4,1.0
CP-EPSC2023-003,2024-02-22,2024-02-12,2025-01-01,2025-12-31,Regulado,CNRC,CNR,Coenersa,85.34387625,370.0,0.0,False,CURVA,2023-01-12,1,1.0
CP-EPSC2023-003,2024-02-22,2024-02-12,2026-01-01,2026-12-31,Regulado,CNRC,CNR,Coenersa,43.8106170204,335.0,0.22,True,CURVA,2023-01-12,2,1.0
CP-EPSC2023-003,2024-02-22,2024-02-12,2027-01-01,2027-12-31,Regulado,CNRC,CNR,Coenersa,43.7894839018,330.0,0.0,False,CURVA,2023-01-12,3,1.0
CP-EPSC2023-003,2024-02-22,2024-02-12,2028-01-01,2028-12-31,Regulado,CNRC,CNR,Coenersa,37.08756255,313.0,0.0,False,CURVA,2023-01-12,4,1.0
CP-EPSC2023-003,2024-02-22,2024-02-12,2029-01-01,2029-12-31,Regulado,CNRC,CNR,Coenersa,69.06694035,300.0,100.0,True,CURVA,2023-01-12,5,1.0
CP-EPSC2023-003,2024-02-22,2024-02-12,2026-01-01,2026-12-31,Regulado,ENDG,END,Enel,105.09760039320001,343.32,0.0,False,CURVA,2023-01-12,2,1.0
CP-EPSC2023-003,2024-02-22,2024-02-12,2027-01-01,2027-12-31,Regulado,ENDG,END,Enel,131.40546733,314.99,100.0,True,CURVA,2023-01-12,3,1.0
CP-EPSC2023-003,2024-02-22,2024-02-12,2027-01-01,2027-12-31,Regulado,ENDG,END,Enel,111.0468738,320.35,25.0,True,CURVA,2023-01-12,3,2.0
CP-EPSC2023-003,2024-02-22,2024-02-12,2028-01-01,2028-12-31,Regulado,ENDG,END,Enel,87.8480731601,296.62,100.0,True,CURVA,2023-01-12,4,1.0
CP-EPSC2023-003,2024-02-22,2024-02-12,2028-01-01,2028-12-31,Regulado,ENDG,END,Enel,155.76776271,302.12,39.55,True,CURVA,2023-01-12,4,2.0
CP-EPSC2023-003,2024-02-22,2024-02-12,2029-01-01,2029-12-31,Regulado,ENDG,END,Enel,87.6229249907,296.13,100.0,True,CURVA,2023-01-12,5,1.0
CP-EPSC2023-003,2024-02-22,2024-02-12,2029-01-01,2029-12-31,Regulado,ENDG,END,Enel,138.1338807,301.88,0.0,False,CURVA,2023-01-12,5,2.0
CP-EPSC2023-003,2024-02-22,2024-02-12,2029-01-01,2029-12-31,Regulado,ENDG,END,Enel,156.55173145999998,302.89,0.0,False,CURVA,2023-01-12,5,3.0
CP-EPSC2023-003,2024-02-22,2024-02-12,2025-01-01,2025-12-31,Regulado,EPMG,EPM,Epm,130.86061025,375.59,0.0,False,CURVA,2023-01-12,1,1.0
CP-EPSC2023-003,2024-02-22,2024-02-12,2026-01-01,2026-12-31,Regulado,EPMG,EPM,Epm,271.21141016,316.71,100.0,True,CURVA,2023-01-12,2,1.0
CP-EPSC2023-003,2024-02-22,2024-02-12,2027-01-01,2027-12-31,Regulado,EPMG,EPM,Epm,185.078123,313.68,100.0,True,CURVA,2023-01-12,3,1.0
CP-EPSC2023-003,2024-02-22,2024-02-12,2028-01-01,2028-12-31,Regulado,EPMG,EPM,Epm,247.250417,313.0,0.0,False,CURVA,2023-01-12,4,1.0
CP-EPSC2023-003,2024-02-22,2024-02-12,2029-01-01,2029-12-31,Regulado,EPMG,EPM,Epm,230.2231345,301.52,31.95,True,CURVA,2023-01-12,5,1.0
CP-EPSC2023-003,2024-02-22,2024-02-12,2029-01-01,2029-12-31,Regulado,EPMG,EPM,Epm,230.2231345,303.5,0.0,False,CURVA,2023-01-12,5,2.0
CP-EPSC2023-003,2024-02-22,2024-02-12,2027-01-01,2027-12-31,Regulado,EPSG,EPS,Celsia,25.91093722,319.0,100.0,True,CURVA,2023-01-12,3,1.0
CP-EPSC2023-003,2024-02-22,2024-02-12,2028-01-01,2028-12-31,Regulado,EPSG,EPS,Celsia,29.67005004,313.0,0.0,False,CURVA,2023-01-12,4,1.0
CP-EPSC2023-003,2024-02-22,2024-02-12,2029-01-01,2029-12-31,Regulado,EPSG,EPS,Celsia,326.91685099,315.0,0.0,False,CURVA,2023-01-12,5,1.0
CP-EPSC2023-003,2024-02-22,2024-02-12,2026-01-01,2026-12-31,Regulado,ISGG,ISG,Isagen,159.5985666,316.15,100.0,True,CURVA,2023-01-12,2,1.0
CP-EPSC2023-003,2024-02-22,2024-02-12,2028-01-01,2028-12-31,Regulado,ISGG,ISG,Isagen,247.250417,302.12,39.55,True,CURVA,2023-01-12,4,1.0
CP-EPSC2023-003,2024-02-22,2024-02-12,2029-01-01,2029-12-31,Regulado,ISGG,ISG,Isagen,230.2231345,300.52,100.0,True,CURVA,2023-01-12,5,1.0
CP-EPSC2023-003,2024-02-22,2024-02-12,2029-01-01,2029-12-31,Regulado,ISGG,ISG,Isagen,230.2231345,305.52,0.0,False,CURVA,2023-01-12,5,2.0
CP-EPSC2023-003,2024-02-22,2024-02-12,2025-01-01,2025-12-31,Regulado,TRMG,TRM,Termotasajero,39.82714225,382.0,0.0,False,CURVA,2023-01-12,1,1.0
CP-EPSC2023-003,2024-02-22,2024-02-12,2025-01-01,2025-12-31,Regulado,TRMG,TRM,Termotasajero,39.82714225,385.0,0.0,False,CURVA,2023-01-12,1,2.0
CP-EPSC2023-003,2024-02-22,2024-02-12,2026-01-01,2026-12-31,Regulado,TRMG,TRM,Termotasajero,131.272249542,329.0,100.0,True,CURVA,2023-01-12,2,1.0
CP-EPSC2023-003,2024-02-22,2024-02-12,2026-01-01,2026-12-31,Regulado,TRMG,TRM,Termotasajero,120.02034243840001,349.0,0.0,False,CURVA,2023-01-12,2,2.0
CP-EPSC2023-003,2024-02-22,2024-02-12,2027-01-01,2027-12-31,Regulado,TRMG,TRM,Termotasajero,50.0081088346,324.0,0.0,False,CURVA,2023-01-12,3,1.0
CP-EPSC2023-003,2024-02-22,2024-02-12,2027-01-01,2027-12-31,Regulado,TRMG,TRM,Termotasajero,50.0081088346,339.0,0.0,False,CURVA,2023-01-12,3,2.0
CP-EPSC2023-003,2024-02-22,2024-02-12,2028-01-01,2028-12-31,Regulado,ZONC,ZON,Zonc,24.725041700000002,313.0,0.0,False,CURVA,2023-01-12,4,1.0
CP-EPSC2023-003,2024-02-22,2024-02-12,2029-01-01,2029-12-31,Regulado,ZONC,ZON,Zonc,46.044626900000004,305.75,0.0,False,CURVA,2023-01-12,5,1.0
CP-EPSC2024-001,2024-08-28,2024-08-14,2028-01-01,2028-12-31,Regulado,ENDG,END,Enel,175.68,304.22,100.0,True,PLANO,2024-01-06,3,1.0
CP-EPSC2024-001,2024-08-28,2024-08-14,2028-01-01,2028-12-31,Regulado,ENDG,END,Enel,255.905,317.55,100.0,True,CURVA,2024-01-06,3,2.0
CP-EPSC2024-001,2024-08-28,2024-08-14,2029-01-01,2029-12-31,Regulado,ENDG,END,Enel,175.20000000000002,300.54,100.0,True,PLANO,2024-01-06,4,1.0
CP-EPSC2024-001,2024-08-28,2024-08-14,2029-01-01,2029-12-31,Regulado,ENDG,END,Enel,224.04,314.54,45.77,True,CURVA,2024-01-06,4,2.0
CP-EPSC2024-001,2024-08-28,2024-08-14,2030-01-01,2030-12-31,Regulado,ENDG,END,Enel,175.20000000000002,297.43,100.0,True,PLANO,2024-01-06,5,1.0
CP-EPSC2024-001,2024-08-28,2024-08-14,2030-01-01,2030-12-31,Regulado,ENDG,END,Enel,254.65699999999998,312.48,0.0,False,CURVA,2024-01-06,5,2.0
CP-EPSC2024-001,2024-08-28,2024-08-14,2028-01-01,2028-12-31,Regulado,EPMG,EPM,Epm,132.364,311.4,100.0,True,CURVA,2024-01-06,3,1.0
CP-EPSC2024-001,2024-08-28,2024-08-14,2028-01-01,2028-12-31,Regulado,EPMG,EPM,Epm,132.364,312.9,100.0,True,CURVA,2024-01-06,3,2.0
CP-EPSC2024-001,2024-08-28,2024-08-14,2029-01-01,2029-12-31,Regulado,EPMG,EPM,Epm,114.893,306.5,100.0,True,CURVA,2024-01-06,4,1.0
CP-EPSC2024-001,2024-08-28,2024-08-14,2030-01-01,2030-12-31,Regulado,EPMG,EPM,Epm,124.22200000000001,306.5,70.15,True,CURVA,2024-01-06,5,1.0
CP-EPSC2024-001,2024-08-28,2024-08-14,2026-01-01,2026-12-31,Regulado,EPSG,EPS,Celsia,25.018,337.0,100.0,True,CURVA,2024-01-06,1,1.0
CP-EPSC2024-001,2024-08-28,2024-08-14,2026-01-01,2026-12-31,Regulado,EPSG,EPS,Celsia,25.018,342.0,100.0,True,CURVA,2024-01-06,1,2.0
CP-EPSC2024-001,2024-08-28,2024-08-14,2028-01-01,2028-12-31,Regulado,EPSG,EPS,Celsia,29.561,320.0,98.53000000000002,True,CURVA,2024-01-06,3,1.0
CP-EPSC2024-001,2024-08-28,2024-08-14,2029-01-01,2029-12-31,Regulado,EPSG,EPS,Celsia,62.042,312.9,100.0,True,CURVA,2024-01-06,4,1.0
CP-EPSC2024-001,2024-08-28,2024-08-14,2029-01-01,2029-12-31,Regulado,EPSG,EPS,Celsia,80.022,314.9,0.0,False,CURVA,2024-01-06,4,2.0
CP-EPSC2024-001,2024-08-28,2024-08-14,2029-01-01,2029-12-31,Regulado,EPSG,EPS,Celsia,80.022,316.9,0.0,False,CURVA,2024-01-06,4,3.0
CP-EPSC2024-001,2024-08-28,2024-08-14,2030-01-01,2030-12-31,Regulado,EPSG,EPS,Celsia,100.0,312.9,0.0,False,CURVA,2024-01-06,5,1.0
CP-EPSC2024-001,2024-08-28,2024-08-14,2030-01-01,2030-12-31,Regulado,EPSG,EPS,Celsia,119.998,314.9,0.0,False,CURVA,2024-01-06,5,2.0
CP-EPSC2024-001,2024-08-28,2024-08-14,2030-01-01,2030-12-31,Regulado,EPSG,EPS,Celsia,119.998,316.9,0.0,False,CURVA,2024-01-06,5,3.0
CP-EPSC2024-001,2024-08-28,2024-08-14,2026-01-01,2026-12-31,Regulado,EPTC,EPT,Eptc,19.777,349.8,100.0,True,CURVA,2024-01-06,1,1.0
CP-EPSC2024-001,2024-08-28,2024-08-14,2027-01-01,2027-12-31,Regulado,EPTC,EPT,Eptc,12.207,348.0,100.0,True,CURVA,2024-01-06,2,1.0
CP-EPSC2024-001,2024-08-28,2024-08-14,2028-01-01,2028-12-31,Regulado,EPTC,EPT,Eptc,8.783999999999999,335.0,0.0,False,PLANO,2024-01-06,3,1.0
CP-EPSC2024-001,2024-08-28,2024-08-14,2029-01-01,2029-12-31,Regulado,EPTC,EPT,Eptc,8.76,330.0,0.0,False,PLANO,2024-01-06,4,1.0
CP-EPSC2024-001,2024-08-28,2024-08-14,2030-01-01,2030-12-31,Regulado,EPTC,EPT,Eptc,8.76,330.0,0.0,False,PLANO,2024-01-06,5,1.0
CP-EPSC2024-001,2024-08-28,2024-08-14,2028-01-01,2028-12-31,Regulado,GASC,GAS,Generarco,43.92,330.0,0.0,False,PLANO,2024-01-06,3,1.0
CP-EPSC2024-001,2024-08-28,2024-08-14,2030-01-01,2030-12-31,Regulado,GASC,GAS,Generarco,43.800000000000004,320.0,0.0,False,PLANO,2024-01-06,5,1.0
CP-EPSC2024-001,2024-08-28,2024-08-14,2028-01-01,2028-12-31,Regulado,ISGG,ISG,Isagen,175.68,304.39,0.0,False,PLANO,2024-01-06,3,1.0
CP-EPSC2024-001,2024-08-28,2024-08-14,2029-01-01,2029-12-31,Regulado,ISGG,ISG,Isagen,175.20000000000002,302.04,0.0,False,PLANO,2024-01-06,4,1.0
CP-EPSC2024-001,2024-08-28,2024-08-14,2029-01-01,2029-12-31,Regulado,ISGG,ISG,Isagen,114.893,306.34,100.0,True,CURVA,2024-01-06,4,2.0
CP-EPSC2024-001,2024-08-28,2024-08-14,2030-01-01,2030-12-31,Regulado,ISGG,ISG,Isagen,167.701,304.05,100.0,True,CURVA,2024-01-06,5,1.0
CP-EPSC2024-001,2024-08-28,2024-08-14,2030-01-01,2030-12-31,Regulado,ISGG,ISG,Isagen,186.336,306.05,100.0,True,CURVA,2024-01-06,5,2.0
CP-EPSC2024-001,2024-08-28,2024-08-14,2030-01-01,2030-12-31,Regulado,ISGG,ISG,Isagen,175.20000000000002,301.8,0.0,False,PLANO,2024-01-06,5,3.0
CP-EPSC2024-001,2024-08-28,2024-08-14,2029-01-01,2029-12-31,Regulado,NTCG,NTC,Nitroenergy,80.006,317.98,0.0,False,CURVA,2024-01-06,4,1.0
CP-EPSC2024-001,2024-08-28,2024-08-14,2029-01-01,2029-12-31,Regulado,NTCG,NTC,Nitroenergy,60.001000000000005,325.96,0.0,False,CURVA,2024-01-06,4,2.0
CP-EPSC2024-001,2024-08-28,2024-08-14,2029-01-01,2029-12-31,Regulado,NTCG,NTC,Nitroenergy,60.001000000000005,335.97,0.0,False,CURVA,2024-01-06,4,3.0
CP-EPSC2024-001,2024-08-28,2024-08-14,2030-01-01,2030-12-31,Regulado,NTCG,NTC,Nitroenergy,80.005,315.98,0.0,False,CURVA,2024-01-06,5,1.0
CP-EPSC2024-001,2024-08-28,2024-08-14,2030-01-01,2030-12-31,Regulado,NTCG,NTC,Nitroenergy,60.007,323.96,0.0,False,CURVA,2024-01-06,5,2.0
CP-EPSC2024-001,2024-08-28,2024-08-14,2030-01-01,2030-12-31,Regulado,NTCG,NTC,Nitroenergy,60.007,333.97,0.0,False,CURVA,2024-01-06,5,3.0
CP-EPSC2024-001,2024-08-28,2024-08-14,2027-01-01,2027-12-31,Regulado,ZONC,ZON,Zonc,43.800000000000004,328.75,100.0,True,PLANO,2024-01-06,2,1.0
CP-EPSC2025-001,2025-03-27,2025-03-13,2029-01-01,2029-12-31,Regulado,ENDG,END,Enel,75.5,332.95,100.0,True,CURVA,2025-01-01,4,1.0
CP-EPSC2025-001,2025-03-27,2025-03-13,2030-01-01,2030-12-31,Regulado,ENDG,END,Enel,104.913,327.7,100.0,True,CURVA,2025-01-01,5,1.0
CP-EPSC2025-001,2025-03-27,2025-03-13,2031-01-01,2031-12-31,Regulado,ENDG,END,Enel,175.20000000000002,316.9,100.0,True,CURVA,2025-01-01,6,1.0
CP-EPSC2025-001,2025-03-27,2025-03-13,2032-01-01,2032-12-31,Regulado,ENDG,END,Enel,175.68,315.38,100.0,True,CURVA,2025-01-01,7,1.0
CP-EPSC2025-001,2025-03-27,2025-03-13,2026-01-01,2026-12-31,Regulado,EPSG,EPS,Celsia,148.261,387.21,0.0,False,CURVA,2025-01-01,1,1.0
CP-EPSC2025-001,2025-03-27,2025-03-13,2026-01-01,2026-12-31,Regulado,EPSG,EPS,Celsia,100.026,394.24,0.0,False,CURVA,2025-01-01,1,2.0
CP-EPSC2025-001,2025-03-27,2025-03-13,2026-01-01,2026-12-31,Regulado,EPSG,EPS,Celsia,99.99,401.26,0.0,False,CURVA,2025-01-01,1,3.0
CP-EPSC2025-001,2025-03-27,2025-03-13,2027-01-01,2027-12-31,Regulado,EPSG,EPS,Celsia,29.227,384.59,0.0,False,CURVA,2025-01-01,2,1.0
CP-EPSC2025-001,2025-03-27,2025-03-13,2028-01-01,2028-12-31,Regulado,EPSG,EPS,Celsia,35.813,374.04,0.0,False,CURVA,2025-01-01,3,1.0
CP-EPSC2025-001,2025-03-27,2025-03-13,2029-01-01,2029-12-31,Regulado,EPSG,EPS,Celsia,50.038,368.1000000000001,0.0,False,CURVA,2025-01-01,4,1.0
CP-EPSC2025-001,2025-03-27,2025-03-13,2029-01-01,2029-12-31,Regulado,EPSG,EPS,Celsia,50.018,380.1000000000001,0.0,False,CURVA,2025-01-01,4,2.0
CP-EPSC2025-001,2025-03-27,2025-03-13,2030-01-01,2030-12-31,Regulado,EPSG,EPS,Celsia,50.043,350.0,100.0,True,CURVA,2025-01-01,5,1.0
CP-EPSC2025-001,2025-03-27,2025-03-13,2030-01-01,2030-12-31,Regulado,EPSG,EPS,Celsia,50.043,365.0,0.0,False,CURVA,2025-01-01,5,2.0
CP-EPSC2025-001,2025-03-27,2025-03-13,2031-01-01,2031-12-31,Regulado,EPSG,EPS,Celsia,50.004,350.0,0.0,False,CURVA,2025-01-01,6,1.0
CP-EPSC2025-001,2025-03-27,2025-03-13,2031-01-01,2031-12-31,Regulado,EPSG,EPS,Celsia,50.004,365.0,0.0,False,CURVA,2025-01-01,6,2.0
CP-EPSC2025-001,2025-03-27,2025-03-13,2032-01-01,2032-12-31,Regulado,EPSG,EPS,Celsia,50.001000000000005,350.0,0.0,False,CURVA,2025-01-01,7,1.0
CP-EPSC2025-001,2025-03-27,2025-03-13,2032-01-01,2032-12-31,Regulado,EPSG,EPS,Celsia,50.001000000000005,365.0,0.0,False,CURVA,2025-01-01,7,2.0
CP-EPSC2025-002,2025-07-04,2025-06-19,2027-01-01,2027-12-31,Regulado,EPMG,EPM,Epm,50.0,376.75,100.0,True,CURVA,2025-04-01,2,1.0
CP-EPSC2025-002,2025-07-04,2025-06-19,2028-01-01,2028-12-31,Regulado,EPMG,EPM,Epm,99.99600000000001,372.27,100.0,True,CURVA,2025-04-01,3,1.0
CP-EPSC2025-002,2025-07-04,2025-06-19,2027-01-01,2027-12-31,Regulado,EPSG,EPS,Celsia,28.826999999999998,377.66,100.0,True,CURVA,2025-04-01,2,1.0
CP-EPSC2025-002,2025-07-04,2025-06-19,2026-01-01,2026-12-31,Regulado,TERG,TER,Termotasajero Dos,18.0,391.5,0.0,False,CURVA,2025-04-01,1,1.0
CP-EPSC2025-002,2025-07-04,2025-06-19,2026-01-01,2026-12-31,Regulado,TERG,TER,Termotasajero Dos,59.997,423.5,0.0,False,CURVA,2025-04-01,1,2.0
CP-EPSC2025-002,2025-07-04,2025-06-19,2027-01-01,2027-12-31,Regulado,TERG,TER,Termotasajero Dos,24.001999999999992,421.8999999999999,0.0,False,CURVA,2025-04-01,2,1.0
CP-EPSC2025-002,2025-07-04,2025-06-19,2027-01-01,2027-12-31,Regulado,TERG,TER,Termotasajero Dos,36.00399999999999,431.8999999999999,0.0,False,CURVA,2025-04-01,2,2.0
CP-EPSC2025-002,2025-07-04,2025-06-19,2028-01-01,2028-12-31,Regulado,TERG,TER,Termotasajero Dos,40.108,419.8999999999999,0.0,False,CURVA,2025-04-01,3,1.0
CP-EPSC2025-002,2025-07-04,2025-06-19,2028-01-01,2028-12-31,Regulado,TERG,TER,Termotasajero Dos,60.16199999999999,429.96,0.0,False,CURVA,2025-04-01,3,2.0
CP-EPSC2026-001,2026-02-13,2026-02-02,2030-01-01,2030-12-31,Regulado,BTGC,BTG,Btg,8.76,345.0,100.0,True,CURVA,2025-04-01,4,1.0
CP-EPSC2026-001,2026-02-13,2026-02-02,2029-01-01,2029-12-31,Regulado,EPSG,EPS,Celsia,77.063,359.31,100.0,True,CURVA,2025-04-01,3,1.0
CP-EPSC2026-001,2026-02-13,2026-02-02,2029-01-01,2029-12-31,Regulado,EPSG,EPS,Celsia,74.797,364.99,100.0,True,CURVA,2025-04-01,3,2.0
CP-EPSC2026-001,2026-02-13,2026-02-02,2029-01-01,2029-12-31,Regulado,EPSG,EPS,Celsia,74.797,370.67,84.0,True,CURVA,2025-04-01,3,3.0
CP-EPSC2026-001,2026-02-13,2026-02-02,2030-01-01,2030-12-31,Regulado,EPSG,EPS,Celsia,90.294,359.31,100.0,True,CURVA,2025-04-01,4,1.0
CP-EPSC2026-001,2026-02-13,2026-02-02,2030-01-01,2030-12-31,Regulado,EPSG,EPS,Celsia,84.468,364.99,46.0,True,CURVA,2025-04-01,4,2.0
CP-EPSC2026-001,2026-02-13,2026-02-02,2030-01-01,2030-12-31,Regulado,EPSG,EPS,Celsia,84.468,370.67,0.0,False,CURVA,2025-04-01,4,3.0
CP-EPSC2026-001,2026-02-13,2026-02-02,2027-01-01,2027-12-31,Regulado,EPTG,EPT,Eptg,12.164,399.0,100.0,True,CURVA,2025-04-01,1,1.0
CP-EPSC2026-001,2026-02-13,2026-02-02,2028-01-01,2028-12-31,Regulado,EPTG,EPT,Eptg,12.198,375.0,100.0,True,CURVA,2025-04-01,2,1.0
CP-EPSC2026-001,2026-02-13,2026-02-02,2029-01-01,2029-12-31,Regulado,EPTG,EPT,Eptg,12.164,360.0,100.0,True,CURVA,2025-04-01,3,1.0
CP-EPSC2026-001,2026-02-13,2026-02-02,2030-01-01,2030-12-31,Regulado,EPTG,EPT,Eptg,12.164,360.0,100.0,True,CURVA,2025-04-01,4,1.0
CP-EPSC2026-001,2026-02-13,2026-02-02,2027-01-01,2027-12-31,Regulado,IAEC,IAE,Ia Energía,10.462,415.0,0.0,False,CURVA,2025-04-01,1,1.0
CP-EPSC2026-001,2026-02-13,2026-02-02,2028-01-01,2028-12-31,Regulado,IAEC,IAE,Ia Energía,17.567999999999998,384.8999999999999,100.0,True,CURVA,2025-04-01,2,1.0
CP-EPSC2026-001,2026-02-13,2026-02-02,2027-01-01,2027-12-31,Regulado,SPRG,SPR,Esprod,11.998,384.8999999999999,100.0,True,CURVA,2025-04-01,1,1.0
CP-EPSC2026-001,2026-02-13,2026-02-02,2027-01-01,2027-12-31,Regulado,TERG,TER,Termotasajero Dos,40.003,416.98,0.0,False,CURVA,2025-04-01,1,1.0
CP-EPSC2026-001,2026-02-13,2026-02-02,2027-01-01,2027-12-31,Regulado,TERG,TER,Termotasajero Dos,40.003,420.98,0.0,False,CURVA,2025-04-01,1,2.0
CP-EPSC2026-001,2026-02-13,2026-02-02,2028-01-01,2028-12-31,Regulado,TERG,TER,Termotasajero Dos,40.001999999999995,412.98,0.0,False,CURVA,2025-04-01,2,1.0
CP-EPSC2026-001,2026-02-13,2026-02-02,2028-01-01,2028-12-31,Regulado,TERG,TER,Termotasajero Dos,40.001999999999995,417.98,0.0,False,CURVA,2025-04-01,2,2.0
CP-EPSC2026-002,2026-04-21,2026-04-08,2027-01-01,2027-12-31,Regulado,ENDG,END,Enel,131.4,437.29,71.3,True,CURVA,2026-02-01,1,1.0
CP-EPSC2026-002,2026-04-21,2026-04-08,2029-01-01,2029-12-31,Regulado,ENDG,END,Enel,76.212,385.42,0.0,False,CURVA,2026-02-01,3,1.0
CP-EPSC2026-002,2026-04-21,2026-04-08,2030-01-01,2030-12-31,Regulado,ENDG,END,Enel,43.800000000000004,371.19,100.0,True,CURVA,2026-02-01,4,1.0
CP-EPSC2026-002,2026-04-21,2026-04-08,2029-01-01,2029-12-31,Regulado,EPMG,EPM,Epm,147.921,374.26,100.0,True,CURVA,2026-02-01,3,1.0
CP-EPSC2026-002,2026-04-21,2026-04-08,2030-01-01,2030-12-31,Regulado,EPMG,EPM,Epm,149.995,361.84,100.0,True,CURVA,2026-02-01,4,1.0
CP-EPSC2026-002,2026-04-21,2026-04-08,2030-01-01,2030-12-31,Regulado,EPSG,EPS,Celsia,50.981,370.0,100.0,True,CURVA,2026-02-01,4,1.0
CP-EPSC2026-002,2026-04-21,2026-04-08,2030-01-01,2030-12-31,Regulado,EPSG,EPS,Celsia,50.981,379.0,100.0,True,CURVA,2026-02-01,4,2.0
CP-EPSC2026-002,2026-04-21,2026-04-08,2030-01-01,2030-12-31,Regulado,EPSG,EPS,Celsia,50.981,388.0,0.0,False,CURVA,2026-02-01,4,3.0
CP-EPSC2026-002,2026-04-21,2026-04-08,2028-01-01,2028-12-31,Regulado,EPTC,EPT,Eptc,12.125,400.0,100.0,True,CURVA,2026-02-01,2,1.0
CP-EPSC2026-002,2026-04-21,2026-04-08,2029-01-01,2029-12-31,Regulado,EPTC,EPT,Eptc,12.125,390.0,0.0,False,CURVA,2026-02-01,3,1.0
CP-EPSC2026-002,2026-04-21,2026-04-08,2030-01-01,2030-12-31,Regulado,EPTC,EPT,Eptc,12.091999999999999,380.0,18.19761668321748,True,CURVA,2026-02-01,4,1.0
CP-EPSC2026-002,2026-04-21,2026-04-08,2027-01-01,2027-12-31,Regulado,IAEC,IAE,Ia Energía,37.667,398.0,100.0,True,CURVA,2026-02-01,1,1.0
CP-EPSC2026-002,2026-04-21,2026-04-08,2028-01-01,2028-12-31,Regulado,IAEC,IAE,Ia Energía,14.495999999999999,396.0,100.0,True,CURVA,2026-02-01,2,1.0
CP-EPSC2026-002,2026-04-21,2026-04-08,2027-01-01,2027-12-31,Regulado,TERG,TER,Termotasajero Dos,59.997,440.98,0.0,False,CURVA,2026-02-01,1,1.0
CP-EPSC2026-002,2026-04-21,2026-04-08,2028-01-01,2028-12-31,Regulado,TERG,TER,Termotasajero Dos,29.997,435.98,0.0,False,CURVA,2026-02-01,2,1.0
CP-EPSC2026-002,2026-04-21,2026-04-08,2029-01-01,2029-12-31,Regulado,TERG,TER,Termotasajero Dos,49.800000000000004,415.98,0.0,False,CURVA,2026-02-01,3,1.0
CP-EPSC2026-002,2026-04-21,2026-04-08,2030-01-01,2030-12-31,Regulado,TERG,TER,Termotasajero Dos,49.800000000000004,411.98,0.0,False,CURVA,2026-02-01,4,1.0
CP-EPTC2022-002,2022-10-27,2022-10-14,2023-01-01,2023-12-31,Regulado,AESC,AES,Aesp,36.8990884312,312.0,100.0,True,PLANO,2022-01-07,1,1.0
CP-EPTC2024-002,2024-12-12,2024-11-29,2025-01-01,2025-12-31,Regulado,DUCC,DUC,Ducc,11.9999999988,470.0,100.0,True,PLANO,2024-01-08,1,1.0
CP-ESSC2023-001,2023-03-10,2023-02-27,2026-01-01,2040-12-31,Regulado,ENDG,END,Enel,185.34254382,251.77927777777776,0.0,False,CURVA,2022-01-11,3,1.0
CP-ESSC2023-001,2023-03-10,2023-02-27,2026-01-01,2040-12-31,Regulado,IAEC,IAE,Ia Energía,24.712339176,284.60799999999995,0.0,False,CURVA,2022-01-11,3,1.0
CP-ESSC2023-001,2023-03-10,2023-02-27,2026-01-01,2040-12-31,Regulado,ISGG,ISG,Isagen,2059.361598,249.83666666666664,100.0,True,CURVA,2022-01-11,3,1.0
CP-ESSC2023-001,2023-03-10,2023-02-27,2024-01-01,2036-12-31,Regulado,NTCG,NTC,Nitroenergy,253.710576,289.53000000000003,0.0,False,PLANO,2022-01-11,2,1.0
CP-ESSC2023-001,2023-03-10,2023-02-27,2026-01-01,2040-12-31,Regulado,RTAC,RTA,Spectrum,391.27870362,283.05,0.0,False,CURVA,2022-01-11,3,1.0
CP-ESSC2023-002,2023-06-07,2023-05-25,2024-01-01,2036-12-31,Regulado,ENDG,END,Enel,1753.44,271.293,100.0,True,CURVA,2023-01-02,2,1.0
CP-ESSC2023-002,2023-06-07,2023-05-25,2024-01-01,2036-12-31,Regulado,GSYC,GSY,Gsyc,438.36,278.293,0.0,False,CURVA,2023-01-02,2,1.0
CP-ESSC2023-002,2023-06-07,2023-05-25,2024-01-01,2036-12-31,Regulado,SPRG,SPR,Esprod,438.36,268.847,100.0,True,CURVA,2023-01-02,2,1.0
CP-ESSC2023-004,2023-12-15,2023-12-01,2027-01-01,2027-12-31,Regulado,ENDG,END,Enel,247.348370037211,327.11,0.0,False,CURVA,2023-01-09,4,1.0
CP-ESSC2023-004,2023-12-15,2023-12-01,2028-01-01,2028-12-31,Regulado,ENDG,END,Enel,280.48283059000005,311.35,100.0,True,CURVA,2023-01-09,5,1.0
CP-ESSC2023-004,2023-12-15,2023-12-01,2028-01-01,2028-12-31,Regulado,ENDG,END,Enel,224.38626447200002,312.85,75.0,True,CURVA,2023-01-09,5,2.0
CP-ESSC2023-004,2023-12-15,2023-12-01,2028-01-01,2028-12-31,Regulado,ISGG,ISG,Isagen,56.096566118000005,309.69,100.0,True,CURVA,2023-01-09,5,1.0
CP-ESSC2023-004,2023-12-15,2023-12-01,2028-01-01,2028-12-31,Regulado,ISGG,ISG,Isagen,56.096566118000005,310.91,100.0,True,CURVA,2023-01-09,5,2.0
CP-ESSC2023-004,2023-12-15,2023-12-01,2025-01-01,2025-12-31,Regulado,NTCG,NTC,Nitroenergy,91.34175,389.89000000000004,0.0,False,CURVA,2023-01-09,2,1.0
CP-ESSC2023-004,2023-12-15,2023-12-01,2026-01-01,2026-12-31,Regulado,NTCG,NTC,Nitroenergy,195.94627764,339.95,0.0,False,CURVA,2023-01-09,3,1.0
CP-ESSC2023-004,2023-12-15,2023-12-01,2027-01-01,2027-12-31,Regulado,NTCG,NTC,Nitroenergy,141.34192573554915,339.95,0.0,False,CURVA,2023-01-09,4,1.0
CP-ESSC2023-004,2023-12-15,2023-12-01,2028-01-01,2028-12-31,Regulado,NTCG,NTC,Nitroenergy,444.773,324.97,0.0,False,CURVA,2023-01-09,5,1.0
CP-ESSC2023-004,2023-12-15,2023-12-01,2024-01-02,2033-12-31,Regulado,NTCG,NTC,Nitroenergy,540.6854924454633,311.37,100.0,True,CURVA,2023-01-09,6,1.0
CP-ESSC2023-004,2023-12-15,2023-12-01,2024-01-02,2033-12-31,Regulado,SPRG,SPR,Esprod,1055.6240566792378,310.02,100.0,True,CURVA,2023-01-09,6,1.0
CP-ESSC2024-001,2024-05-17,2024-05-03,2027-01-01,2036-12-31,Regulado,ENDG,END,Enel,951.8320000000001,306.74399999999997,100.0,True,CURVA,2024-01-03,3,1.0
CP-ESSC2024-001,2024-05-17,2024-05-03,2026-01-01,2035-12-31,Regulado,EPMG,EPM,Epm,152.31416666666667,301.825,96.0,True,CURVA,2024-01-03,2,1.0
CP-ESSC2024-001,2024-05-17,2024-05-03,2024-01-08,2035-12-31,Regulado,NMRG,NMR,Nmrg,213.71999999999994,334.98,100.0,True,CURVA,2024-01-03,4,1.0
CP-ESSC2024-001,2024-05-17,2024-05-03,2024-01-08,2035-12-31,Regulado,NMRG,NMR,Nmrg,53.449000000000005,359.98,2.2,True,CURVA,2024-01-03,4,2.0
CP-ESSC2024-001,2024-05-17,2024-05-03,2025-01-01,2036-12-31,Regulado,NTCG,NTC,Nitroenergy,1130.525,318.11750000000006,100.0,True,CURVA,2024-01-03,1,1.0
CP-ESSC2024-001,2024-05-17,2024-05-03,2025-01-01,2036-12-31,Regulado,SPRG,SPR,Esprod,711.376,328.24583333333334,3.0,True,CURVA,2024-01-03,1,1.0
CP-ESSC2024-001,2024-05-17,2024-05-03,2024-01-08,2035-12-31,Regulado,SPRG,SPR,Esprod,168.22500000000002,334.5,100.0,True,CURVA,2024-01-03,4,1.0
CP-ESSC2024-001,2024-05-17,2024-05-03,2024-01-08,2035-12-31,Regulado,SPRG,SPR,Esprod,168.22500000000002,339.8,100.0,True,CURVA,2024-01-03,4,2.0
CP-ESSC2024-002,2024-08-22,2024-08-08,2025-01-01,2025-12-31,Regulado,BTGC,BTG,Btg,87.67783376820002,400.0,0.0,False,CURVA,2024-01-06,2,3.0
CP-ESSC2024-002,2024-08-22,2024-08-08,2026-01-01,2026-12-31,Regulado,BTGC,BTG,Btg,43.74994537029,385.0,0.0,False,CURVA,2024-01-06,3,1.0
CP-ESSC2024-002,2024-08-22,2024-08-08,2026-01-01,2026-12-31,Regulado,BTGC,BTG,Btg,43.74994537029,395.0,0.0,False,CURVA,2024-01-06,3,2.0
CP-ESSC2024-002,2024-08-22,2024-08-08,2027-01-01,2027-12-31,Regulado,BTGC,BTG,Btg,43.861143963779995,370.0,0.0,False,CURVA,2024-01-06,4,1.0
CP-ESSC2024-002,2024-08-22,2024-08-08,2027-01-01,2027-12-31,Regulado,BTGC,BTG,Btg,43.861143963779995,380.0,0.0,False,CURVA,2024-01-06,4,2.0
CP-ESSC2024-002,2024-08-22,2024-08-08,2028-01-01,2028-12-31,Regulado,BTGC,BTG,Btg,44.00452009476,345.0,0.0,False,CURVA,2024-01-06,5,1.0
CP-ESSC2024-002,2024-08-22,2024-08-08,2028-01-01,2028-12-31,Regulado,BTGC,BTG,Btg,44.00452009476,355.0,0.0,False,CURVA,2024-01-06,5,2.0
CP-ESSC2024-002,2024-08-22,2024-08-08,2029-01-01,2029-12-31,Regulado,BTGC,BTG,Btg,43.758900670200006,330.0,100.0,True,CURVA,2024-01-06,6,1.0
CP-ESSC2024-002,2024-08-22,2024-08-08,2029-01-01,2029-12-31,Regulado,BTGC,BTG,Btg,43.758900670200006,340.0,0.0,False,CURVA,2024-01-06,6,2.0
CP-ESSC2024-002,2024-08-22,2024-08-08,2030-01-01,2030-12-31,Regulado,BTGC,BTG,Btg,43.876686662969995,330.0,0.0,False,CURVA,2024-01-06,7,1.0
CP-ESSC2024-002,2024-08-22,2024-08-08,2030-01-01,2030-12-31,Regulado,BTGC,BTG,Btg,43.876686662969995,340.0,0.0,False,CURVA,2024-01-06,7,2.0
CP-ESSC2024-002,2024-08-22,2024-08-08,2026-01-01,2026-12-31,Regulado,EPMG,EPM,Epm,23.96353791639,324.97,94.59999999999998,True,CURVA,2024-01-06,3,1.0
CP-ESSC2024-002,2024-08-22,2024-08-08,2028-01-01,2028-12-31,Regulado,EPMG,EPM,Epm,176.44324482439998,310.08,99.2,True,CURVA,2024-01-06,5,1.0
CP-ESSC2024-002,2024-08-22,2024-08-08,2029-01-01,2029-12-31,Regulado,EPMG,EPM,Epm,168.85787552736,305.8,98.90000000000002,True,CURVA,2024-01-06,6,1.0
CP-ESSC2024-002,2024-08-22,2024-08-08,2030-01-01,2030-12-31,Regulado,EPMG,EPM,Epm,187.67423118867,304.8,99.2,True,CURVA,2024-01-06,7,1.0
CP-ESSC2024-002,2024-08-22,2024-08-08,2029-01-01,2029-12-31,Regulado,EPSG,EPS,Celsia,40.155226497360005,326.67,100.0,True,CURVA,2024-01-06,6,1.0
CP-ESSC2024-002,2024-08-22,2024-08-08,2030-01-01,2030-12-31,Regulado,EPSG,EPS,Celsia,50.14478475768,326.67,22.600000000000005,True,CURVA,2024-01-06,7,1.0
CP-ESSC2024-002,2024-08-22,2024-08-08,2029-01-01,2029-12-31,Regulado,ISGG,ISG,Isagen,102.962119224,304.54,100.0,True,CURVA,2024-01-06,6,1.0
CP-ESSC2024-002,2024-08-22,2024-08-08,2030-01-01,2030-12-31,Regulado,ISGG,ISG,Isagen,92.1779131575,302.27,100.0,True,CURVA,2024-01-06,7,1.0
CP-ESSC2024-002,2024-08-22,2024-08-08,2024-01-08,2024-12-31,Regulado,SFEC,SFE,Santa Fe,1.74,349.9,100.0,True,CURVA,2024-01-06,1,1.0
CP-ESSC2024-002,2024-08-22,2024-08-08,2025-01-01,2025-12-31,Regulado,SPRG,SPR,Esprod,21.302390545439998,359.7692307692308,0.0,False,CURVA,2024-01-06,2,1.0
CP-ESSC2024-002,2024-08-22,2024-08-08,2025-01-01,2025-12-31,Regulado,SPRG,SPR,Esprod,20.06175724896,369.0,0.0,False,CURVA,2024-01-06,2,2.0
CP-ESSC2024-002,2024-08-22,2024-08-08,2025-01-01,2025-12-31,Regulado,SPRG,SPR,Esprod,20.0655738972,374.3500000000001,0.0,False,CURVA,2024-01-06,2,3.0
CP-ESSC2024-002,2024-08-22,2024-08-08,2025-01-01,2038-12-31,Regulado,SPRG,SPR,Esprod,838.80102962467,319.3541666666667,0.0,False,CURVA,2024-01-06,8,1.0
CP-ESSC2024-002,2024-08-22,2024-08-08,2025-01-01,2025-12-31,Regulado,TRMG,TRM,Termotasajero,62.95683039632001,375.3646153846154,0.0,False,CURVA,2024-01-06,2,1.0
CP-ESSC2024-002,2024-08-22,2024-08-08,2025-01-01,2025-12-31,Regulado,TRMG,TRM,Termotasajero,53.07453170488001,379.9800000000001,0.0,False,CURVA,2024-01-06,2,2.0
CP-ESSC2024-002,2024-08-22,2024-08-08,2026-01-01,2026-12-31,Regulado,TRMG,TRM,Termotasajero,58.040128531440004,359.48,31.3,True,CURVA,2024-01-06,3,1.0
CP-ESSC2024-002,2024-08-22,2024-08-08,2026-01-01,2026-12-31,Regulado,TRMG,TRM,Termotasajero,58.040128531440004,363.98,0.0,False,CURVA,2024-01-06,3,2.0
CP-ESSC2024-002,2024-08-22,2024-08-08,2027-01-01,2027-12-31,Regulado,TRMG,TRM,Termotasajero,58.1066437127,329.98,100.0,True,CURVA,2024-01-06,4,1.0
CP-ESSC2024-002,2024-08-22,2024-08-08,2027-01-01,2027-12-31,Regulado,TRMG,TRM,Termotasajero,58.1066437127,333.98,100.0,True,CURVA,2024-01-06,4,2.0
CP-ESSC2024-002,2024-08-22,2024-08-08,2028-01-01,2028-12-31,Regulado,TRMG,TRM,Termotasajero,39.54029341848,319.98,90.7,True,CURVA,2024-01-06,5,1.0
CP-ESSC2024-002,2024-08-22,2024-08-08,2028-01-01,2028-12-31,Regulado,TRMG,TRM,Termotasajero,39.54029341848,324.98,0.0,False,CURVA,2024-01-06,5,2.0
CP-ESSC2024-002,2024-08-22,2024-08-08,2029-01-01,2029-12-31,Regulado,TRMG,TRM,Termotasajero,39.64041590124,319.98,100.0,True,CURVA,2024-01-06,6,1.0
CP-ESSC2024-002,2024-08-22,2024-08-08,2029-01-01,2029-12-31,Regulado,TRMG,TRM,Termotasajero,39.64041590124,324.98,100.0,True,CURVA,2024-01-06,6,2.0
CP-ESSC2024-002,2024-08-22,2024-08-08,2030-01-01,2030-12-31,Regulado,TRMG,TRM,Termotasajero,39.45214683141,310.98,100.0,True,CURVA,2024-01-06,7,1.0
CP-ESSC2024-002,2024-08-22,2024-08-08,2030-01-01,2030-12-31,Regulado,TRMG,TRM,Termotasajero,39.45214683141,316.98,100.0,True,CURVA,2024-01-06,7,2.0
CP-ESSC2024-003,2024-11-20,2024-11-06,2026-01-01,2026-12-31,Regulado,CHVC,CHV,Aes,63.475,370.59,0.0,False,CURVA,2024-08-01,3,1.0
CP-ESSC2024-003,2024-11-20,2024-11-06,2027-01-01,2027-12-31,Regulado,CHVC,CHV,Aes,76.238,352.0,0.0,False,CURVA,2024-08-01,4,1.0
CP-ESSC2024-003,2024-11-20,2024-11-06,2029-01-01,2040-12-31,Regulado,ENDG,END,Enel,1089.083,311.84833333333336,0.0,False,CURVA,2024-08-01,6,1.0
CP-ESSC2024-003,2024-11-20,2024-11-06,2029-01-01,2040-12-31,Regulado,ISGG,ISG,Isagen,405.242,309.93,0.0,False,CURVA,2024-08-01,6,1.0
CP-ESSC2024-003,2024-11-20,2024-11-06,2027-01-01,2027-12-31,Regulado,TRMC,TRM,Termotasajero,25.0,446.0,0.0,False,CURVA,2024-08-01,4,1.0
CP-ESSC2024-003,2024-11-20,2024-11-06,2027-01-01,2027-12-31,Regulado,TRMC,TRM,Termotasajero,25.0,456.0,0.0,False,CURVA,2024-08-01,4,2.0
CP-ESSC2024-003,2024-11-20,2024-11-06,2028-01-01,2028-12-31,Regulado,TRMC,TRM,Termotasajero,25.0,444.0,0.0,False,CURVA,2024-08-01,5,1.0
CP-ESSC2024-003,2024-11-20,2024-11-06,2028-01-01,2028-12-31,Regulado,TRMC,TRM,Termotasajero,25.0,454.0,0.0,False,CURVA,2024-08-01,5,2.0
CP-ESSC2025-001,2025-02-27,2025-02-14,2027-01-01,2027-12-31,Regulado,CHVG,CHV,Aes,67.406,341.92,100.0,True,CURVA,2024-01-12,3,1.0
CP-ESSC2025-001,2025-02-27,2025-02-14,2026-01-01,2040-12-31,Regulado,CNRC,CNR,Coenersa,567.93,328.70344827586206,100.0,True,CURVA,2024-01-12,6,1.0
CP-ESSC2025-001,2025-02-27,2025-02-14,2026-01-01,2026-12-31,Regulado,ENDG,END,Enel,52.096000000000004,375.17,100.0,True,CURVA,2024-01-12,2,1.0
CP-ESSC2025-001,2025-02-27,2025-02-14,2029-01-01,2040-12-31,Regulado,EPMG,EPM,Epm,277.18,320.3508333333333,97.11,True,CURVA,2024-01-12,5,1.0
CP-ESSC2025-001,2025-02-27,2025-02-14,2025-01-01,2025-12-31,Regulado,EPTC,EPT,Eptc,3.16028,450.3999999999999,0.0,False,CURVA,2024-01-12,1,1.0
CP-ESSC2025-001,2025-02-27,2025-02-14,2026-01-01,2026-12-31,Regulado,EPTC,EPT,Eptc,3.106,401.0,66.66666666666667,True,CURVA,2024-01-12,2,1.0
CP-ESSC2025-001,2025-02-27,2025-02-14,2027-01-01,2027-12-31,Regulado,EPTC,EPT,Eptc,6.328,385.0,66.66666666666667,True,CURVA,2024-01-12,3,1.0
CP-ESSC2025-001,2025-02-27,2025-02-14,2026-01-01,2040-12-31,Regulado,EPTC,EPT,Eptc,358.67,323.1448275862069,100.0,True,CURVA,2024-01-12,6,1.0
CP-ESSC2025-001,2025-02-27,2025-02-14,2026-01-01,2040-12-31,Regulado,NTCC,NTC,Nitroenergy,126.84,327.53137931034485,0.0,False,CURVA,2024-01-12,6,1.0
CP-ESSC2025-001,2025-02-27,2025-02-14,2026-01-01,2040-12-31,Regulado,NTCC,NTC,Nitroenergy,380.51,338.9334482758621,0.0,False,CURVA,2024-01-12,6,2.0
CP-ESSC2025-001,2025-02-27,2025-02-14,2026-01-01,2026-12-31,Regulado,SPRG,SPR,Esprod,16.0,389.0,49.875,True,CURVA,2024-01-12,2,1.0
CP-ESSC2025-001,2025-02-27,2025-02-14,2027-01-01,2027-12-31,Regulado,SPRG,SPR,Esprod,26.0,374.5,71.39714285714285,True,CURVA,2024-01-12,3,1.0
CP-ESSC2025-002,2025-07-18,2025-07-07,2026-01-01,2026-12-31,Regulado,ENDG,END,Enel,26.8,372.86,100.0,True,CURVA,2025-04-01,1,1.0
CP-ESSC2025-002,2025-07-18,2025-07-07,2027-01-01,2027-12-31,Regulado,ENDG,END,Enel,60.400000000000006,365.85,0.0,False,CURVA,2025-04-01,2,1.0
CP-ESSC2025-002,2025-07-18,2025-07-07,2028-01-01,2028-12-31,Regulado,ENDG,END,Enel,57.5,347.45,100.0,True,CURVA,2025-04-01,3,1.0
CP-ESSC2025-002,2025-07-18,2025-07-07,2028-01-01,2028-12-31,Regulado,EPMG,EPM,Epm,21.8,372.1499999999999,0.0,False,CURVA,2025-04-01,3,1.0
CP-ESSC2025-002,2025-07-18,2025-07-07,2026-01-01,2026-12-31,Regulado,EPSG,EPS,Celsia,11.3,427.0,0.0,False,CURVA,2025-04-01,1,1.0
CP-ESSC2025-002,2025-07-18,2025-07-07,2026-01-01,2026-12-31,Regulado,EPSG,EPS,Celsia,8.8,400.0,0.0,False,CURVA,2025-04-01,1,2.0
CP-ESSC2025-002,2025-07-18,2025-07-07,2027-01-01,2027-12-31,Regulado,EPSG,EPS,Celsia,38.6,478.5,0.0,False,CURVA,2025-04-01,2,1.0
CP-ESSC2025-002,2025-07-18,2025-07-07,2027-01-01,2027-12-31,Regulado,EPSG,EPS,Celsia,24.8,411.2,0.0,False,CURVA,2025-04-01,2,2.0
CP-ESSC2025-002,2025-07-18,2025-07-07,2028-01-01,2028-12-31,Regulado,EPSG,EPS,Celsia,15.7,431.0,0.0,False,CURVA,2025-04-01,3,1.0
CP-ESSC2025-002,2025-07-18,2025-07-07,2028-01-01,2028-12-31,Regulado,EPSG,EPS,Celsia,22.8,405.3,0.0,False,CURVA,2025-04-01,3,2.0
CP-ESSC2025-002,2025-07-18,2025-07-07,2026-01-01,2026-12-31,Regulado,EPTC,EPT,Eptc,5.0,412.0,0.0,False,CURVA,2025-04-01,1,1.0
CP-ESSC2025-002,2025-07-18,2025-07-07,2028-01-01,2028-12-31,Regulado,EPTC,EPT,Eptc,6.0,380.0,0.0,False,CURVA,2025-04-01,3,1.0
CP-ESSC2025-002,2025-07-18,2025-07-07,2026-01-01,2026-12-31,Regulado,GASC,GAS,Generarco,26.8,385.0,0.0,False,CURVA,2025-04-01,1,1.0
CP-ESSC2025-002,2025-07-18,2025-07-07,2026-01-01,2026-12-31,Regulado,ISGG,ISG,Isagen,33.24,377.65,60.5,True,CURVA,2025-04-01,1,1.0
CP-ESSC2025-002,2025-07-18,2025-07-07,2028-01-01,2028-12-31,Regulado,SPRG,SPR,Esprod,6.0,372.0,0.0,False,CURVA,2025-04-01,3,1.0
CP-ESSC2025-002,2025-07-18,2025-07-07,2026-01-01,2026-12-31,Regulado,TERG,TER,Termotasajero Dos,50.400000000000006,394.89000000000004,0.0,False,CURVA,2025-04-01,1,1.0
CP-ESSC2025-002,2025-07-18,2025-07-07,2026-01-01,2026-12-31,Regulado,TERG,TER,Termotasajero Dos,25.200000000000003,424.89000000000004,0.0,False,CURVA,2025-04-01,1,2.0
CP-ESSC2025-002,2025-07-18,2025-07-07,2027-01-01,2027-12-31,Regulado,TERG,TER,Termotasajero Dos,40.8,429.89000000000004,0.0,False,CURVA,2025-04-01,2,1.0
CP-ESSC2025-002,2025-07-18,2025-07-07,2027-01-01,2027-12-31,Regulado,TERG,TER,Termotasajero Dos,38.400000000000006,444.89000000000004,0.0,False,CURVA,2025-04-01,2,2.0
CP-ESSC2025-002,2025-07-18,2025-07-07,2028-01-01,2028-12-31,Regulado,TERG,TER,Termotasajero Dos,50.400000000000006,421.89000000000004,0.0,False,CURVA,2025-04-01,3,1.0
CP-ESSC2025-002,2025-07-18,2025-07-07,2028-01-01,2028-12-31,Regulado,TERG,TER,Termotasajero Dos,50.400000000000006,431.89000000000004,0.0,False,CURVA,2025-04-01,3,2.0
CP-ESSC2025-003,2025-12-17,2025-12-03,2026-01-01,2028-12-31,Regulado,BEIC,BEI,Beic,12.785,390.8617142857143,31.428571428571427,True,PLANO,2025-10-01,1,1.0
CP-ESSC2025-003,2025-12-17,2025-12-03,2026-01-01,2026-12-31,Regulado,BEIC,BEI,Beic,17.747,394.4,42.72727272727273,True,CURVA,2025-10-01,2,1.0
CP-ESSC2025-003,2025-12-17,2025-12-03,2026-01-01,2026-12-31,Regulado,BIAG,BIA,Biag,14.346,383.25,100.0,True,CURVA,2025-10-01,2,1.0
CP-ESSC2025-003,2025-12-17,2025-12-03,2029-01-01,2030-12-31,Regulado,EDPC,EDP,Edpc,24.0,352.5,100.0,True,PLANO,2025-10-01,6,1.0
CP-ESSC2025-003,2025-12-17,2025-12-03,2029-01-01,2030-12-31,Regulado,EDPC,EDP,Edpc,12.0,362.5,100.0,True,PLANO,2025-10-01,6,2.0
CP-ESSC2025-003,2025-12-17,2025-12-03,2029-01-01,2030-12-31,Regulado,IAEC,IAE,Ia Energía,47.73199999999999,363.895,95.0,True,PLANO,2025-10-01,6,1.0
CP-ESSC2025-003,2025-12-17,2025-12-03,2027-01-01,2027-12-31,Regulado,ISGG,ISG,Isagen,17.903,367.6,100.0,True,CURVA,2025-10-01,3,1.0
CP-ESSC2025-003,2025-12-17,2025-12-03,2026-01-01,2028-12-31,Regulado,RTQC,RTQ,Ruitoque,127.80000000000001,383.6857142857143,96.85714285714286,True,PLANO,2025-10-01,1,1.0
CP-ESSC2025-003,2025-12-17,2025-12-03,2028-01-01,2028-12-31,Regulado,TRMG,TRM,Termotasajero,39.091,425.48,0.0,False,PLANO,2025-10-01,3,1.0
CP-ESSC2025-003,2025-12-17,2025-12-03,2028-01-01,2028-12-31,Regulado,TRMG,TRM,Termotasajero,19.698,416.48,0.0,False,PLANO,2025-10-01,4,1.0
CP-ESVC2023-002,2023-08-01,2023-07-19,2023-01-09,2025-12-31,Regulado,ISGG,ISG,Isagen,7.563412197202159,355.48333333333335,100.0,True,CURVA,2023-01-04,1,1.0
CP-ESVC2025-002,2025-06-20,2025-06-11,2026-01-01,2026-12-31,Regulado,EXIG,EXI,Exig,4.35,425.0,100.0,True,CURVA,2025-04-01,1,1.0
CP-ESVC2025-002,2025-06-20,2025-06-11,2027-01-01,2027-12-31,Regulado,EXIG,EXI,Exig,4.35,415.0,100.0,True,CURVA,2025-04-01,2,1.0
CP-ESVC2025-002,2025-06-20,2025-06-11,2028-01-01,2028-12-31,Regulado,EXIG,EXI,Exig,4.35,400.0,100.0,True,CURVA,2025-04-01,3,1.0
CP-ETTC2025-001,2025-08-25,2025-08-11,2037-11-01,2038-11-24,Regulado,NRCG,NRC,Enerco,525.26,350.0,100.0,True,PLANO,2025-06-01,1,1.0
CP-ETTC2025-001,2025-08-25,2025-08-11,2038-11-25,2040-11-24,Regulado,NRCG,NRC,Enerco,525.26,350.0,100.0,True,PLANO,2025-06-01,2,1.0
CP-ETTC2025-001,2025-08-25,2025-08-11,2039-11-25,2041-11-24,Regulado,NRCG,NRC,Enerco,527.04,350.0,100.0,True,PLANO,2025-06-01,3,1.0
CP-ETTC2025-001,2025-08-25,2025-08-11,2040-11-25,2041-11-24,Regulado,NRCG,NRC,Enerco,525.54,350.0,100.0,True,PLANO,2025-06-01,4,1.0
CP-EVSC2023-001,2023-10-27,2023-10-13,2024-01-01,2026-12-31,Regulado,ISGG,ISG,Isagen,25.457808,337.71,100.0,True,CURVA,2023-01-07,1,1.0
CP-EXEC2022-001,2022-09-30,2022-09-21,2022-01-12,2025-12-31,Regulado,ENDG,END,Enel,336.0,267.39000000000004,100.0,True,PLANO,2022-01-08,1,1.0
CP-EXEC2022-001,2022-09-30,2022-09-21,2026-01-01,2032-12-31,Regulado,ENDG,END,Enel,1008.0,237.74,100.0,True,PLANO,2022-01-08,2,1.0
CP-EXEC2022-001,2022-09-30,2022-09-21,2022-01-12,2025-12-31,Regulado,ISGG,ISG,Isagen,100.8,275.47999999999996,0.0,False,PLANO,2022-01-08,1,1.0
CP-EXEC2022-001,2022-09-30,2022-09-21,2026-01-01,2032-12-31,Regulado,ISGG,ISG,Isagen,1008.0,239.26,0.0,False,PLANO,2022-01-08,2,1.0
CP-EXEC2023-001,2023-03-21,2023-03-09,2023-01-05,2024-12-31,Regulado,SPRG,SPR,Esprod,14.0,310.0,28.571428571428573,True,CURVA,2023-01-02,1,1.0
CP-EXEC2023-004,2023-08-18,2023-08-09,2026-01-01,2033-12-31,Regulado,ISGG,ISG,Isagen,384.0,273.18,0.0,False,PLANO,2023-01-06,4,1.0
CP-EXEC2023-005,2024-01-12,2024-01-02,2024-01-02,2036-12-31,Regulado,SPRG,SPR,Esprod,15.08994,294.5212903225807,0.0,False,PLANO,2023-01-11,1,1.0
CP-EXEC2023-005,2024-01-12,2024-01-02,2024-01-02,2036-12-31,Regulado,VCHC,VCH,Vchc,46.5,337.19354838709677,0.0,False,PLANO,2023-01-11,1,1.0
CP-EXEC2024-001,2024-03-13,2024-03-04,2024-01-08,2034-12-31,Regulado,ZONC,ZON,Zonc,1722.0,313.54552,0.0,False,PLANO,2024-01-02,1,1.0
CP-EXEC2024-003,2024-11-21,2024-11-08,2027-01-01,2027-12-31,Regulado,EPMG,EPM,Epm,72.0,330.0,100.0,True,CURVA,2024-01-09,3,1.0
CP-EXEC2024-003,2024-11-21,2024-11-08,2028-01-01,2028-12-31,Regulado,EPMG,EPM,Epm,72.0,324.0,100.0,True,CURVA,2024-01-09,4,1.0
CP-EXEC2024-003,2024-11-21,2024-11-08,2029-01-01,2029-12-31,Regulado,EPMG,EPM,Epm,72.0,316.0,100.0,True,CURVA,2024-01-09,5,1.0
CP-EXEC2024-003,2024-11-21,2024-11-08,2030-01-01,2030-12-31,Regulado,EPMG,EPM,Epm,72.0,309.0,100.0,True,CURVA,2024-01-09,6,2.0
CP-EXEC2025-001,2025-02-12,2025-01-31,2026-01-01,2036-12-31,Regulado,BTGC,BTG,Btg,368.87,310.0,100.0,True,CURVA,2024-01-11,1,1.0
CP-EXEC2025-001,2025-02-12,2025-01-31,2026-01-01,2036-12-31,Regulado,BTGC,BTG,Btg,368.87,320.0,61.3,True,CURVA,2024-01-11,1,2.0
CP-EXEC2025-001,2025-02-12,2025-01-31,2026-01-01,2036-12-31,Regulado,SOUC,SOU,Soul Energy,164.31,320.09090909090907,100.0,True,CURVA,2024-01-11,1,1.0
CP-EXEC2025-003,2025-05-16,2025-05-06,2026-01-01,2035-12-31,Regulado,BTGC,BTG,Btg,438.00000000200004,318.5,100.0,True,NONE,2025-03-01,1,1.0
CP-EXEC2025-003,2025-05-16,2025-05-06,2026-01-01,2035-12-31,Regulado,BTGC,BTG,Btg,262.79999999800003,329.0,100.0,True,NONE,2025-03-01,1,2.0
CP-EXEC2025-003,2025-05-16,2025-05-06,2026-01-01,2035-12-31,Regulado,CNRC,CNR,Coenersa,205.8,364.997,0.0,False,NONE,2025-03-01,1,1.0
CP-EXEC2025-004,2025-06-12,2025-05-30,2025-09-01,2027-12-31,Regulado,FERG,FER,Furesas,106.75199999200001,380.5285714285714,0.0,False,NONE,2025-04-01,1,1.0
CP-EXEC2025-004,2025-06-12,2025-05-30,2025-09-01,2027-12-31,Regulado,SFEG,SFE,Santa Fe,27.999999998,361.85714285714283,0.0,False,NONE,2025-04-01,1,1.0
CP-EXEC2025-004,2025-06-12,2025-05-30,2025-09-01,2027-12-31,Regulado,SFEG,SFE,Santa Fe,27.999999998,372.42857142857144,0.0,False,NONE,2025-04-01,1,2.0
CP-EXEC2025-004,2025-06-12,2025-05-30,2025-09-01,2027-12-31,Regulado,SFEG,SFE,Santa Fe,27.999999998,380.0,0.0,False,NONE,2025-04-01,1,3.0
CP-FREC2022-002,2022-10-28,2022-10-21,2023-01-01,2032-12-31,No Regulado,NMRC,NMR,Enermás,70.1187784,254.95499999999998,0.0,False,CURVA,2022-01-08,1,1.0
CP-GNCC2022-002,2022-11-10,2022-10-27,2023-01-01,2023-12-31,Regulado,GNCG,GNC,Vatia,50.71,270.0,100.0,True,CURVA,2022-01-08,1,1.0
CP-GNCC2022-002,2022-11-10,2022-10-27,2024-01-01,2024-12-31,Regulado,HIMG,HIM,Gensa,35.5,284.69,0.0,False,CURVA,2022-01-08,2,1.0
CP-GNCC2022-002,2022-11-10,2022-10-27,2025-01-01,2025-12-31,Regulado,HIMG,HIM,Gensa,109.4,278.28,100.0,True,CURVA,2022-01-08,3,1.0
CP-GNCC2022-002,2022-11-10,2022-10-27,2023-01-01,2023-12-31,Regulado,NTCG,NTC,Nitroenergy,277.21,270.45,100.0,True,CURVA,2022-01-08,1,1.0
CP-GNCC2022-002,2022-11-10,2022-10-27,2024-01-01,2024-12-31,Regulado,NTCG,NTC,Nitroenergy,191.2,282.0,100.0,True,CURVA,2022-01-08,2,1.0
CP-GNCC2022-002,2022-11-10,2022-10-27,2025-01-01,2025-12-31,Regulado,NTCG,NTC,Nitroenergy,282.470106,282.55,60.0,True,CURVA,2022-01-08,3,1.0
CP-GNCC2022-003,2023-01-19,2023-01-05,2024-01-01,2024-12-31,Regulado,EXIC,EXI,Enerxia,3.5999999999999996,318.99,0.0,False,CURVA,2022-01-10,2,1.0
CP-GNCC2022-003,2023-01-19,2023-01-05,2025-01-01,2025-12-31,Regulado,EXIC,EXI,Enerxia,3.5999999999999996,293.31,0.0,False,CURVA,2022-01-10,3,1.0
CP-GNCC2022-003,2023-01-19,2023-01-05,2026-01-01,2026-12-31,Regulado,EXIC,EXI,Enerxia,3.5999999999999996,292.32,0.0,False,CURVA,2022-01-10,4,1.0
CP-GNCC2022-003,2023-01-19,2023-01-05,2023-01-01,2023-12-31,Regulado,NTCG,NTC,Nitroenergy,115.0,276.14,100.0,True,CURVA,2022-01-10,1,1.0
CP-GNCC2022-003,2023-01-19,2023-01-05,2024-01-01,2024-12-31,Regulado,NTCG,NTC,Nitroenergy,235.599999,281.9,100.0,True,CURVA,2022-01-10,2,1.0
CP-GNCC2022-003,2023-01-19,2023-01-05,2025-01-01,2025-12-31,Regulado,NTCG,NTC,Nitroenergy,6.8999999999999995,299.96,0.0,False,CURVA,2022-01-10,3,1.0
CP-GNCC2022-003,2023-01-19,2023-01-05,2026-01-01,2026-12-31,Regulado,NTCG,NTC,Nitroenergy,161.42,274.07,0.0,False,CURVA,2022-01-10,4,1.0
CP-GNCC2023-001,2023-04-27,2023-04-14,2023-01-01,2023-12-31,Regulado,CHVG,CHV,Aes,67.99000000000001,320.99,100.0,True,CURVA,2023-01-01,1,1.0
CP-GNCC2023-002,2023-07-19,2023-07-06,2027-01-01,2027-12-31,Regulado,EPMG,EPM,Epm,50.1,274.49,0.0,False,CURVA,2023-01-04,7,1.0
CP-GNCC2023-002,2023-07-19,2023-07-06,2028-01-01,2028-12-31,Regulado,EPMG,EPM,Epm,32.8,270.59,0.0,False,CURVA,2023-01-04,8,1.0
CP-GNCC2023-002,2023-07-19,2023-07-06,2025-01-01,2025-12-31,Regulado,GNCG,GNC,Vatia,53.3,275.58,100.0,True,PLANO,2023-01-04,5,1.0
CP-GNCC2023-002,2023-07-19,2023-07-06,2026-01-01,2026-12-31,Regulado,ISGG,ISG,Isagen,48.9,292.21,0.0,False,PLANO,2023-01-04,6,1.0
CP-GNCC2023-002,2023-07-19,2023-07-06,2027-01-01,2027-12-31,Regulado,ISGG,ISG,Isagen,77.4,286.82,0.0,False,CURVA,2023-01-04,7,1.0
CP-GNCC2023-002,2023-07-19,2023-07-06,2028-01-01,2028-12-31,Regulado,ISGG,ISG,Isagen,96.6,280.45,0.0,False,CURVA,2023-01-04,8,1.0
CP-GNCC2023-004,2023-12-15,2023-12-01,2024-01-02,2034-12-31,Regulado,GNCG,GNC,Vatia,1120.57822044,279.67,100.0,True,CURVA,2023-01-09,1,1.0
CP-GNCC2024-001,2024-08-02,2024-07-22,2025-01-01,2025-12-31,Regulado,DUCC,DUC,Ducc,1.2000000000000002,450.0,0.0,False,CURVA,2024-01-04,1,1.0
CP-GNCC2024-001,2024-08-02,2024-07-22,2025-01-01,2025-12-31,Regulado,GNCG,GNC,Vatia,91.6,310.0,100.0,True,CURVA,2024-01-04,1,1.0
CP-GNCC2024-001,2024-08-02,2024-07-22,2026-01-01,2026-12-31,Regulado,GNCG,GNC,Vatia,159.3,313.0,100.0,True,CURVA,2024-01-04,2,1.0
CP-GNCC2024-001,2024-08-02,2024-07-22,2025-01-01,2025-12-31,Regulado,NTCG,NTC,Nitroenergy,366.0341267161021,321.44,85.0,True,CURVA,2024-01-04,1,1.0
CP-GNCC2024-001,2024-08-02,2024-07-22,2026-01-01,2026-12-31,Regulado,NTCG,NTC,Nitroenergy,218.322402346689,320.0,27.0,True,CURVA,2024-01-04,2,1.0
CP-GNCC2024-001,2024-08-02,2024-07-22,2027-01-01,2027-12-31,Regulado,NTCG,NTC,Nitroenergy,401.44858298505994,301.13,100.0,True,CURVA,2024-01-04,3,1.0
CP-GNCC2024-001,2024-08-02,2024-07-22,2028-01-01,2028-12-31,Regulado,NTCG,NTC,Nitroenergy,248.36248356678595,304.14,100.0,True,CURVA,2024-01-04,4,1.0
CP-GNCC2024-001,2024-08-02,2024-07-22,2025-01-01,2025-12-31,Regulado,VCHC,VCH,Vchc,2.3000000000000003,460.0,0.0,False,CURVA,2024-01-04,1,1.0
CP-GNCC2024-002,2024-12-26,2024-12-12,2025-01-01,2025-12-31,Regulado,NTCG,NTC,Nitroenergy,98.077676,340.0,100.0,True,CURVA,2024-10-01,1,1.0
CP-GNCC2025-001,2025-03-14,2025-03-03,2025-01-01,2035-12-31,Regulado,GNCG,GNC,Vatia,395.09,309.4625,100.0,True,CURVA,2024-01-12,1,1.0
CP-GNCC2025-002,2025-10-10,2025-09-29,2026-01-01,2026-12-31,Regulado,BTGC,BTG,Btg,54.9,389.0,0.0,False,CURVA,2025-07-01,1,1.0
CP-GNCC2025-002,2025-10-10,2025-09-29,2026-01-01,2026-12-31,Regulado,BTGC,BTG,Btg,54.9,392.0,0.0,False,CURVA,2025-07-01,1,2.0
CP-GNCC2025-002,2025-10-10,2025-09-29,2026-01-01,2026-12-31,Regulado,BTGC,BTG,Btg,54.9,397.0,0.0,False,CURVA,2025-07-01,1,3.0
CP-GNCC2025-002,2025-10-10,2025-09-29,2026-01-01,2026-12-31,Regulado,BTGC,BTG,Btg,54.9,402.0,0.0,False,CURVA,2025-07-01,1,4.0
CP-GNCC2025-002,2025-10-10,2025-09-29,2026-01-01,2026-12-31,Regulado,NMRG,NMR,Nmrg,462.5,330.0,100.0,True,CURVA,2025-07-01,1,1.0
CP-GNCC2025-002,2025-10-10,2025-09-29,2027-01-01,2027-12-31,Regulado,NMRG,NMR,Nmrg,136.4,344.0,100.0,True,CURVA,2025-07-01,2,1.0
CP-GNCC2025-002,2025-10-10,2025-09-29,2028-01-01,2028-12-31,Regulado,NMRG,NMR,Nmrg,206.3,360.0,0.0,False,CURVA,2025-07-01,3,1.0
CP-GNCC2025-002,2025-10-10,2025-09-29,2029-01-01,2029-12-31,Regulado,NMRG,NMR,Nmrg,364.5,346.0,0.0,False,CURVA,2025-07-01,4,1.0
CP-GNCC2025-002,2025-10-10,2025-09-29,2030-01-01,2030-12-31,Regulado,NMRG,NMR,Nmrg,216.1,333.0,0.0,False,CURVA,2025-07-01,5,1.0
CP-GNCC2025-003,2025-11-19,2025-11-05,2026-01-01,2035-12-31,Regulado,EPTC,EPT,Eptc,134.8,338.0,0.0,False,CURVA,2024-12-01,1,1.0
CP-GNCC2025-003,2025-11-19,2025-11-05,2026-01-01,2035-12-31,Regulado,LMEC,LME,Lúmina,122.30000000000001,360.2,0.0,False,CURVA,2024-12-01,1,1.0
CP-GNCC2025-003,2025-11-19,2025-11-05,2026-01-01,2035-12-31,Regulado,NTCG,NTC,Nitroenergy,471.50000000000006,394.96,0.0,False,CURVA,2024-12-01,1,1.0
CP-GNCC2025-003,2025-11-19,2025-11-05,2026-01-01,2035-12-31,Regulado,SCEC,SCE,Sol & Cielo,72.0,345.0,0.0,False,CURVA,2024-12-01,1,1.0
CP-GNCC2025-004,2026-01-05,2025-12-19,2026-02-14,2027-12-31,Regulado,EPTC,EPT,Eptc,217.82,421.95652173913044,0.0,False,CURVA,2025-10-01,1,1.0
CP-GNCC2025-004,2026-01-05,2025-12-19,2026-02-14,2027-12-31,Regulado,NTCG,NTC,Nitroenergy,292.26,360.09913043478264,100.0,True,CURVA,2025-10-01,1,1.0
CP-GNCC2026-001,2026-02-12,2026-01-30,2026-04-01,2036-12-31,Regulado,BTGC,BTG,Btg,230.3,329.95348837209303,0.0,False,CURVA,2025-12-01,1,1.0
CP-GNCC2026-001,2026-02-12,2026-01-30,2026-04-01,2036-12-31,Regulado,BTGC,BTG,Btg,230.3,337.95348837209303,0.0,False,CURVA,2025-12-01,1,2.0
CP-GNCC2026-001,2026-02-12,2026-01-30,2026-04-01,2036-12-31,Regulado,EPTC,EPT,Eptc,213.0,337.64395348837206,0.0,False,CURVA,2025-12-01,1,1.0
CP-GNCC2026-001,2026-02-12,2026-01-30,2026-04-01,2036-12-31,Regulado,GNCG,GNC,Vatia,427.3,325.83558139534887,91.67441860465117,True,CURVA,2025-12-01,1,1.0
CP-GNCC2026-001,2026-02-12,2026-01-30,2026-04-01,2036-12-31,Regulado,LMEC,LME,Lúmina,381.3,349.3116279069767,0.0,False,CURVA,2025-12-01,1,1.0
CP-GNCC2026-001,2026-02-12,2026-01-30,2026-04-01,2036-12-31,Regulado,MERC,MER,Merc,184.9,375.0,0.0,False,CURVA,2025-12-01,1,1.0
CP-GNCC2026-001,2026-02-12,2026-01-30,2026-04-01,2036-12-31,Regulado,SPRG,SPR,Esprod,237.4,352.5,0.0,False,CURVA,2025-12-01,1,1.0
CP-GNCC2026-001,2026-02-12,2026-01-30,2026-04-01,2036-12-31,Regulado,UNGC,UNG,Unergy,303.9,340.3255813953488,0.0,False,CURVA,2025-12-01,1,1.0
CP-HLAC2022-002,2022-12-23,2022-12-12,2025-01-01,2032-12-31,Regulado,EPMG,EPM,Epm,573.9462399996,250.81375,37.5,True,PLANA,2022-01-08,3,1.0
CP-HLAC2022-002,2022-12-23,2022-12-12,2025-01-01,2032-12-31,Regulado,ISGG,ISG,Isagen,495.4562400036,244.155,87.5,True,PLANA,2022-01-08,3,1.0
CP-HLAC2023-001,2023-03-23,2023-03-09,2023-01-01,2037-12-31,Regulado,CMXC,CMX,Cemex Energy,47.08,397.7142857142857,0.0,False,PLANO,2022-01-12,1,1.0
CP-HLAC2023-001,2023-03-23,2023-03-09,2023-01-01,2037-12-31,Regulado,CNRC,CNR,Coenersa,824.1261,290.07272727272726,69.51515151515152,True,PLANO,2022-01-12,1,1.0
CP-HLAC2023-001,2023-03-23,2023-03-09,2025-01-01,2037-12-31,Regulado,ISGG,ISG,Isagen,489.19335,252.792,100.0,True,CURVA,2022-01-12,3,1.0
CP-HLAC2023-001,2023-03-23,2023-03-09,2025-01-01,2037-12-31,Regulado,NESC,NES,Nova Energy,215.73,257.15384615384613,92.3076923076923,True,CURVA,2022-01-12,3,1.0
CP-HLAC2023-001,2023-03-23,2023-03-09,2023-01-01,2037-12-31,Regulado,NMRC,NMR,Enermás,971.1428,331.9658181818182,0.0,False,PLANO,2022-01-12,1,1.0
CP-HLAC2023-001,2023-03-23,2023-03-09,2025-01-01,2037-12-31,Regulado,NTCG,NTC,Nitroenergy,558.491,279.8769230769231,0.0,False,CURVA,2022-01-12,3,1.0
CP-HLAC2023-001,2023-03-23,2023-03-09,2023-01-01,2037-12-31,Regulado,SPRG,SPR,Esprod,490.3113,261.96000000000004,25.272727272727273,True,PLANO,2022-01-12,1,1.0
CP-HLAC2023-001,2023-03-23,2023-03-09,2023-01-01,2024-12-31,Regulado,SPRG,SPR,Esprod,68.6622,384.3999999999999,100.0,True,CURVA,2022-01-12,2,1.0
CP-HLAC2023-001,2023-03-23,2023-03-09,2025-01-01,2037-12-31,Regulado,SPRG,SPR,Esprod,337.46650999999997,270.90000000000003,91.66666666666667,True,CURVA,2022-01-12,3,1.0
CP-HLAC2023-002,2023-07-28,2023-07-14,2023-01-08,2024-12-31,Regulado,EMUG,EMU,Urrá,5.8912835607658245,310.0,100.0,True,PLANO,2023-01-04,1,1.0
CP-HLAC2023-004,2024-02-21,2024-02-08,2024-01-01,2025-12-31,Regulado,CHVG,CHV,Aes,25.93,370.0,100.0,True,CURVA,2023-01-11,2,1.0
CP-HLAC2023-004,2024-02-21,2024-02-08,2024-01-01,2025-12-31,Regulado,CHVG,CHV,Aes,25.93,380.0,100.0,True,CURVA,2023-01-11,2,2.0
CP-HLAC2023-004,2024-02-21,2024-02-08,2024-01-01,2024-12-31,Regulado,EPTC,EPT,Eptc,5.515738324045315,455.0,100.0,True,PLANO,2023-01-11,1,1.0
CP-HLAC2023-004,2024-02-21,2024-02-08,2024-01-01,2024-12-31,Regulado,GASC,GAS,Generarco,6.7208000000000006,449.0,100.0,True,PLANO,2023-01-11,1,1.0
CP-HLAC2023-004,2024-02-21,2024-02-08,2024-01-01,2024-12-31,Regulado,SPRG,SPR,Esprod,9.75,429.49,100.0,True,PLANO,2023-01-11,1,1.0
CP-HLAC2023-004,2024-02-21,2024-02-08,2024-01-01,2024-12-31,Regulado,SPRG,SPR,Esprod,14.25,459.49000000000007,0.0,False,PLANO,2023-01-11,1,2.0
CP-HLAC2023-004,2024-02-21,2024-02-08,2024-01-01,2024-12-31,Regulado,TRMG,TRM,Termotasajero,13.44,379.0,100.0,True,PLANO,2023-01-11,1,1.0
CP-HLAC2023-004,2024-02-21,2024-02-08,2024-01-01,2024-12-31,Regulado,VCHC,VCH,Vchc,12.59,439.0,100.0,True,PLANO,2023-01-11,1,1.0
CP-HLAC2024-001,2024-08-13,2024-07-30,2026-01-01,2036-12-31,Regulado,EPMG,EPM,Epm,363.7266003576,302.6066666666667,0.0,False,PLANO,2024-01-04,2,1.0
CP-HLAC2024-001,2024-08-13,2024-07-30,2025-01-01,2036-12-31,Regulado,EPTC,EPT,Eptc,196.078983064,302.8,0.0,False,PLANO,2024-01-04,1,1.0
CP-HLAC2024-001,2024-08-13,2024-07-30,2026-01-01,2036-12-31,Regulado,EPTC,EPT,Eptc,149.043772668,365.0,0.0,False,PLANO,2024-01-04,2,1.0
CP-HLAC2024-001,2024-08-13,2024-07-30,2026-01-01,2036-12-31,Regulado,GASC,GAS,Generarco,81.69487247999999,305.0,0.0,False,PLANO,2024-01-04,2,1.0
CP-HLAC2024-002,2024-12-26,2024-12-12,2025-01-01,2040-12-31,Regulado,NTCG,NTC,Nitroenergy,1768.656256,356.94240837696333,0.0,False,CURVA,2024-01-08,1,1.0
CP-HLAC2024-002,2024-12-26,2024-12-12,2025-01-01,2040-12-31,Regulado,TERG,TER,Termotasajero Dos,27.0761633829,437.0,0.0,False,CURVA,2024-01-08,3,1.0
CP-HLAC2024-002,2024-12-26,2024-12-12,2025-01-01,2040-12-31,Regulado,TERG,TER,Termotasajero Dos,27.0761633829,443.75,0.0,False,CURVA,2024-01-08,3,2.0
CP-HLAC2025-002,2025-11-04,2025-10-21,2026-01-01,2040-12-31,Regulado,BIAG,BIA,Biag,37.056,379.0,0.0,False,CURVA,2025-08-01,2,1.0
CP-HLAC2025-002,2025-11-04,2025-10-21,2026-01-01,2040-12-31,Regulado,BTGC,BTG,Btg,336.0,381.2142857142857,0.0,False,PLANO,2025-08-01,1,1.0
CP-HLAC2025-002,2025-11-04,2025-10-21,2026-01-01,2040-12-31,Regulado,BTGC,BTG,Btg,62.692,396.5,0.0,False,CURVA,2025-08-01,2,1.0
CP-HLAC2025-002,2025-11-04,2025-10-21,2026-01-01,2040-12-31,Regulado,EPTC,EPT,Eptc,158.4,355.0,0.0,False,PLANO,2025-08-01,1,1.0
CP-HLAC2025-002,2025-11-04,2025-10-21,2026-01-01,2040-12-31,Regulado,GECC,GEC,Gecelca,210.432,342.6666666666667,0.0,False,CURVA,2025-08-01,2,1.0
CP-HLAC2025-002,2025-11-04,2025-10-21,2026-01-01,2040-12-31,Regulado,NESC,NES,Nova Energy,336.0,348.2142857142857,53.92857142857143,True,PLANO,2025-08-01,1,1.0
CP-HLAC2025-002,2025-11-04,2025-10-21,2026-01-01,2040-12-31,Regulado,NTCG,NTC,Nitroenergy,336.0,380.56857142857143,0.0,False,PLANO,2025-08-01,1,1.0
CP-HLAC2025-002,2025-11-04,2025-10-21,2026-01-01,2040-12-31,Regulado,NTCG,NTC,Nitroenergy,651.852587,417.1333333333333,0.0,False,CURVA,2025-08-01,2,1.0
CP-HLAC2025-002,2025-11-04,2025-10-21,2026-01-01,2040-12-31,Regulado,SFEG,SFE,Santa Fe,154.8,338.57142857142856,100.0,True,PLANO,2025-08-01,1,1.0
CP-HLAC2025-002,2025-11-04,2025-10-21,2026-01-01,2040-12-31,Regulado,TERG,TER,Termotasajero Dos,24.996,388.5,0.0,False,CURVA,2025-08-01,2,1.0
CP-HLAC2025-002,2025-11-04,2025-10-21,2026-01-01,2040-12-31,Regulado,TERG,TER,Termotasajero Dos,24.996,398.5,0.0,False,CURVA,2025-08-01,2,2.0
CP-ITLC2022-001,2023-02-10,2023-01-30,2023-01-01,2034-12-31,Regulado,NMRC,NMR,Enermás,5.392156,269.94,100.0,True,PLANO,2022-01-12,1,1.0
CP-NEUC2022-009,2022-12-21,2022-12-07,2023-01-01,2037-12-31,Regulado,NMRC,NMR,Enermás,547.900000044,246.47,0.0,False,PLANO,2022-01-10,3,1.0
CP-NEUC2022-009,2022-12-21,2022-12-07,2023-01-01,2037-12-31,Regulado,NMRC,NMR,Enermás,547.900000044,249.83999999999997,0.0,False,PLANO,2022-01-10,3,2.0
CP-NEUC2022-009,2022-12-21,2022-12-07,2023-01-01,2037-12-31,Regulado,NMRC,NMR,Enermás,547.900000044,259.88,0.0,False,PLANO,2022-01-10,3,3.0
CP-NEUC2022-009,2022-12-21,2022-12-07,2023-01-01,2037-12-31,Regulado,NMRC,NMR,Enermás,547.900000044,269.07,0.0,False,PLANO,2022-01-10,3,4.0
CP-NEUC2022-009,2022-12-21,2022-12-07,2023-01-01,2027-12-31,Regulado,TGEG,TGE,Tgeg,175.296,313.72,0.0,False,PLANO,2022-01-10,2,1.0
CP-NEUC2023-001,2023-04-21,2023-04-10,2023-05-01,2023-12-31,Regulado,CMXC,CMX,Cemex Energy,6.33192,362.5,0.0,False,PLANO,2022-01-02,1,1.0
CP-NEUC2023-001,2023-04-21,2023-04-10,2023-05-01,2023-12-31,Regulado,NMRC,NMR,Enermás,5.208,349.13,0.0,False,PLANO,2022-01-02,1,1.0
CP-NEUC2023-001,2023-04-21,2023-04-10,2023-05-01,2023-12-31,Regulado,SFEG,SFE,Santa Fe,8.8325832,354.75,100.0,True,PLANO,2022-01-02,1,1.0
CP-NEUC2023-001,2023-04-21,2023-04-10,2023-05-01,2023-12-31,Regulado,SPRG,SPR,Esprod,3.0437904,327.69,100.0,True,PLANO,2022-01-02,1,1.0
CP-NEUC2023-006,2023-12-06,2023-11-23,2024-01-01,2030-12-31,Regulado,ERRG,ERR,Erco,270.0,269.92,100.0,True,CURVA,2023-01-09,1,1.0
CP-NEUC2023-006,2023-12-06,2023-11-23,2024-01-01,2030-12-31,Regulado,VCHC,VCH,Vchc,204.0,334.85,0.0,False,CURVA,2023-01-09,1,1.0
CP-NEUC2024-001,2024-03-06,2024-02-22,2025-01-01,2025-12-31,Regulado,EPMG,EPM,Epm,84.0,374.49,0.0,False,PLANO,2023-01-12,2,1.0
CP-NEUC2024-001,2024-03-06,2024-02-22,2026-01-01,2040-12-31,Regulado,EPMG,EPM,Epm,420.0,305.572,0.0,False,PLANO,2023-01-12,3,1.0
CP-NEUC2024-001,2024-03-06,2024-02-22,2026-01-01,2040-12-31,Regulado,ISGG,ISG,Isagen,336.0,292.58714285714285,0.0,False,PLANO,2023-01-12,3,1.0
CP-NEUC2024-001,2024-03-06,2024-02-22,2026-01-01,2040-12-31,Regulado,RTAC,RTA,Spectrum,156.0,294.0,0.0,False,PLANO,2023-01-12,3,1.0
CP-NEUC2024-002,2024-04-15,2024-04-02,2025-01-01,2025-12-31,Regulado,EPMG,EPM,Epm,60.0,345.0,0.0,False,PLANO,2024-01-02,2,1.0
CP-NEUC2024-002,2024-04-15,2024-04-02,2026-01-01,2040-12-31,Regulado,EPMG,EPM,Epm,840.0,300.45,100.0,True,PLANO,2024-01-02,3,1.0
CP-NEUC2024-002,2024-04-15,2024-04-02,2026-01-01,2040-12-31,Regulado,RTAC,RTA,Spectrum,72.0,298.87,0.0,False,PLANO,2024-01-02,3,1.0
CP-NEUC2024-002,2024-04-15,2024-04-02,2026-01-01,2040-12-31,Regulado,ZONC,ZON,Zonc,180.0,328.48,0.0,False,PLANO,2024-01-02,3,1.0
CP-NEUC2024-003,2024-05-24,2024-05-10,2024-01-07,2024-12-31,Mixto,NMRG,NMR,Nmrg,16.32,334.0,0.0,False,PLANO,2024-01-03,1,1.0
CP-NEUC2024-003,2024-05-24,2024-05-10,2025-01-01,2040-12-31,Mixto,NMRG,NMR,Nmrg,1337.000000004,295.625,100.0,True,CURVA,2024-01-03,3,1.0
CP-NEUC2024-003,2024-05-24,2024-05-10,2024-01-07,2024-12-31,Mixto,VCHC,VCH,Vchc,5.0,339.95,0.0,False,PLANO,2024-01-03,1,1.0
CP-NEUC2024-003,2024-05-24,2024-05-10,2025-01-01,2040-12-31,Mixto,VCHC,VCH,Vchc,235.2,299.605,0.0,False,CURVA,2024-01-03,3,1.0
CP-NEUC2024-005,2024-12-09,2024-11-27,2025-01-01,2026-12-31,Regulado,FERG,FER,Furesas,230.2,346.08875000000006,100.0,True,CURVA,2024-01-10,1,1.0
CP-NEUC2024-005,2024-12-09,2024-11-27,2025-01-01,2026-12-31,Regulado,MERC,MER,Merc,129.81,349.6666666666667,100.0,True,CURVA,2024-01-10,1,1.0
CP-NEUC2024-006,2025-01-22,2025-01-09,2027-01-01,2027-12-31,Regulado,VCHG,VCH,Vchg,23.54688,360.1508333333333,100.0,True,CURVA,2024-01-11,1,1.0
CP-NEUC2024-006,2025-01-22,2025-01-09,2028-01-01,2028-12-31,Regulado,VCHG,VCH,Vchg,23.611392000000002,350.01666666666665,100.0,True,CURVA,2024-01-11,2,1.0
CP-NEUC2024-006,2025-01-22,2025-01-09,2029-01-01,2029-12-31,Regulado,VCHG,VCH,Vchg,23.54688,350.075,0.0,False,CURVA,2024-01-11,3,1.0
CP-NEUC2024-006,2025-01-22,2025-01-09,2030-01-01,2030-12-31,Regulado,VCHG,VCH,Vchg,23.54688,340.1666666666667,0.0,False,CURVA,2024-01-11,4,1.0
CP-NEUC2024-006,2025-01-22,2025-01-09,2031-01-01,2031-12-31,Regulado,VCHG,VCH,Vchg,23.54688,340.1666666666667,0.0,False,CURVA,2024-01-11,5,1.0
CP-NEUC2025-001,2025-03-26,2025-03-13,2028-01-01,2028-12-31,Regulado,AESC,AES,Aesp,30.52646554,372.0,0.0,False,CURVA,2025-01-01,2,1.0
CP-NEUC2025-001,2025-03-26,2025-03-13,2027-01-01,2041-12-31,Regulado,BTGC,BTG,Btg,1801.3,352.0,0.0,False,CURVA,2025-01-01,6,1.0
CP-NEUC2025-001,2025-03-26,2025-03-13,2027-01-01,2041-12-31,Regulado,BTGC,BTG,Btg,1801.3,356.2,0.0,False,CURVA,2025-01-01,6,2.0
CP-NEUC2025-001,2025-03-26,2025-03-13,2027-01-01,2041-12-31,Regulado,BTGC,BTG,Btg,1801.3,373.3333333333333,0.0,False,CURVA,2025-01-01,6,3.0
CP-NEUC2025-001,2025-03-26,2025-03-13,2027-01-01,2041-12-31,Regulado,DUCC,DUC,Ducc,54.8,342.186,0.0,False,CURVA,2025-01-01,6,1.0
CP-NEUC2025-002,2025-03-20,2025-03-07,2025-01-01,2026-12-31,Regulado,DUCC,DUC,Ducc,29.26004008,440.74571428571426,0.0,False,CURVA,2025-01-01,1,1.0
CP-NEUC2025-002,2025-03-20,2025-03-07,2025-01-01,2026-12-31,Regulado,EGRG,EGR,Egrg,84.89,334.3809523809524,100.0,True,CURVA,2025-01-01,1,1.0
CP-NEUC2025-003,2025-04-14,2025-04-02,2025-01-01,2026-12-31,Regulado,ERRG,ERR,Erco,18.82,339.38461538461536,100.0,True,CURVA,2025-01-02,1,1.0
CP-NMRC2022-002,2022-10-21,2022-10-07,2024-01-01,2024-12-31,Regulado,HIMG,HIM,Gensa,13.243402,284.69,0.0,False,PLANO,2022-01-08,2,1.0
CP-QIEC2024-001,2024-03-20,2024-03-12,2025-01-01,2026-12-31,Regulado,DEPC,DEP,Depi,21.999999996,399.5,0.0,False,PLANO,2024-01-01,2,1.0
CP-QIEC2024-001,2024-03-20,2024-03-12,2024-01-04,2032-12-31,Regulado,ELIC,ELI,Elic,548.6166666666667,306.58,100.0,True,CURVA,2024-01-01,1,1.0
CP-QIEC2024-001,2024-03-20,2024-03-12,2024-01-04,2032-12-31,Regulado,FERG,FER,Furesas,525.8666666666667,308.9,100.0,True,CURVA,2024-01-01,1,1.0
CP-QIEC2024-001,2024-03-20,2024-03-12,2025-01-01,2026-12-31,Regulado,FERG,FER,Furesas,52.56,362.5,100.0,True,PLANO,2024-01-01,2,1.0
CP-QIEC2024-001,2024-03-20,2024-03-12,2024-01-04,2032-12-31,Regulado,RTAC,RTA,Spectrum,156.0,312.0,0.0,False,CURVA,2024-01-01,1,1.0
CP-QIEC2024-001,2024-03-20,2024-03-12,2025-01-01,2026-12-31,Regulado,TPLC,TPL,Terpel Energía,52.56,350.0,100.0,True,PLANO,2024-01-01,2,1.0
CP-RTQC2022-003,2022-11-03,2022-10-24,2023-01-01,2027-12-31,Regulado,EPMG,EPM,Epm,43.800000000000004,248.18999999999997,0.0,False,PLANO,2022-01-06,1,1.0
CP-RTQC2022-003,2022-11-03,2022-10-24,2023-01-01,2027-12-31,Regulado,EPMG,EPM,Epm,50.24909948,250.95000000000002,100.0,True,CURVA,2022-01-06,2,1.0
CP-RTQC2022-003,2022-11-03,2022-10-24,2023-01-01,2027-12-31,Regulado,HIMG,HIM,Gensa,92.052,259.09,100.0,True,PLANO,2022-01-06,1,1.0
CP-RTQC2022-003,2022-11-03,2022-10-24,2023-01-01,2027-12-31,Regulado,HIMG,HIM,Gensa,91.827302677,284.775,100.0,True,CURVA,2022-01-06,2,1.0
CP-RTQC2022-003,2022-11-03,2022-10-24,2023-01-01,2027-12-31,Regulado,NESC,NES,Nova Energy,92.052,281.95,0.0,False,PLANO,2022-01-06,1,1.0
CP-RTQC2022-003,2022-11-03,2022-10-24,2023-01-01,2027-12-31,Regulado,NMRC,NMR,Enermás,65.7,269.56,0.0,False,PLANO,2022-01-06,1,1.0
CP-RTQC2022-004,2023-01-28,2023-01-17,2023-01-03,2024-12-31,Regulado,NESC,NES,Nova Energy,6.0,310.0,100.0,True,PLANO,2022-01-12,1,1.0
CP-RTQC2023-001,2023-04-21,2023-04-10,2023-01-01,2034-12-31,Regulado,NMRC,NMR,Enermás,41.8584,349.13,100.0,True,PLANO,2023-01-02,3,1.0
CP-RTQC2023-004,2023-12-30,2023-12-18,2024-01-02,2027-12-31,Regulado,ZONC,ZON,Zonc,67.10525,347.17333333333335,0.0,False,CURVA,2023-01-11,2,1.0
CP-RTQC2023-004,2023-12-30,2023-12-18,2024-01-02,2027-12-31,Regulado,ZONC,ZON,Zonc,67.10525,350.67333333333335,0.0,False,CURVA,2023-01-11,2,2.0
CP-RTQC2023-005,2024-03-01,2024-02-19,2024-01-04,2027-12-31,Regulado,SOCG,SOC,Sochagota,48.965115000000004,327.5,50.0,True,PLANO,2023-01-12,1,1.0
CP-RTQC2024-001,2024-05-02,2024-04-19,2024-01-06,2028-12-31,Regulado,SOCG,SOC,Sochagota,52.56,320.0,0.0,False,PLANO,2024-01-04,1,1.0
CP-RTQC2024-001,2024-05-02,2024-04-19,2024-01-06,2028-12-31,Regulado,TMRG,TMR,Termoeléctrica El Morro 2,138.186,332.5,50.0,True,PLANO,2024-01-04,1,1.0
CP-RTQC2024-001,2024-05-02,2024-04-19,2025-01-01,2028-12-31,Regulado,TMRG,TMR,Termoeléctrica El Morro 2,74.73,356.56666666666666,0.0,False,CURVA,2024-01-04,2,1.0
CP-RTQC2024-002,2024-06-18,2024-06-04,2024-01-08,2028-12-31,Regulado,EGTC,EGT,Energéticos,341.34000000000003,368.9622641509434,0.0,False,PLANO,2024-01-05,1,1.0
CP-RTQC2024-002,2024-06-18,2024-06-04,2024-01-08,2028-12-31,Regulado,ISGG,ISG,Isagen,18.36,344.1,0.0,False,PLANO,2024-01-05,1,1.0
CP-RTQC2024-002,2024-06-18,2024-06-04,2024-01-08,2028-12-31,Regulado,NESC,NES,Nova Energy,9.672,317.6698113207547,90.56603773584905,True,PLANO,2024-01-05,1,1.0
CP-RTQC2024-002,2024-06-18,2024-06-04,2024-01-08,2028-12-31,Regulado,NTCG,NTC,Nitroenergy,341.34000000000003,350.13509433962264,9.433962264150944,True,PLANO,2024-01-05,1,1.0
CP-RTQC2024-002,2024-06-18,2024-06-04,2024-01-08,2028-12-31,Regulado,VCHC,VCH,Vchc,2.902,347.6679245283019,0.0,False,PLANO,2024-01-05,1,1.0
CP-RTQC2024-002,2024-06-18,2024-06-04,2024-01-08,2028-12-31,Regulado,VCHC,VCH,Vchc,55.20000000000001,352.9811320754717,0.0,False,PLANO,2024-01-05,1,2.0
CP-RTQC2024-006,2025-01-22,2025-01-09,2025-01-01,2025-12-31,Regulado,NTCG,NTC,Nitroenergy,11.25,415.0,100.0,True,CURVA,2024-01-10,1,1.0
CP-RTQC2024-006,2025-01-22,2025-01-09,2025-01-01,2025-12-31,Regulado,NTCG,NTC,Nitroenergy,17.621718,460.0,100.0,True,CURVA,2024-01-10,2,1.0
CP-RTQC2024-006,2025-01-22,2025-01-09,2025-01-01,2025-12-31,Regulado,SFEG,SFE,Santa Fe,24.04,430.0,0.0,False,CURVA,2024-01-10,1,1.0
CP-RTQC2025-003,2025-08-28,2025-08-14,2026-01-01,2026-12-31,Regulado,BTGC,BTG,Btg,8.84,379.9,19.0,True,PLANO,2025-01-01,1,1.0
CP-RTQC2025-003,2025-08-28,2025-08-14,2026-01-01,2026-12-31,Regulado,BTGC,BTG,Btg,7.380000000000001,385.0,0.0,False,PLANO,2025-01-01,1,2.0
CP-RTQC2025-003,2025-08-28,2025-08-14,2026-01-01,2026-12-31,Regulado,CEOG,CEO,Ceog,8.0,369.4,0.0,False,PLANO,2025-01-01,1,1.0
CP-RTQC2025-003,2025-08-28,2025-08-14,2026-01-01,2026-12-31,Regulado,DUCG,DUC,Ducg,2.9,412.0,100.0,True,PLANO,2025-01-01,1,1.0
CP-RTQC2025-003,2025-08-28,2025-08-14,2027-01-01,2027-12-31,Regulado,DUCG,DUC,Ducg,1.26,400.0,0.0,False,PLANO,2025-01-01,2,1.0
CP-RTQC2025-003,2025-08-28,2025-08-14,2028-01-01,2028-12-31,Regulado,DUCG,DUC,Ducg,2.14,390.0,0.0,False,PLANO,2025-01-01,3,1.0
CP-RTQC2025-003,2025-08-28,2025-08-14,2029-01-01,2029-12-31,Regulado,DUCG,DUC,Ducg,3.6500000000000004,370.0,0.0,False,PLANO,2025-01-01,4,1.0
CP-RTQC2025-003,2025-08-28,2025-08-14,2030-01-01,2030-12-31,Regulado,DUCG,DUC,Ducg,3.75,360.0,0.0,False,PLANO,2025-01-01,5,1.0
CP-RTQC2025-003,2025-08-28,2025-08-14,2027-01-01,2027-12-31,Regulado,EPMG,EPM,Epm,3.7,373.8,100.0,True,PLANO,2025-01-01,2,1.0
CP-RTQC2025-003,2025-08-28,2025-08-14,2028-01-01,2028-12-31,Regulado,EPMG,EPM,Epm,15.56,371.99,0.0,False,PLANO,2025-01-01,3,1.0
CP-RTQC2025-003,2025-08-28,2025-08-14,2026-01-01,2026-12-31,Regulado,EPTC,EPT,Eptc,8.7,410.0,100.0,True,PLANO,2025-01-01,1,1.0
CP-RTQC2025-003,2025-08-28,2025-08-14,2027-01-01,2027-12-31,Regulado,EPTC,EPT,Eptc,3.8200000000000003,405.0,0.0,False,PLANO,2025-01-01,2,1.0
CP-RTQC2025-003,2025-08-28,2025-08-14,2028-01-01,2028-12-31,Regulado,EPTC,EPT,Eptc,5.93,380.0,0.0,False,PLANO,2025-01-01,3,1.0
CP-RTQC2025-003,2025-08-28,2025-08-14,2029-01-01,2029-12-31,Regulado,EPTC,EPT,Eptc,10.1,365.0,0.0,False,PLANO,2025-01-01,4,1.0
CP-RTQC2025-003,2025-08-28,2025-08-14,2030-01-01,2030-12-31,Regulado,EPTC,EPT,Eptc,10.28,350.0,0.0,False,PLANO,2025-01-01,5,1.0
CP-RTQC2025-003,2025-08-28,2025-08-14,2026-01-01,2026-12-31,Regulado,SPRG,SPR,Esprod,18.62,378.0,100.0,True,PLANO,2025-01-01,1,1.0
CP-RTQC2025-005,2026-01-07,2025-12-24,2026-01-01,2026-06-30,Regulado,RTQG,RTQ,Rtqg,18.005,409.0,100.0,True,CURVA,2025-11-01,1,1.0
CP-SCEC2023-001,2023-05-10,2023-04-26,2023-01-01,2023-12-31,Regulado,SFEC,SFE,Santa Fe,3.55483870967742,390.0,0.0,False,PLANO,2022-01-02,1,1.0
CP-SCEC2025-002,2025-04-29,2025-04-23,2025-01-05,2025-06-30,Regulado,NEUC,NEU,Erco,1.249,315.0,0.0,False,PLANO,2025-01-01,1,1.0
CP-SCEC2025-007,2026-01-05,2025-12-26,2026-02-01,2026-07-31,Regulado,EYCG,EYC,Eycg,5.582,393.3333333333333,100.0,True,CURVA,2025-11-01,1,1.0
CP-SOEC2025-002,2025-05-19,2025-05-14,2025-07-01,2035-12-31,No Regulado,CNRC,CNR,Coenersa,5060.260612,334.5,0.0,False,CURVA,2025-04-01,1,1.0
CP-TENC2022-002,2022-11-04,2022-10-26,2025-01-01,2033-12-31,Regulado,EPSG,EPS,Celsia,59.7584,253.59999999999997,0.0,False,PLANO,2022-01-08,3,1.0
CP-TENC2022-002,2022-11-04,2022-10-26,2024-01-01,2024-12-31,Regulado,IAEC,IAE,Ia Energía,8.792784,294.04,0.0,False,PLANO,2022-01-08,2,1.0
CP-TENC2022-002,2022-11-04,2022-10-26,2025-01-01,2033-12-31,Regulado,IAEC,IAE,Ia Energía,56.025999999999996,279.795,0.0,False,PLANO,2022-01-08,3,1.0
CP-TENC2022-002,2022-11-04,2022-10-26,2025-01-01,2033-12-31,Regulado,SPRG,SPR,Esprod,67.2212,289.0,0.0,False,PLANO,2022-01-08,3,1.0
CP-TENC2022-003,2022-12-30,2022-12-20,2025-01-01,2033-12-31,Regulado,EPMC,EPM,Epm,67.2228,255.18111111111114,66.66666666666667,True,PLANO,2022-01-10,3,1.0
CP-TENC2022-003,2022-12-30,2022-12-20,2025-01-01,2033-12-31,Regulado,EPSG,EPS,Celsia,59.75928,258.38571428571424,0.0,False,PLANO,2022-01-10,3,1.0
CP-TENC2022-003,2022-12-30,2022-12-20,2024-01-01,2024-12-31,Regulado,IAEC,IAE,Ia Energía,8.783999999999999,298.0,0.0,False,PLANO,2022-01-10,2,1.0
CP-TENC2022-003,2022-12-30,2022-12-20,2025-01-01,2033-12-31,Regulado,NTCG,NTC,Nitroenergy,63.49104,263.33375,0.0,False,PLANO,2022-01-10,3,1.0
CP-TENC2022-003,2022-12-30,2022-12-20,2024-01-01,2024-12-31,Regulado,RTQC,RTQ,Ruitoque,17.567999999999998,288.96,100.0,True,PLANO,2022-01-10,2,1.0
CP-TENC2022-003,2022-12-30,2022-12-20,2025-01-01,2033-12-31,Regulado,RTQC,RTQ,Ruitoque,67.2228,269.9288888888889,11.11111111111111,True,PLANO,2022-01-10,3,1.0
CP-TPLC2023-001,2023-03-29,2023-03-15,2023-01-01,2023-12-31,Regulado,NESC,NES,Nova Energy,3.467987,322.77,100.0,True,CURVA,2022-01-12,1,1.0
CP-TPLC2023-001,2023-03-29,2023-03-15,2024-01-01,2024-12-31,Regulado,NESC,NES,Nova Energy,6.8976869999999995,322.77,100.0,True,CURVA,2022-01-12,2,1.0
CP-TPLC2023-001,2023-03-29,2023-03-15,2025-01-01,2025-12-31,Regulado,NESC,NES,Nova Energy,5.683734,314.2,100.0,True,CURVA,2022-01-12,3,1.0
CP-TPLC2023-002,2023-07-07,2023-06-26,2023-01-08,2023-12-31,Regulado,NESC,NES,Nova Energy,0.7461150196193231,391.25,100.0,True,CURVA,2023-01-03,1,1.0
CP-TPLC2023-002,2023-07-07,2023-06-26,2024-01-01,2033-12-31,Regulado,NESC,NES,Nova Energy,0.15001693231067542,391.25,100.0,True,CURVA,2023-01-03,2,1.0
CP-VESC2022-001,2023-01-06,2022-12-26,2023-01-02,2027-12-31,No Regulado,IAEC,IAE,Ia Energía,31.752000000000002,295.3333333333333,0.0,False,PLANO,2022-01-12,1,1.0
CPESSC2026001,2026-04-14,2026-03-30,2031-01-01,2040-12-31,Regulado,EPMG,EPM,Epm,475.74,323.32899999999995,100.0,True,CURVA,2026-01-01,7,1.0
CPESSC2026001,2026-04-14,2026-03-30,2030-01-01,2030-12-31,Regulado,EPSG,EPS,Celsia,44.40100000000001,370.5,0.0,False,CURVA,2026-01-01,6,1.0
CPESSC2026001,2026-04-14,2026-03-30,2030-01-01,2030-12-31,Regulado,EPSG,EPS,Celsia,44.40100000000001,378.5,0.0,False,CURVA,2026-01-01,6,2.0
CPESSC2026001,2026-04-14,2026-03-30,2030-01-01,2030-12-31,Regulado,EPSG,EPS,Celsia,44.40100000000001,388.5,0.0,False,CURVA,2026-01-01,6,3.0
CPESSC2026001,2026-04-14,2026-03-30,2031-01-01,2040-12-31,Regulado,EPSG,EPS,Celsia,598.461,355.0,0.0,False,CURVA,2026-01-01,7,1.0
CPESSC2026001,2026-04-14,2026-03-30,2031-01-01,2040-12-31,Regulado,EPSG,EPS,Celsia,598.461,360.0,0.0,False,CURVA,2026-01-01,7,2.0
CPESSC2026001,2026-04-14,2026-03-30,2031-01-01,2040-12-31,Regulado,EPSG,EPS,Celsia,598.461,365.0,0.0,False,CURVA,2026-01-01,7,3.0
CPESSC2026001,2026-04-14,2026-03-30,2027-01-01,2028-12-31,Regulado,IAEC,IAE,Ia Energía,27.144,405.3999999999999,0.0,False,CURVA,2026-01-01,1,1.0
CPESSC2026001,2026-04-14,2026-03-30,2031-01-01,2040-12-31,Regulado,IAEC,IAE,Ia Energía,63.43674,347.039,0.0,False,CURVA,2026-01-01,7,1.0
CPESSC2026001,2026-04-14,2026-03-30,2027-01-01,2028-12-31,Regulado,SPRG,SPR,Esprod,50.400000000000006,404.0,0.0,False,CURVA,2026-01-01,1,1.0
CPESSC2026001,2026-04-14,2026-03-30,2027-01-01,2028-12-31,Regulado,TERG,TER,Termotasajero Dos,90.0,437.3999999999999,0.0,False,CURVA,2026-01-01,1,1.0
CPESSC2026001,2026-04-14,2026-03-30,2029-01-01,2030-12-31,Regulado,TERG,TER,Termotasajero Dos,80.0,412.3999999999999,0.0,False,CURVA,2026-01-01,2,1.0
